Timestamp,AccX,AccY,AccZ,AngularVelX,AngularVelY,AngularVelZ
13317,-0.095648,0.411286,9.90435,-0.63,-1.47,1.4
13323,0.186514,0.569106,9.65567,-0.07,-3.22,1.82
13329,0.196078,0.382592,10.0143,-0.42,-3.15,1.82
13335,0.071736,0.655189,9.97609,-0.56,-2.52,-0.98
13341,-0.10043,0.47824,9.67958,0.7,-3.01,0.42
13347,0.21999,0.420851,9.68914,0.28,-4.69,-0.91
13353,0.0095648,0.669536,9.71305,0.63,-1.61,2.03
13359,0.105213,0.306074,9.86131,-0.42,-1.4,1.05
13365,0.301291,0.473458,9.82783,-0.14,-1.68,2.17
13371,-0.13869,0.463893,9.60784,-0.56,-2.17,0.21
13377,-0.0908656,0.45911,9.78479,0.42,-1.82,2.31
13383,0.315638,0.540411,9.58393,0.35,-3.43,0.07
13389,0.23912,0.473458,9.60784,-1.12,-0.7,0.91
13395,0.0573888,0.669536,9.89957,0,-1.68,0.91
13401,0.0669536,0.468675,9.73218,-0.35,-2.38,1.05
13407,0.387374,0.483022,9.68436,-0.98,-1.61,1.61
13413,0.105213,0.320421,9.81349,-1.61,-0.28,0.77
13419,0.124342,0.45911,9.79436,-0.98,-1.68,0.35
13425,-0.0669536,0.306074,9.75131,0.42,-2.73,1.47
13431,0.129125,0.277379,9.66523,-0.42,-1.19,1.68
13437,0.344333,0.439981,9.73697,0.56,-0.84,2.17
13443,0.301291,0.406504,9.8087,0,-1.61,1.4
13449,0.172166,0.248685,9.59349,1.19,-5.46,-2.38
13455,0.0621712,0.282162,9.7274,0.49,-3.08,1.89
13461,0.267814,0.492587,9.74175,0.49,-2.03,1.54
13467,0.13869,0.583453,9.87087,0.42,-2.52,1.96
13473,-0.0860832,0.602582,9.73697,0.49,-2.59,0.63
13479,0.0286944,0.516499,9.89479,0.63,-1.96,1.4
13485,-0.0908656,0.473458,9.9187,-0.91,-2.52,-0.28
13491,0.310856,0.45911,9.62697,-0.98,-2.59,0.63
13497,0.263032,0.368245,9.73218,-0.7,-1.89,1.47
13503,0.33955,0.229555,9.82783,-0.77,-1.61,1.82
13509,0.25825,0.430416,9.66523,-0.7,-2.31,1.12
13515,0.0908656,0.492587,9.58393,-0.77,-2.38,0.98
13521,0.13869,0.368245,9.77523,-0.77,-1.33,2.59
13527,0.0908656,0.291726,9.7274,-1.33,-0.84,0.7
13533,-0.0143472,0.449546,9.64132,-0.35,-3.15,1.12
13539,0.157819,0.607365,9.65567,-0.84,-2.94,-1.19
13545,-0.0047824,0.306074,9.76088,0.7,-2.1,1.4
13551,0.0526064,0.530846,9.81827,0.14,-0.91,2.31
13557,0.13869,0.731707,9.59828,0.14,-3.08,0.91
13563,-0.0669536,0.535629,9.76566,-0.42,-2.17,0.7
13569,0.114778,0.483022,9.73697,-0.07,-2.31,0.84
13575,0.329986,0.425634,10.0239,-0.42,-2.03,-0.14
13581,0.0095648,0.5978,9.63175,1.4,-1.19,1.54
13587,0.0430416,0.411286,9.55045,0.84,-1.4,1.26
13593,0.167384,0.483022,9.96652,0.7,-1.82,2.45
13599,-0.047824,0.373027,9.73697,-0.42,-3.5,-0.56
13605,-0.105213,0.420851,9.68436,0.35,-2.31,1.12
13611,0.0286944,0.483022,9.57915,0.42,-2.31,0.7
13617,0.13869,0.282162,9.73697,0.21,-1.75,1.89
13623,0.200861,0.200861,9.90913,-0.42,0.28,1.54
13629,0.282162,0.37781,9.73697,-0.42,-2.66,-0.21
13635,0.176949,0.406504,10,-0.98,-1.75,-1.05
13641,0.21999,0.612147,9.78957,0.42,0.07,2.59
13647,0.248685,0.286944,9.84696,-0.77,-0.7,1.4
13653,0.129125,0.468675,9.56002,-0.56,-1.33,0.49
13659,0,0.435198,9.85653,-0.21,-3.36,-1.12
13665,0.105213,0.439981,9.8087,0.63,-2.17,1.33
13671,0.210426,0.306074,9.82305,0.56,-2.45,1.54
13677,-0.0143472,0.664754,9.52176,0.7,-2.03,1.68
13683,-0.0526064,0.315638,9.7561,-0.63,-2.24,0.77
13689,0.157819,0.224773,9.73697,-0.35,-1.4,0.56
13695,-0.0669536,0.650406,9.61741,0.14,-1.82,2.03
13701,0.0382592,0.5978,9.47394,0,0.28,2.31
13707,0.105213,0.411286,9.90913,0.7,-0.7,2.31
13713,0.0908656,0.530846,9.80392,0.91,-0.21,0.91
13719,0.023912,0.655189,9.85653,0.07,-3.01,1.4
13725,0.167384,0.463893,10.0191,-0.56,-3.22,-0.07
13731,0.0382592,0.483022,9.90435,0.14,-3.08,0.98
13737,0.0430416,0.186514,9.62219,0.35,-2.73,1.26
13743,0.196078,0.645624,9.57437,1.12,-2.52,1.12
13749,0.0430416,0.463893,9.95696,0.49,0.7,2.87
13755,-0.114778,0.554758,9.68914,1.33,-1.33,-0.42
13761,0.0860832,0.286944,9.62697,0.84,-1.19,1.4
13767,0.210426,0.449546,9.69392,1.68,-0.77,1.82
13773,0.186514,0.35868,9.79436,1.61,-1.05,1.68
13779,0.176949,0.243902,9.86609,1.19,-1.19,0.49
13785,0.157819,0.602582,9.72262,1.4,-2.45,0.14
13791,0.0095648,0.25825,9.60306,1.19,-1.61,1.4
13797,0.071736,0.636059,9.72262,0.77,-0.98,1.19
13803,0.0526064,0.301291,9.78957,1.26,-2.87,0.28
13809,0.229555,0.430416,9.87087,-0.35,-2.31,1.75
13815,0.282162,0.530846,9.91392,-1.54,-1.26,2.52
13821,0.0573888,0.669536,9.65088,-1.33,-2.87,-0.28
13827,0.210426,0.392157,9.61741,-1.19,-1.75,1.05
13833,0.071736,0.310856,9.71305,0,-1.05,1.61
13839,0.172166,0.420851,9.87566,0.07,-1.75,1.33
13845,-0.0191296,0.593018,9.87566,0.49,-1.68,1.61
13851,0.310856,0.511717,9.86131,0.28,-2.1,1.89
13857,-0.095648,0.621712,10.0096,0.28,-1.33,0.63
13863,0.0526064,0.301291,9.77044,0.49,-1.4,-0.84
13869,0.153037,0.679101,9.73218,0.21,-3.85,-0.21
13875,0.0908656,0.425634,9.78957,1.19,-3.5,1.4
13881,0.0813008,0.655189,9.63175,0.49,-3.08,-0.14
13887,0.267814,0.688666,9.7561,0.7,-1.96,1.33
13893,0.0191296,0.454328,9.8087,-0.07,0.21,1.75
13899,0.153037,0.435198,9.89,0.42,-1.26,-0.42
13905,-0.0908656,0.320421,9.63175,0.21,-2.59,0.21
13911,0.124342,0.401722,9.73218,1.26,-0.77,1.75
13917,-0.0334768,0.282162,9.68436,1.05,-0.91,1.19
13923,0.205643,0.511717,9.81827,1.33,-1.61,0.84
13929,0.253467,0.291726,9.57915,1.96,-1.96,-1.26
13935,-0.114778,0.444763,9.83261,1.68,-0.98,2.1
13941,0.143472,0.487805,9.70349,0.77,-1.26,0.42
13947,0.0813008,0.310856,9.63175,0.56,-1.4,1.19
13953,0.11956,0.301291,9.70349,-0.56,-1.61,-1.75
13959,0.310856,0.683883,9.84218,-0.42,-2.17,0.56
13965,0.13869,0.392157,9.89,-0.35,-3.22,0.14
13971,0.148254,0.454328,9.77523,-0.63,-3.64,0.7
13977,0.0526064,0.473458,9.49785,-0.49,-2.31,0.91
13983,0.071736,0.243902,9.74175,-0.28,-2.03,2.1
13989,0.162602,0.296509,9.70349,0.14,-2.87,0.42
13995,0.0860832,0.573888,9.8087,0.63,-4.9,-1.4
14001,-0.0908656,0.554758,9.63175,0.77,-3.71,1.68
14007,0.296509,0.353898,9.70827,-0.91,-2.38,2.45
14013,-0.124342,0.382592,9.59828,0.28,-3.08,1.4
14019,-0.047824,0.621712,9.98087,-1.47,-2.66,-0.63
14025,-0.0765184,0.564323,9.93305,-1.05,-2.59,0.49
14031,0.172166,0.363462,9.70827,-0.7,-1.19,1.54
14037,0.186514,0.607365,9.85174,-0.14,-0.49,2.8
14043,0.25825,0.645624,9.61741,-1.82,-1.33,0.14
14049,0.296509,0.167384,9.68436,-0.14,-1.54,0.91
14055,0.243902,0.588235,9.77523,-0.77,-3.43,-0.28
14061,0.291726,0.645624,9.64132,0.7,-2.45,1.12
14067,0.267814,0.296509,9.76566,0.14,-2.24,1.19
14073,0.234338,0.655189,9.52654,0.49,-0.49,2.66
14079,0.301291,0.449546,9.73218,-0.21,-1.75,-0.49
14085,0.176949,0.463893,9.70349,0.7,-1.54,1.05
14091,0.25825,0.334768,9.66045,0.21,-1.75,0.91
14097,-0.0047824,0.310856,9.81827,0.35,-1.19,2.52
14103,0.0621712,0.549976,9.89,-0.21,-1.12,0.28
14109,0.215208,0.463893,9.94261,0.98,-3.5,-0.14
14115,-0.124342,0.282162,9.77044,0.14,-3.64,-2.38
14121,0.0526064,0.291726,9.79436,0.49,-1.12,2.8
14127,-0.071736,0.492587,9.91392,-1.33,-1.12,1.26
14133,0.186514,0.344333,9.72262,-1.4,-0.63,1.26
14139,0.382592,0.506934,9.50741,-0.84,-3.15,-0.07
14145,-0.109995,0.37781,9.77523,-0.35,-2.66,0.84
14151,0.0095648,0.535629,9.87087,-0.07,-2.03,0.91
14157,0.0908656,0.325203,9.65567,0.98,-0.91,1.47
14163,0.11956,0.645624,9.89,0.21,-1.19,1.33
14169,0.129125,0.540411,9.71784,0.14,-1.26,0.14
14175,0.109995,0.463893,9.65567,0.49,-1.4,1.05
14181,0.234338,0.387374,9.72262,0,-0.42,2.03
14187,-0.0669536,0.602582,9.67958,1.05,-2.03,1.26
14193,0,0.411286,9.62219,1.89,-4.97,-0.42
14199,0.25825,0.483022,9.91392,0.35,-2.73,0.49
14205,0.320421,0.650406,9.84696,0.91,-3.01,1.96
14211,0.124342,0.626494,9.78957,-1.68,-3.01,0
14217,0.243902,0.521282,9.81349,-0.77,-3.36,1.26
14223,0.325203,0.545194,9.85174,-0.98,-2.87,0.42
14229,0.210426,0.535629,9.92348,-0.84,-2.03,1.82
14235,0.0765184,0.387374,9.7274,-0.42,-2.31,1.12
14241,0.320421,0.33955,9.61741,-0.63,0.35,2.31
14247,0.105213,0.61693,9.73218,-0.07,0.14,1.12
14253,0.272597,0.650406,9.74653,-0.35,-0.63,0.98
14259,-0.0813008,0.502152,10.0143,-1.12,-2.38,-0.14
14265,0.320421,0.329986,9.6748,0,-2.87,-0.07
14271,0.0191296,0.291726,10.0287,0.07,-2.03,0.49
14277,0.10043,0.593018,9.70827,-0.63,-1.89,1.54
14283,0.344333,0.21999,9.74175,-0.07,-2.87,0.63
14289,0.0095648,0.329986,9.68436,-0.28,-0.77,1.75
14295,0.205643,0.23912,9.6461,-0.63,-0.14,1.19
14301,-0.0430416,0.454328,9.77523,0.07,-1.4,0.84
14307,0.181731,0.564323,9.89957,1.47,-1.05,1.47
14313,0.329986,0.35868,9.60306,1.89,-0.98,1.75
14319,0.11956,0.554758,9.89479,1.4,-1.19,1.05
14325,0.114778,0.430416,9.94739,0.98,-0.35,1.26
14331,0.148254,0.61693,9.59349,1.82,-0.77,0
14337,0.0669536,0.392157,9.76566,1.82,-0.77,1.68
14343,0.0047824,0.406504,9.78001,2.52,-2.45,0.21
14349,0.071736,0.559541,9.6461,2.45,-2.73,0.7
14355,0.210426,0.45911,9.92826,1.68,-2.87,0.07
14361,0.234338,0.229555,9.52176,1.47,-1.82,0.49
14367,0.0908656,0.636059,9.96652,1.96,-0.07,2.03
14373,0.210426,0.392157,9.60784,0.7,0.7,2.03
14379,-0.047824,0.47824,9.95696,1.47,0.14,1.12
14385,0.0765184,0.229555,9.71784,0.35,-3.22,0.21
14391,-0.0573888,0.253467,9.68914,5.11,-0.7,0.7
14397,-0.13869,0.769966,9.67958,4.83,0.91,3.01
14403,0.167384,0.310856,9.77044,2.1,0.77,1.54
14409,0.0621712,0.396939,9.70827,2.38,-1.47,0.07
14415,0.0095648,0.344333,9.76566,3.15,-0.07,0.07
14421,0.186514,0.349115,9.87566,3.71,-0.77,-0.77
14427,-0.0047824,0.416069,9.7561,1.68,-0.14,-0.42
14433,-0.181731,0.387374,9.68436,0,-1.82,0.35
14439,0.0095648,0.229555,9.78957,0.56,-2.03,1.68
14445,0.0621712,0.583453,9.71305,-2.66,-3.29,0.42
14451,-0.109995,0.746054,9.75131,-1.33,-2.1,1.05
14457,-0.0047824,0.483022,9.88522,-2.94,-1.68,0.14
14463,0.0765184,0.200861,9.66045,-2.52,-2.38,-0.56
14469,-0.0860832,0.683883,9.70349,-3.08,-4.2,-0.84
14475,0.176949,0.363462,9.71784,-1.68,-3.29,-1.19
14481,-0.023912,0.607365,9.75131,-0.49,-3.5,1.12
14487,0.0621712,0.683883,9.80392,-1.05,-3.22,0.28
14493,-0.0095648,0.564323,9.66045,-0.42,-1.68,2.73
14499,-0.095648,0.401722,9.9187,-1.19,-2.24,1.26
14505,0.0047824,0.492587,9.85653,-0.35,-3.92,-0.42
14511,0.186514,0.344333,9.84218,-1.12,-1.96,0.49
14517,0.181731,0.516499,9.79914,-0.7,-0.98,2.45
14523,0.0382592,0.631277,9.63175,-0.35,-1.19,1.89
14529,0.047824,0.449546,9.74175,-0.35,0.14,1.33
14535,-0.124342,0.373027,9.72262,-1.05,-2.17,1.75
14541,0.0573888,0.516499,9.74175,-1.26,-3.22,-0.07
14547,0.071736,0.392157,9.89,-0.07,-2.8,1.26
14553,0.215208,0.530846,9.82305,0.21,-2.59,0.21
14559,-0.176949,0.253467,9.61262,0.56,-2.59,0.7
14565,0.0526064,0.363462,10.0335,-0.07,-2.03,0.42
14571,0.157819,0.37781,9.77523,0.84,-2.73,1.26
14577,-0.0286944,0.430416,9.61262,-0.14,-2.31,1.82
14583,0.310856,0.320421,9.8374,0.49,-1.96,1.26
14589,-0.11956,0.344333,9.70349,1.12,-1.47,2.24
14595,-0.109995,0.47824,9.62219,1.12,-3.5,1.12
14601,0.109995,0.200861,9.59349,-0.07,-1.12,1.26
14607,0.0286944,0.583453,9.77044,-0.21,-1.47,0.35
14613,0.248685,0.411286,9.8087,-0.42,-1.75,-0.35
14619,0.320421,0.502152,9.74175,0.77,-2.17,0.49
14625,-0.143472,0.636059,9.65567,0.63,-2.87,0.42
14631,0.296509,0.315638,9.76566,0.07,-3.71,-0.42
14637,0.0908656,0.47824,9.56958,-1.12,-1.82,0.56
14643,-0.0382592,0.449546,9.73218,-1.33,-2.24,1.4
14649,0.10043,0.549976,9.6461,-2.17,-2.1,0.91
14655,-0.023912,0.5978,9.85174,-1.26,-3.29,-0.14
14661,0.0286944,0.659971,9.90435,-0.77,-7.7,-0.35
14667,0.334768,0.162602,10.0909,-0.14,-4.55,2.52
14673,-0.176949,0.765184,9.96174,0,-4.83,1.05
14679,-0.966045,-0.655189,10.0909,1.82,3.01,0.35
14685,0.5978,0.593018,9.83261,1.26,-1.05,-0.07
14691,0.430416,0.669536,9.7274,-1.05,-5.88,0.42
14697,-0.10043,0.35868,9.38785,-0.21,-5.74,0.98
14703,-0.0621712,0.234338,9.71784,-4.06,-5.6,0.91
14709,0.511717,0.731707,9.57915,-4.2,-6.72,1.12
14715,0.172166,0.191296,9.4548,-6.37,-4.27,0.42
14721,-0.10043,0.621712,9.77044,-2.8,-5.39,-0.56
14727,0.659971,1.09039,9.72262,-7.63,-6.79,2.52
14733,0.11956,-0.282162,9.78001,-7,-5.18,1.19
14739,0.095648,0.277379,9.51219,-5.88,-7.14,0.14
14745,-0.0191296,-0.191296,9.85653,-6.86,-10.15,-0.42
14751,0.502152,0.411286,10.0239,-0.49,-3.85,1.26
14757,0.186514,0.612147,9.81827,3.15,-2.17,1.68
14763,0.368245,-0.0573888,10.4304,4.27,0.49,1.47
14769,0.176949,0.5978,9.4022,2.17,1.61,1.33
14775,0.263032,0.291726,9.66523,-1.47,-2.17,-0.42
14781,0.291726,0.373027,9.7561,-6.44,-2.8,1.82
14787,0.353898,0.602582,9.69871,-6.86,-3.15,1.26
14793,0.205643,0.301291,9.80392,-8.47,-4.34,-0.28
14799,0.191296,0.23912,9.71784,-7.21,-1.26,1.89
14805,0.33955,0.176949,9.85174,-6.44,3.15,1.12
14811,0.813008,0.765184,9.88522,-5.25,1.05,0.35
14817,0.10043,0.37781,9.70349,-5.18,1.19,-0.07
14823,0.0382592,0.334768,9.51698,-5.46,-2.59,-0.21
14829,0.306074,0.129125,9.98087,-3.64,-6.93,-0.28
14835,0.186514,0.334768,9.94739,-3.36,-6.44,2.31
14841,0.83692,-0.306074,9.05787,3.64,-3.71,0.35
14847,0.334768,0.832138,9.89957,-0.07,-2.38,1.89
14853,-0.0047824,0.693448,9.34003,0.21,-0.98,0.42
14859,0.210426,0.296509,10.1052,-1.96,-3.08,1.75
14865,-0.272597,0.483022,10.0574,0.98,-1.61,0.77
14871,0.277379,-0.612147,10.3395,2.52,1.05,0.91
14877,0.277379,0,9.71784,5.46,3.01,0.49
14883,0.176949,-0.162602,9.71784,7.84,2.66,1.61
14889,-0.129125,0.349115,10.0239,7.98,2.38,0.14
14895,0.272597,0.521282,9.72262,6.72,2.31,3.22
14901,-0.0047824,0.353898,9.4835,5.88,2.31,-0.63
14907,-0.071736,0.636059,9.51219,5.95,-1.26,0.35
14913,0.549976,0.21999,9.70827,4.41,0.28,1.26
14919,-0.0573888,0.69823,9.69392,2.73,0.7,2.1
14925,-0.0382592,0.784314,9.56002,2.24,-0.35,1.68
14931,-0.095648,0.813008,9.43568,2.17,0.77,0.77
14937,0.0621712,0.454328,10.1387,3.22,-0.56,0.7
14943,0.392157,0.435198,9.93305,2.66,-5.32,0.14
14949,-0.329986,-0.416069,9.8374,0.98,-3.78,-0.21
14955,-0.0526064,0.444763,9.78957,4.06,-2.52,1.89
14961,0.153037,0.549976,9.68914,3.15,-1.4,-0.35
14967,0.449546,0.640842,9.70349,3.99,-0.7,0.56
14973,-0.353898,0.114778,9.52176,2.52,-0.42,-0.28
14979,0.13869,0.631277,9.7274,1.19,-0.91,1.82
14985,-0.229555,0.0430416,9.95696,4.06,-1.33,2.45
14991,0.353898,0.329986,9.61262,7.56,-2.1,3.01
14997,0.21999,0.889526,9.88522,3.36,1.4,3.15
15003,0.047824,0.631277,9.84696,0.28,-0.56,1.12
15009,0.320421,1.16212,9.59349,5.88,1.26,0
15015,-0.23912,0.200861,9.78479,2.38,-0.91,0
15021,-0.0813008,0.449546,9.91392,6.02,-0.14,1.12
15027,0.13869,0.583453,9.93783,6.65,0,2.66
15033,0.181731,0.267814,9.81349,7.07,-1.4,2.24
15039,-0.047824,0.411286,10.2487,4.48,0.63,0.84
15045,-0.129125,0.33955,9.77044,5.32,1.61,0.63
15051,0.621712,0.506934,10.0574,9.66,5.18,1.75
15057,-0.0573888,0.506934,9.55045,17.29,7.28,1.68
15063,0.114778,0.669536,9.76088,16.38,7.56,4.34
15069,-0.306074,0.827355,9.76566,8.68,4.62,1.47
15075,0.167384,0.449546,9.73697,-0.91,-2.73,-1.54
15081,0.329986,0.693448,9.81349,-8.75,-2.03,0.98
15087,0.291726,0.85605,9.99522,-7.35,-1.75,-0.21
15093,-0.0047824,0.703013,9.87566,-14.21,0,-0.7
15099,0.583453,0.81779,9.41176,-22.05,-2.31,-10.92
15105,0.229555,0.535629,9.36394,-40.6,1.26,-25.27
15111,0.784314,0.655189,9.52654,-40.81,1.75,-24.01
15117,-0.186514,0.301291,9.58393,-28.42,-6.37,-10.43
15123,-0.373027,-0.21999,9.41176,-15.05,-20.44,1.26
15129,0.282162,0.310856,9.55523,-9.66,-25.97,3.36
15135,-0.0191296,0.109995,9.7274,-4.27,-25.76,3.5
15141,0.162602,0.669536,8.39789,-5.32,-15.82,4.41
15147,0.722142,-0.10043,9.68436,5.81,-15.12,13.93
15153,0.439981,0.416069,10.4735,18.97,1.75,17.5
15159,0.73649,-0.0573888,9.71305,24.36,0.28,18.2
15165,-0.0047824,2.7977,7.06361,-8.96,-5.67,17.29
15171,-0.607365,0.167384,10.3252,-41.37,-11.13,15.61
15177,-0.607365,0.37781,10.923,-14.91,-32.55,15.47
15183,0.444763,0.0143472,10.2439,-31.57,-40.81,18.34
15189,0.746054,0.167384,9.81827,-42,-13.86,7
15195,-0.0573888,-0.071736,10.7413,-48.3,2.66,-0.14
15201,0.506934,0.25825,10.2248,-30.24,-0.77,-1.75
15207,0.224773,0.224773,10.1817,-26.95,4.97,2.73
15213,-0.0813008,-0.0286944,9.98087,-34.51,12.25,2.17
15219,0.0908656,0.25825,9.53132,-47.67,8.61,-1.19
15225,0.263032,0.487805,9.89957,-65.87,1.47,-4.2
15231,0.286944,0.243902,10.1626,-87.64,-1.89,-5.81
15237,-0.109995,-0.109995,9.99043,-101.5,-1.33,-8.61
15243,0.109995,-0.368245,10.0048,-104.3,-12.39,-8.19
15249,0.0860832,-0.45911,9.65567,-96.95,-23.45,-7.7
15255,0.215208,-0.769966,9.64132,-82.46,-34.65,-7.63
15261,0.148254,-1.01387,9.6461,-62.3,-44.52,-4.83
15267,0.439981,-0.61693,10.0574,-40.88,-49.14,-2.94
15273,0.229555,-0.803443,10.1769,-32.76,-55.3,-5.32
15279,0.487805,-0.726925,10.0574,-29.75,-57.33,-4.69
15285,0.506934,-0.765184,9.89,-26.39,-56.28,-3.22
15291,0.286944,-0.755619,9.6461,-19.67,-54.11,-3.15
15297,0.530846,-0.741272,9.94261,-9.38,-49.28,-2.87
15303,1.02822,-0.61693,9.68436,0.42,-44.24,-2.94
15309,0.994739,-1.49211,10.8178,10.64,-30.03,-1.89
15315,0.942133,-1.05691,10.3587,17.71,-18.2,-0.91
15321,1.04256,-0.49737,9.99043,19.88,-11.76,0.14
15327,0.722142,-0.176949,9.84218,15.4,-6.02,-1.89
15333,0.989957,-0.176949,10.2391,6.3,1.61,-1.4
15339,0.903874,-0.353898,10.11,-4.2,4.41,-1.75
15345,0.841702,-0.124342,9.88522,-13.51,9.87,-4.34
15351,0.808226,-0.659971,9.85653,-14.28,12.74,-4.97
15357,0.918221,-0.248685,9.58393,-7.14,15.05,-5.39
15363,0.631277,-0.832138,9.82783,-7.35,21.49,-6.16
15369,0.349115,-0.884744,9.43568,0.07,23.66,-6.72
15375,0.83692,-0.822573,9.65567,14.35,24.99,-4.27
15381,0.798661,-1.07604,9.70349,31.29,26.95,-3.22
15387,0.439981,-0.83692,10.0956,44.87,31.85,0.56
15393,0.798661,-0.985174,9.20612,57.75,33.25,-0.77
15399,0.631277,-0.516499,9.09134,72.73,34.09,1.82
15405,0.406504,-0.416069,9.54089,85.12,33.11,0.91
15411,0.334768,0.105213,9.82305,91.98,28.49,3.71
15417,0.521282,-1.26255,9.12482,89.74,51.52,5.18
15423,0.186514,-0.181731,9.58393,84.91,23.17,1.19
15429,0.57867,0.205643,11.1813,79.1,24.22,5.6
15435,0.272597,0.186514,9.78479,62.02,33.18,4.27
15441,0.530846,-0.13869,9.17264,46.2,29.47,5.46
15447,-0.97561,0.0382592,10.0813,37.8,32.55,7.21
15453,0.688666,0.0860832,8.81875,37.31,29.54,9.45
15459,0.382592,0.583453,9.83261,25.48,30.94,-3.22
15465,0.0860832,0.353898,9.59828,24.64,28.63,2.45
15471,-0.301291,2.01339,8.74223,5.25,14.07,-3.22
15477,-1.18125,0.387374,8.95265,7.98,7.84,5.39
15483,-0.167384,0.530846,9.62697,1.33,9.73,0.84
15489,0.0860832,0.573888,9.98087,-1.61,2.8,0.7
15495,-0.286944,0.875179,9.70349,-0.42,4.62,-2.03
15501,0.664754,-0.884744,9.11047,1.75,3.57,3.08
15507,0.0095648,0.487805,9.56002,4.41,1.54,-1.96
15513,0.631277,-0.229555,9.80392,-2.66,4.41,1.19
15519,-0.870397,1.07126,9.95217,0,2.38,-1.19
15525,-0.234338,0.636059,9.59828,-0.35,-1.4,2.1
15531,-0.191296,0.306074,9.86131,1.12,2.73,0.84
15537,0.0669536,0.215208,9.67001,3.85,1.61,3.85
15543,-0.0621712,0.224773,9.75131,-2.52,1.05,-0.77
15549,-0.21999,0.0143472,9.64132,0.28,-3.36,1.4
15555,0.095648,-0.047824,9.63175,4.13,-0.49,-0.07
15561,-0.109995,0.0526064,10.043,7.7,0.14,0.49
15567,-0.234338,-0.186514,9.36872,7.84,0.07,0.56
15573,0.129125,0.124342,9.66045,3.71,-1.96,0.84
15579,0.325203,0.406504,10.0765,-0.84,-5.25,0.49
15585,0.0765184,0.45911,9.84696,-5.6,-6.79,-0.28
15591,0.13869,0.157819,9.65088,-5.39,-5.11,1.82
15597,-0.186514,0.272597,9.89479,-0.91,-2.94,-0.14
15603,0.286944,0,10.0143,-0.84,-5.04,0.84
15609,-0.0765184,0.0621712,9.78479,-0.91,-3.85,1.89
15615,0.0860832,0.0526064,9.70349,0.98,-4.06,1.19
15621,0.0526064,0.071736,9.87087,0.56,-1.68,1.19
15627,-0.10043,0.071736,9.8087,0,-1.96,0.7
15633,0.114778,0.181731,9.74653,-0.42,-0.63,2.45
15639,-0.13869,0.0143472,9.59349,-0.56,-0.56,0.7
15645,0.277379,0.435198,9.91392,0.7,-1.96,0
15651,0.229555,0.267814,9.67958,0.28,-3.43,0
15657,0.0191296,0.13869,9.82305,-0.49,-3.01,1.19
15663,0.191296,0.224773,9.75131,-0.63,-3.99,1.12
15669,0.248685,0.306074,9.83261,-0.63,-5.11,2.03
15675,0.310856,0.167384,9.55523,0.49,-2.87,1.19
15681,0.344333,0.401722,9.61262,1.19,-3.64,1.61
15687,0.0573888,0.416069,9.56002,-0.35,-1.47,0.42
15693,0.21999,-0.0860832,9.82305,0.28,-2.87,2.38
15699,0.095648,0.0526064,9.66045,-0.07,-4.13,0.07
15705,-0.0908656,0.129125,9.61741,1.19,-3.5,-0.42
15711,0.248685,0.306074,9.81349,-0.35,-3.85,0.49
15717,-0.0526064,0.454328,9.97609,-0.14,-0.21,1.89
15723,0.0095648,0.282162,9.88044,-0.07,-1.33,0.91
15729,-0.0813008,0.353898,9.84218,-0.7,-2.87,0.56
15735,0.095648,0.387374,9.83261,2.17,-2.45,2.24
15741,0.23912,0.095648,9.90435,2.59,-1.05,2.45
15747,0.172166,0.143472,9.78479,1.75,-0.98,0.7
15753,0.0908656,0.205643,9.89,2.38,-0.7,0.91
15759,0.277379,0.0669536,10.0096,2.24,-3.15,-0.49
15765,0.306074,0.0382592,9.54089,2.45,-1.19,1.19
15771,-0.095648,-0.0669536,9.75131,1.61,-0.28,2.38
15777,0.157819,0.0621712,9.80392,1.54,-0.91,0.84
15783,0.0526064,0.200861,9.6461,1.19,-1.19,0.56
15789,-0.0765184,0.401722,9.6748,0.42,-2.52,-0.07
15795,0.0143472,0.282162,9.81349,1.05,-3.36,1.05
15801,0.263032,0.176949,9.63654,0.63,-2.31,1.54
15807,0.13869,0.210426,9.79914,1.68,-4.2,-0.07
15813,0.0573888,0.0813008,9.88522,-0.98,-1.05,2.66
15819,0.33955,0.224773,9.76566,-0.49,-1.4,1.26
15825,-0.047824,0.0191296,9.70827,-0.49,-1.33,0.21
15831,0.109995,0.0621712,9.82305,-0.35,-0.98,1.4
15837,0.215208,0.0908656,9.7561,-0.49,-0.49,1.61
15843,0.0430416,-0.0430416,9.95696,-0.28,-0.21,2.94
15849,0.0669536,0.114778,9.58393,-1.12,-2.24,-0.7
15855,-0.0526064,0.0765184,9.59828,-0.14,-2.87,0.49
15861,0.0047824,0.0382592,9.83261,-0.35,-2.17,1.82
15867,-0.0908656,0.186514,9.87087,0,0.7,2.94
15873,0.253467,0.463893,9.62697,-0.35,0.21,1.89
15879,0.215208,0.444763,9.86131,-0.07,0.35,1.68
15885,0.243902,0.334768,9.96652,-0.84,-0.28,0.7
15891,0.272597,0.143472,9.84696,-0.56,0,1.4
15897,0.10043,0.25825,9.88044,1.05,2.03,1.82
15903,-0.0430416,0.0095648,10.0239,1.47,4.13,1.19
15909,-0.10043,-0.798661,10.7413,-21.7,-18.9,-1.68
15915,1.33907,2.94596,6.85796,-43.89,-48.93,0.49
15921,-2.08991,0.095648,9.07221,-56.21,-68.53,-7.07
15927,-0.607365,-2.91726,11.4921,-45.99,-72.52,-3.22
15933,-0.980392,-0.81779,8.76136,-1.54,-34.79,2.59
15939,1.97513,2.57293,7.35055,-1.54,-56.7,1.4
15945,1.5495,-4.57197,13.6777,45.36,-27.37,6.23
15951,1.39168,4.66284,6.7384,60.27,-13.3,3.99
15957,0.11956,0.114778,9.3209,104.3,11.06,9.73
15963,0.0095648,2.61119,8.54615,106.26,27.16,11.48
15969,-1.26255,-2.67336,13.4481,90.86,17.78,6.79
15975,0.23912,0.373027,10.8034,63,17.71,3.01
15981,0.746054,0.61693,10.923,79.59,23.87,1.4
15987,0.640842,1.59732,10.2056,66.15,35,0.42
15993,0.0765184,0.746054,9.6748,58.1,44.59,-1.33
15999,0.803443,0.511717,9.67001,50.26,51.17,-3.01
16005,0.124342,0.918221,9.53611,45.71,78.05,-7.14
16011,-0.416069,1.30081,10.2582,35.77,110.46,-13.23
16017,1.7121,1.92731,9.65088,31.22,110.95,-15.12
16023,-1.12865,1.53037,9.70349,14.49,115.01,-16.45
16029,-2.17121,1.37733,8.32138,-2.45,94.08,-21.21
16035,1.73123,-0.353898,9.30655,-19.95,78.68,-19.32
16041,-0.57867,0.420851,9.79436,-17.99,76.51,-12.95
16047,-0.549976,0.679101,10.1148,-3.36,59.36,-12.46
16053,-1.01865,0.559541,9.98087,10.08,48.3,-3.29
16059,-0.73649,0.765184,10.0717,26.46,44.59,-3.64
16065,-1.80775,-0.334768,8.37398,62.44,51.1,6.58
16071,-1.16212,1.12386,9.82305,43.19,66.99,4.62
16077,-1.09995,1.09995,10.6026,34.58,45.92,3.71
16083,-1.57819,1.05691,9.73218,2.52,42.7,1.54
16089,-1.63558,1.25777,10.3778,-19.25,30.1,5.67
16095,-0.760402,2.07078,8.36442,-11.9,16.1,1.68
16101,-1.14778,0.966045,10.5739,-51.73,-2.31,1.12
16107,-0.45911,2.35294,14.3759,-45.29,-6.65,-5.11
16113,-1.1956,-0.0286944,10.6743,-100.73,-23.45,-9.31
16119,-1.00909,-0.712578,11.7456,-107.03,-30.66,-11.13
16125,-0.961262,0.57867,10.067,-117.95,-36.4,-12.18
16131,-0.980392,0.588235,9.91392,-120.19,-38.43,-17.57
16137,-0.789096,0.21999,10.043,-116.62,-29.68,-15.75
16143,-1.24342,1.033,11.4586,-102.27,-24.78,-16.73
16149,-1.48254,0.841702,8.68006,-119.14,-48.44,-22.19
16155,-0.664754,-0.683883,10.3491,-79.8,-39.13,-21.28
16161,-0.712578,0.315638,10.0287,-54.81,-37.52,-8.61
16167,-1.20038,0.224773,9.76088,-55.79,-23.94,-9.31
16173,-0.416069,0.985174,8.70397,-28.35,-30.8,-107.38
16179,-6.62362,-2.21425,11.1286,19.18,-35.91,-121.66
16185,1.72166,0.49737,7.84792,50.61,-54.11,-64.89
16191,0.406504,0.83692,8.57006,102.69,-28.35,32.69
16197,0.35868,-2.4725,9.05787,104.09,-24.08,62.09
16203,-1.71688,0.45911,9.01004,78.05,-35.56,43.47
16209,0.224773,0.994739,10.3874,52.08,-49.42,34.23
16215,-0.0095648,0.396939,10.1243,15.68,-20.23,21.28
16221,-0.23912,0.267814,9.7561,10.64,-14.07,14.07
16227,-0.0143472,0.224773,9.99522,7.07,-1.96,12.6
16233,-0.133907,0.588235,9.7561,4.06,-9.1,3.29
16239,-0.387374,0.45911,9.7561,-2.03,-7.07,4.69
16245,-0.210426,0.191296,9.76566,2.17,-0.77,8.33
16251,0.153037,0.530846,9.5648,5.25,2.52,10.15
16257,-0.33955,-0.35868,9.68436,-2.87,-7.21,11.2
16263,0.61693,-1.14299,9.54089,3.08,-3.22,13.37
16269,-0.205643,-0.530846,10.3395,8.82,-10.22,12.32
16275,-0.301291,-0.37781,9.87566,-0.07,-18.9,16.66
16281,-0.664754,0.387374,10.043,3.92,-12.04,22.47
16287,-1.05213,-1.20995,8.78527,-3.43,0.14,11.34
16293,0.234338,-0.215208,9.6461,4.06,-3.22,7.98
16299,-1.23386,-0.659971,9.5648,-1.68,-4.13,3.36
16305,-1.15256,-0.109995,9.61741,6.79,0,12.18
16311,-0.454328,0.71736,9.8087,-10.64,-3.15,3.01
16317,-0.559541,0.468675,9.94739,-2.59,0.49,-1.47
16323,-0.215208,-0.0908656,9.84696,-1.05,1.19,-1.05
16329,-0.196078,0.468675,9.90435,-2.94,-4.06,1.96
16335,-0.234338,0.521282,9.86131,-5.18,-4.62,4.13
16341,-0.263032,-0.0047824,9.83261,-3.22,-7.42,3.92
16347,-0.291726,0.157819,9.77523,-2.24,-3.99,2.1
16353,-0.286944,0.602582,9.74653,-1.82,-6.37,0.35
16359,-0.243902,0.564323,9.73697,-0.49,-7.91,2.66
16365,-0.0860832,0.334768,9.62219,0.98,-7.56,0.77
16371,-0.334768,0.540411,9.65567,0.42,-8.05,0.63
16377,-0.023912,0.387374,9.8087,-0.42,-6.23,-0.07
16383,-0.124342,0.554758,9.89957,0.21,-4.55,0
16389,-0.157819,0.310856,9.78479,0.63,-3.78,0.77
16395,-0.253467,0.449546,9.81349,0.98,-3.92,0.28
16401,-0.114778,0.368245,9.8374,-0.35,-4.48,0.35
16407,-0.0765184,0.282162,9.7561,-1.33,-2.66,1.68
16413,-0.33955,0.162602,9.63175,-1.47,-3.15,0.98
16419,-0.267814,0.564323,9.92826,-1.33,-2.8,1.75
16425,-0.210426,0.248685,9.79436,-0.84,-3.36,1.12
16431,-0.272597,0.353898,9.79914,-1.4,-3.15,1.47
16437,-0.253467,0.411286,9.61262,-1.82,-1.96,2.45
16443,-0.435198,0.349115,9.73697,-2.66,0.42,3.43
16449,-0.0430416,0.129125,9.92348,-1.61,-5.18,3.08
16455,-0.435198,0.368245,9.66523,-3.08,-4.2,-0.42
16461,-0.483022,0.549976,10.0526,-0.77,-3.22,3.08
16467,-0.291726,0.0860832,9.96652,-0.56,-3.64,0.63
16473,-0.315638,0.439981,9.66045,0.63,-2.24,3.71
16479,-0.191296,0.301291,9.89,0.77,-2.45,-0.21
16485,-0.373027,0.483022,9.85653,2.87,-2.66,0.7
16491,-0.095648,0.325203,9.84696,2.31,-2.24,0.28
16497,-0.0860832,0.506934,9.87566,2.38,-3.15,1.89
16503,-0.243902,0.444763,9.55045,0.77,-1.47,2.03
16509,-0.373027,0.416069,9.92826,0.56,-3.43,0.42
16515,-0.21999,0.114778,9.90435,-0.49,-3.78,-0.28
16521,0,0.502152,9.67001,0.98,-6.16,-1.89
16527,-0.296509,0.234338,9.65567,-0.14,-2.1,3.71
16533,-0.277379,0.334768,9.59349,1.19,-4.76,2.38
16539,-0.0908656,0.157819,9.77523,0.63,-4.41,1.26
16545,-0.373027,0.162602,9.96174,0.42,-4.41,-0.28
16551,-0.296509,0.516499,9.7274,1.54,-1.75,0.42
16557,-0.277379,0.57867,9.57915,3.15,-1.26,1.61
16563,-0.420851,0.243902,9.68914,1.54,-2.45,0.63
16569,-0.435198,0.607365,9.88522,2.1,-1.26,-0.07
16575,-0.186514,0.320421,9.87566,1.47,-4.41,0
16581,-0.143472,0.248685,9.88044,2.52,-2.45,1.54
16587,-0.263032,0.153037,9.7274,3.08,-1.4,0.84
16593,-0.353898,0.602582,9.73218,1.26,-1.68,0.56
16599,-0.315638,0.511717,9.94739,-0.91,-0.77,0.42
16605,-0.157819,0.344333,10.0191,-0.42,-0.98,0.21
16611,-0.47824,0.420851,9.65567,-1.61,0.21,2.24
16617,-0.224773,0.234338,9.71305,-0.91,0.07,2.1
16623,-0.277379,0.114778,9.88044,-1.05,-0.07,3.85
16629,-0.13869,0.200861,9.85653,1.4,-2.31,5.81
16635,-0.186514,0.463893,9.51698,3.29,-2.66,10.08
16641,-0.363462,0.0813008,9.67958,2.17,-2.1,7.7
16647,-0.306074,0.569106,9.94739,1.54,-0.98,4.83
16653,-0.105213,0.286944,9.78957,2.8,-1.33,2.94
16659,-0.243902,0.530846,9.73697,2.03,-1.54,1.96
16665,-0.215208,0.483022,9.92826,0.63,-2.38,0.98
16671,-0.435198,0.554758,9.67958,0.77,-2.8,0.91
16677,-0.272597,0.645624,9.54567,0.07,-1.4,2.24
16683,0.0286944,0.387374,9.74175,0.07,-2.17,1.19
16689,0.0430416,0.502152,9.94261,0.35,-3.78,1.61
16695,-0.315638,0.420851,9.67001,-0.14,-3.22,-0.42
16701,-0.224773,0.215208,9.80392,0.14,-2.38,0.77
16707,-0.363462,0.35868,9.68436,0.35,0,2.17
16713,-0.243902,0.425634,9.9713,0.49,0.7,2.31
16719,-0.148254,0.483022,9.85174,0.28,-0.14,1.05
16725,-0.396939,0.382592,9.83261,-0.77,0.21,2.24
16731,-0.306074,0.248685,9.62697,0,-0.42,0.84
16737,-0.0908656,0.291726,9.86131,-0.49,-0.77,2.94
16743,-0.181731,0.35868,9.8374,0.84,-0.91,4.41
16749,-0.291726,0.47824,9.88044,2.8,-0.77,7.98
16755,-0.0908656,0.368245,9.76088,3.01,-1.05,6.65
16761,-0.153037,0.435198,9.6748,3.71,-0.84,8.26
16767,-0.291726,0.607365,10.0335,4.34,0.07,5.88
16773,-0.435198,0.33955,8.76614,3.78,-0.84,7.56
16779,0.47824,1.53993,9.2396,-32.76,-34.72,5.39
16785,-0.559541,0.349115,11.4921,-51.87,-42.49,-0.77
16791,-0.344333,1.15256,7.95791,-103.11,-84.7,-6.72
16797,-1.20516,1.7934,13.4051,-140.84,-144.62,-4.9
16803,0.798661,-0.808226,9.09134,-155.19,-178.36,-8.89
16809,-1.86992,4.27068,8.75657,-28.84,-84.98,3.5
16815,-0.334768,-1.92252,9.84696,-73.92,-106.68,2.31
16821,3.2329,4.58632,6.21234,-54.6,-110.04,3.99
16827,-0.200861,3.62506,6.56145,-67.41,-81.41,0.21
16833,-1.30081,0.631277,6.4945,-63.84,-84.84,10.15
16839,0.674318,3.12291,4.28025,-91,-54.53,-2.24
16845,-0.769966,-0.521282,8.0153,-33.53,-14.14,4.06
16851,1.56384,-1.49689,9.96652,2.66,-10.22,-10.92
16857,0.703013,-1.07604,11.2195,63,-17.71,2.31
16863,0.583453,-0.181731,10.7795,75.04,-21,-2.24
16869,0.726925,0.310856,9.97609,56.7,-36.54,6.79
16875,1.26734,0.0813008,9.77523,25.34,-30.73,-0.91
16881,1.24342,-0.191296,9.84218,5.18,-2.73,-2.38
16887,1.34385,0.301291,9.41176,-15.12,25.69,-7.49
16893,1.11908,0.0860832,9.33525,-39.55,44.03,0.28
16899,1.21951,0.047824,9.52176,-69.93,66.08,-7.42
16905,0.83692,-0.483022,9.39263,-78.96,80.5,-9.24
16911,0.85605,-0.47824,8.38833,-91.91,89.32,-20.72
16917,0.430416,-1.55428,9.64132,-104.86,123.48,-37.8
16923,0.186514,-0.999522,9.15351,-118.02,130.48,-65.24
16929,0.875179,-1.17169,9.3735,-108.71,139.02,-71.4
16935,0.621712,-3.18508,10.2152,-105.07,143.5,-87.08
16941,-2.79292,-2.70684,10.4926,-101.01,144.41,-96.6
16947,0.0765184,-1.58776,9.09134,-104.02,123.69,-101.57
16953,0.554758,-2.42946,9.77523,-101.71,82.81,-84.07
16959,-1.10952,-2.38642,9.95696,-100.31,51.17,-72.17
16965,-0.463893,-1.12386,10.0574,-83.09,43.54,-52.36
16971,-1.5208,-0.95648,10.4113,-54.74,21.14,-47.39
16977,-0.942133,-0.894309,10.1196,-22.26,6.37,-22.26
16983,-1.52559,-1.21951,9.94739,-1.33,-13.3,-11.27
16989,-0.951698,-1.45385,9.43568,18.69,-32.27,-2.38
16995,-0.85605,-1.31994,9.4548,31.99,-42.21,-0.07
17001,-0.511717,-1.50167,9.51219,36.96,-45.36,3.99
17007,-0.172166,-1.48254,9.73218,34.37,-40.95,4.34
17013,-0.243902,-1.89861,9.71305,37.24,-28.7,7.42
17019,-0.133907,-1.84601,9.85174,47.95,-22.47,3.85
17025,-0.071736,-1.42994,10.0143,63.49,-18.06,7.56
17031,0.25825,-1.76471,10.2917,70.84,-12.11,9.94
17037,-0.0669536,-1.54472,10.5452,76.16,-6.72,14.84
17043,-0.13869,-1.24821,10.5882,78.61,-1.33,15.19
17049,-0.392157,-0.994739,10.1339,69.58,8.26,15.05
17055,-0.45911,-0.45911,10.1865,52.22,12.67,11.13
17061,-0.363462,-0.636059,9.33046,31.29,5.95,7.91
17067,-0.11956,-0.310856,9.51219,16.31,-8.61,2.1
17073,0.559541,-4.15591,9.36394,16.1,-2.94,2.59
17079,4.3472,8.27833,9.62697,135.87,0.56,98.56
17085,6.12625,3.32377,3.61071,407.68,-31.64,285.18
17091,3.4242,-2.7451,12.8121,269.99,65.17,203.42
17097,-0.329986,0.0860832,10.4256,151.76,25.13,92.96
17103,-2.13295,1.033,8.92396,37.03,-7.98,61.74
17109,0.989957,-0.712578,9.75131,30.38,-3.08,51.17
17115,-0.253467,0.176949,9.94261,31.78,-1.4,47.95
17121,-0.549976,-0.387374,9.99043,17.01,4.69,29.75
17127,-0.291726,0.023912,10.0335,11.9,0.77,21
17133,-0.13869,-0.0334768,10.0143,7,1.61,14.07
17139,-0.11956,-0.114778,9.89957,14.35,6.86,19.11
17145,-0.435198,-0.071736,9.62697,10.85,7.21,14.7
17151,-0.669536,0.0191296,9.81827,11.13,2.52,8.19
17157,-0.349115,-0.133907,9.85174,9.87,0.14,9.03
17163,-0.47824,0.306074,9.77044,8.89,1.12,7.91
17169,-0.392157,0.153037,9.73697,7.42,-2.66,8.05
17175,-0.602582,-0.0526064,9.61262,3.78,-4.9,3.36
17181,-0.57867,0.301291,9.77044,0.7,-8.4,1.96
17187,-0.449546,0.224773,9.81349,-1.61,-9.87,0.63
17193,-0.406504,0.095648,9.96174,-1.82,-10.22,1.33
17199,-0.196078,0.301291,9.74175,-0.49,-12.32,0.63
17205,-0.454328,-0.0526064,9.63654,-0.49,-10.5,0.14
17211,-0.21999,-0.0191296,9.90435,0.98,-9.59,-0.21
17217,-0.23912,0.172166,9.96652,1.4,-7.49,0.91
17223,-0.306074,0.296509,9.77044,2.8,-7.7,-0.21
17229,0.573888,0.253467,9.36872,4.06,-6.51,1.54
17235,-0.267814,0.181731,9.89957,1.26,-3.5,1.75
17241,-0.0286944,0.306074,9.98565,1.47,-4.13,-0.28
17247,-0.449546,-0.047824,9.9187,2.66,-3.01,2.17
17253,-0.282162,0.229555,9.73697,2.38,-0.98,2.03
17259,-0.473458,0.0286944,9.6748,1.68,-1.75,0.77
17265,-0.306074,0.272597,9.58871,0.63,-1.47,0.98
17271,-0.267814,0.301291,9.81349,0,-1.05,0.49
17277,-0.35868,0.176949,10.0143,0.77,-1.26,1.89
17283,-0.468675,-0.0669536,9.8087,0.63,-1.82,2.38
17289,-0.306074,0.114778,9.78957,1.89,-2.52,2.31
17295,-0.382592,0.353898,9.58393,2.1,-1.82,2.87
17301,-0.526064,0.373027,9.76088,2.45,-1.05,4.69
17307,-0.516499,0.224773,9.68914,2.94,-1.05,6.09
17313,-0.373027,-0.023912,9.92826,2.1,-1.33,4.55
17319,-0.334768,0.0191296,9.93305,2.52,-4.34,2.1
17325,-0.176949,0.234338,9.78957,1.54,-4.13,0.7
17331,-0.463893,0.0573888,9.61262,1.68,-4.62,0.63
17337,-0.234338,0.167384,9.6748,0.98,-2.38,0.35
17343,-0.511717,0.263032,9.68914,0.7,-4.27,1.12
17349,-0.769966,0.535629,9.61262,-1.33,-4.13,1.54
17355,-0.095648,-0.344333,9.54089,-1.26,-4.34,-1.19
17361,-0.320421,0.167384,9.74175,-1.68,-3.78,0
17367,-0.760402,0.0334768,9.39263,-0.42,-4.2,1.19
17373,-0.325203,0.286944,9.87566,2.17,-5.6,-1.4
17379,0.0765184,0.301291,9.76088,0.35,-1.54,0.77
17385,-0.0382592,-0.0382592,9.77523,2.17,0,1.12
17391,-0.315638,-0.0813008,9.7561,2.17,-0.63,0.7
17397,-0.0286944,0.0860832,9.76088,3.78,1.4,0.63
17403,-0.430416,0.047824,9.87087,2.59,-1.19,0.84
17409,-0.301291,0.406504,9.89,2.59,-2.38,0.56
17415,-0.444763,0.153037,9.90435,2.52,-2.94,1.26
17421,-0.401722,0.25825,9.84218,1.75,-3.78,0.63
17427,-0.229555,0.071736,9.73218,1.12,-1.61,2.38
17433,-0.291726,0.167384,9.99043,0.21,-2.1,1.12
17439,-0.181731,0.286944,9.74175,0.21,-1.96,1.82
17445,-0.23912,0.229555,9.73697,0.21,-2.66,-0.07
17451,-0.267814,0.210426,9.74653,0.77,-2.45,0.91
17457,-0.133907,0.296509,9.89,1.26,-2.73,2.1
17463,-0.172166,0.071736,9.73697,0.91,-1.68,1.26
17469,-0.25825,0.176949,9.92348,1.82,-2.94,0.42
17475,-0.463893,0.396939,9.71784,1.54,-1.82,2.38
17481,-0.0669536,0.229555,9.93305,0.98,-2.31,1.75
17487,-0.444763,0.162602,9.82305,1.89,-2.45,2.24
17493,-0.157819,0.229555,9.51698,0.35,-0.84,1.68
17499,-0.0526064,0.215208,10.0717,0.7,-1.26,0.7
17505,-0.277379,0.267814,9.89479,2.1,-1.26,1.68
17511,-0.306074,0.425634,9.7274,1.61,0.28,1.89
17517,-0.363462,0.181731,9.84218,1.89,-0.35,1.54
17523,-0.387374,0.234338,9.77044,1.4,-0.84,0.7
17529,-0.296509,0.425634,9.58393,1.26,-2.31,-0.7
17535,-0.210426,0.329986,9.90435,1.89,-1.33,1.82
17541,-0.315638,0.411286,9.65088,0,0.98,1.54
17547,-0.502152,0.196078,9.6748,0.7,0.77,0.49
17553,-0.487805,0.114778,9.64132,-0.42,-1.47,0.63
17559,-0.243902,0.13869,9.78957,0.28,-1.89,1.68
17565,-0.315638,0.172166,9.92348,1.05,-2.03,1.12
17571,-0.13869,0.282162,9.68436,0.28,-1.47,2.1
17577,-0.306074,0.396939,9.88044,1.05,0.14,1.26
17583,-0.243902,0.272597,9.80392,1.54,-0.07,1.68
17589,-0.167384,0.172166,9.68914,2.24,-2.31,-0.07
17595,-0.10043,0.291726,9.58393,2.31,-2.52,0.63
17601,-0.416069,0.263032,9.84218,1.47,-0.21,1.82
17607,-0.344333,0.473458,9.94261,1.89,-0.84,0
17613,-0.210426,0.483022,9.93305,1.96,-3.08,-0.35
17619,-0.263032,0.267814,9.88522,2.45,-3.36,0.84
17625,-0.454328,0.215208,9.58871,1.33,-3.57,0.42
17631,-0.387374,0.109995,9.89479,2.1,-2.31,1.61
17637,-0.349115,0.157819,9.8087,2.03,-1.05,0.7
17643,-0.243902,0.243902,9.79436,3.43,-1.12,0.77
17649,-0.401722,0.35868,9.54089,3.15,0.42,2.87
17655,-0.35868,0.306074,9.69871,3.22,-1.33,0.77
17661,-0.109995,0.153037,9.8374,1.96,-0.77,0.07
17667,-0.248685,0.105213,10.0239,2.24,-1.68,0.35
17673,-0.363462,0.229555,9.85174,2.8,0,-0.21
17679,-0.263032,0.425634,9.85174,2.66,1.54,0.49
17685,-0.35868,0.286944,9.89,3.15,1.19,0.91
17691,-0.37781,0.444763,9.79914,2.38,0.42,0.21
17697,-0.114778,0.425634,9.5648,3.64,3.29,1.61
17703,-0.263032,0.37781,9.68914,5.95,3.29,0.63
17709,-0.406504,0.349115,9.6461,5.81,-1.4,-1.47
17715,2.09469,0.554758,10.2774,-47.25,-60.06,-1.26
17721,1.24342,0.793878,8.27355,-91.35,-72.03,-9.45
17727,1.20995,-2.16164,5.5428,-124.95,-93.87,-13.09
17733,4.06982,2.48685,10.6169,-138.25,-78.54,-42.56
17739,4.39981,-3.17073,9.87566,-126.7,-107.17,-18.41
17745,-4.69153,-1.16212,11.6069,-70.21,-44.8,-7.28
17751,4.01722,0.392157,9.78479,-84.84,-52.85,-11.9
17757,2.73553,1.51124,3.03682,-87.36,-37.45,-7.63
17763,-0.454328,-5.35151,11.3869,-91.28,-72.8,-11.06
17769,4.39503,3.78288,-0.387374,-88.06,-83.44,3.71
17775,3.35724,-2.5538,12.8407,-154.84,-110.74,-4.2
17781,-0.286944,-6.23147,11.5447,-132.16,-74.9,0.42
17787,-4.63415,-5.055,17.0923,-152.81,-64.54,-23.38
17793,1.55906,-4.04591,14.1894,-60.27,-1.12,-18.48
17799,1.03778,-1.77427,14.1129,-25.48,42.56,-37.31
17805,0.473458,-1.31516,12.1425,10.78,58.94,-20.58
17811,0.789096,-1.13343,10.4878,62.79,63.56,-8.89
17817,0.463893,-1.033,9.22047,101.57,79.87,7.63
17823,-0.0286944,-0.535629,8.10617,108.92,84.84,7.63
17829,-0.655189,0.272597,7.82879,93.66,48.51,9.59
17835,-0.81779,0.435198,8.36442,39.76,5.88,0.84
17841,-0.229555,-0.272597,8.53658,3.78,-26.74,-0.63
17847,-0.282162,-0.435198,10.0383,-16.45,-56.21,-4.48
17853,0.253467,-0.712578,10.7413,-23.1,-69.02,1.19
17859,0.813008,-0.803443,10.6026,-31.08,-64.89,-2.52
17865,0.607365,-1.07604,10.3922,-19.74,-54.39,-3.01
17871,1.02822,-1.31516,9.89957,-4.13,-33.11,-5.11
17877,0.631277,-1.25299,9.59828,20.72,-11.13,-2.66
17883,1.04735,-1.21473,9.45959,43.19,9.03,-3.57
17889,0.612147,-0.583453,9.7274,60.41,24.99,-1.47
17895,0.215208,-0.181731,9.32568,43.96,35.77,-4.97
17901,-0.023912,-0.181731,9.39742,25.34,35.7,-6.51
17907,2.6351,5.17934,9.46915,7.49,23.17,-6.37
17913,0.023912,-0.368245,9.43568,-7.56,-12.95,-4.76
17919,0.191296,-0.148254,9.86609,-9.24,-27.44,3.15
17925,0.387374,-0.406504,10.0622,-25.62,-28.42,2.94
17931,0.583453,-0.784314,10.0956,-32.2,-34.23,-10.08
17937,0.49737,-0.846485,10.0191,-26.95,-33.95,-12.32
17943,0.267814,-1.15734,11.3773,-11.27,-18.55,-9.38
17949,0.961262,-0.865614,10.4591,-1.05,5.74,-0.63
17955,1.1956,-0.908656,10.1626,20.86,25.97,0.98
17961,0.659971,-1.09517,10.2152,36.4,38.29,-2.8
17967,0.25825,-0.69823,9.91392,55.16,43.54,1.26
17973,0.0382592,-0.172166,10.2343,73.5,46.27,5.67
17979,0.416069,-0.23912,10.2104,74.76,48.93,6.72
17985,-0.172166,-0.296509,10.1004,65.59,42.14,2.52
17991,0.0765184,-0.095648,10.4926,50.82,45.78,3.78
17997,1.09995,-0.148254,10.8513,38.22,38.08,2.87
18003,1.00909,-0.0047824,10.2391,22.75,42.42,2.59
18009,0.382592,-0.0286944,12.9507,2.8,50.68,-0.42
18015,0.0334768,1.15734,10.043,-14,57.96,-1.19
18021,-3.92157,1.6308,9.37829,14.77,57.61,-2.66
18027,0.511717,7.29316,4.06982,-16.8,52.99,-4.55
18033,-1.53037,-2.28599,9.20612,-25.76,17.08,-8.33
18039,0.841702,1.21951,6.91057,73.29,54.25,16.52
18045,0.980392,1.30081,6.76231,246.47,133.56,119.84
18051,-0.267814,2.35772,9.45959,111.3,27.09,55.72
18057,-0.540411,1.38211,9.61262,33.25,-0.63,38.29
18063,0.105213,-0.133907,9.51219,12.95,-9.87,-5.74
18069,-0.124342,0.124342,9.16308,1.68,-3.36,5.74
18075,-0.306074,0.406504,9.41655,8.33,-3.92,-3.85
18081,-0.277379,0.071736,9.99043,14.98,-0.91,10.71
18087,-0.636059,0.248685,9.55045,3.22,4.9,2.1
18093,-0.272597,0.420851,9.52654,1.61,2.94,5.53
18099,-0.425634,0.0334768,9.87566,-1.4,0.91,-0.14
18105,-0.549976,0.0430416,9.8374,2.03,-1.33,9.66
18111,-0.425634,0.186514,9.49306,4.13,-1.47,6.65
18117,-0.435198,0.109995,9.62697,3.71,-0.91,7
18123,-0.593018,0.425634,9.83261,3.85,-2.1,-0.21
18129,-0.368245,0.229555,9.67958,6.09,-2.87,3.92
18135,-0.306074,0.334768,10.043,4.9,-6.72,0.07
18141,-0.392157,0.267814,9.61741,4.27,-5.74,2.94
18147,-0.35868,0.10043,9.7561,1.96,-6.72,0.21
18153,-0.406504,0.463893,9.87566,1.26,-7.21,0.91
18159,-0.521282,0.521282,9.76088,-1.68,-8.05,-0.42
18165,-0.506934,0.349115,9.6748,-0.7,-7.35,2.87
18171,-0.315638,0.253467,9.78001,-2.1,-7.21,0.84
18177,-0.545194,0.153037,9.68436,-2.17,-5.53,2.52
18183,-0.310856,0.186514,9.55045,-2.59,-3.08,0.91
18189,-0.430416,0.25825,9.76088,0.42,-5.18,-0.49
18195,-0.296509,0.148254,9.78957,0,0.07,0.77
18201,-0.47824,0.296509,9.85174,2.31,-0.35,2.24
18207,-0.200861,0.334768,9.64132,2.45,0.7,2.45
18213,-0.349115,0.382592,9.76088,3.71,2.17,2.24
18219,-0.306074,0.277379,9.84696,3.43,1.82,1.26
18225,-0.47824,0.439981,9.78957,4.13,2.73,3.43
18231,-0.234338,0.33955,9.59828,1.96,3.57,3.57
18237,-0.593018,0.253467,9.45002,2.24,2.66,6.37
18243,-0.176949,0.344333,9.46915,0.91,2.31,6.72
18249,-0.315638,0.49737,9.63654,1.96,2.94,7.84
18255,-0.272597,0.0669536,9.74653,1.26,-0.35,6.3
18261,-0.420851,0.813008,9.88522,-2.8,-6.23,3.92
18267,-0.487805,0.612147,9.56958,0.14,-5.46,5.53
18273,-0.353898,-0.0860832,9.69392,0.42,-6.86,7.35
18279,-0.406504,0.396939,9.4022,-0.42,-6.58,4.69
18285,-0.784314,0.425634,9.91392,-1.47,-5.18,3.08
18291,-0.047824,0.588235,9.96174,-0.21,-6.3,3.57
18297,0.0334768,0.387374,9.52654,-0.28,-6.37,3.36
18303,-0.679101,0.640842,9.90913,-2.1,-5.46,2.66
18309,-0.511717,1.23864,10.4256,-1.05,-3.5,1.68
18315,-0.468675,0.0430416,9.78479,-3.15,-2.59,2.94
18321,-0.325203,0.0908656,10.0335,-2.38,-13.3,2.73
18327,-0.593018,-0.0382592,9.66045,-1.68,-7.77,-0.28
18333,-0.272597,0.593018,9.86609,0.63,-4.83,1.96
18339,-0.291726,0.492587,9.8087,0.56,-5.6,-0.84
18345,-0.286944,0.382592,9.4835,1.89,-3.85,1.75
18351,-0.196078,0.492587,9.87087,0.91,-1.75,0.28
18357,-0.124342,0.176949,9.63175,2.87,-0.91,-1.47
18363,-0.569106,-0.109995,9.8374,0.56,2.17,-0.91
18369,-0.387374,0.229555,9.57437,3.08,1.33,2.1
18375,-0.392157,0.0286944,10.1817,1.61,1.54,1.68
18381,-0.487805,0.506934,9.74175,2.45,-0.07,2.03
18387,-0.363462,0.306074,9.87566,0,-1.61,1.12
18393,-0.382592,0.444763,9.85174,0.56,-4.34,-1.19
18399,-0.248685,0.49737,9.60306,1.12,-2.59,3.08
18405,-0.21999,0.37781,9.76566,-0.07,-3.22,1.61
18411,-0.157819,0.33955,9.76566,-0.7,-3.5,0.98
18417,-0.387374,0.320421,9.67958,-0.63,-4.55,-0.14
18423,-0.253467,0.425634,9.8087,-0.21,-5.81,-0.42
18429,-0.286944,0.325203,9.63175,0.07,-6.37,1.68
18435,-0.310856,0.0908656,9.89,-0.21,-5.88,3.99
18441,-0.420851,0.234338,9.71305,-0.14,-5.81,-1.12
18447,-0.196078,0.263032,9.89957,0.49,-5.67,0.35
18453,-0.396939,0.243902,9.8087,0.98,-3.85,1.54
18459,-0.296509,0.124342,9.98565,1.26,-3.57,2.17
18465,-0.37781,0.416069,9.78001,1.4,-4.76,1.19
18471,-0.148254,0.435198,9.76088,0.98,-3.78,0
18477,-0.329986,0.157819,9.82783,2.38,-3.43,0.42
18483,-0.463893,0.368245,9.76566,3.99,-2.52,0.98
18489,-0.392157,0.420851,9.93305,3.43,-2.94,0.07
18495,-0.57867,0.521282,9.73697,2.03,-2.31,0.56
18501,-0.353898,0.181731,9.86609,0.84,-2.17,0
18507,-0.37781,0.363462,9.7274,0.42,0,1.89
18513,-0.23912,0.23912,9.90435,0,0.07,2.45
18519,-0.196078,0.521282,9.81827,0.35,0.14,0.35
18525,-0.334768,0.416069,9.89,1.4,0.7,1.33
18531,-0.186514,0.511717,9.76566,0.56,-0.07,0.7
18537,-0.334768,0.23912,9.82783,1.89,-0.7,-0.49
18543,-0.23912,0.420851,9.75131,2.17,-1.61,0.49
18549,-0.449546,0.296509,9.69392,1.19,-0.98,1.82
18555,-0.263032,0.349115,9.87566,0.84,-2.45,0.42
18561,-0.368245,0.425634,9.65088,1.75,-2.8,-0.28
18567,-0.282162,0.329986,9.92348,3.29,-2.8,1.05
18573,-0.33955,0.444763,9.5648,3.5,-3.64,1.26
18579,-0.105213,0.296509,9.59828,1.82,-2.24,3.08
18585,-0.243902,0.143472,9.70827,1.33,-3.15,-0.7
18591,-0.329986,0.277379,9.86609,1.82,-3.22,0.84
18597,-0.430416,0.411286,9.63175,3.01,-1.33,1.61
18603,-0.234338,0.416069,9.60784,3.01,-2.94,0.49
18609,-0.511717,0.554758,9.85653,0.7,-0.35,1.33
18615,-0.373027,0.162602,9.69871,-0.7,0.98,1.4
18621,-0.325203,0.564323,9.72262,-0.7,-0.63,-0.77
18627,-0.205643,0.329986,9.64132,0.42,-1.75,1.54
18633,-0.588235,0.516499,9.78479,0.35,-3.5,1.61
18639,-0.392157,0.363462,9.79914,0.35,-3.43,1.54
18645,-0.487805,0.382592,9.7561,0.07,-1.82,0.7
18651,-0.243902,0.425634,9.89479,0.7,-2.1,0
18657,-0.502152,0.416069,9.6461,1.54,-2.17,0
18663,-0.215208,0.148254,9.59828,3.01,0.07,2.52
18669,-0.382592,0.45911,9.76088,2.17,-0.56,1.26
18675,-0.35868,0.401722,9.49306,2.66,-2.52,0.56
18681,-0.277379,0.49737,9.89,2.31,-2.1,-0.14
18687,-0.45911,0.411286,9.99522,3.85,-0.91,1.61
18693,-0.435198,0.37781,9.74653,3.01,-1.68,0.49
18699,-0.37781,0.626494,10.0765,3.5,-1.33,2.24
18705,-0.129125,0.157819,9.74175,3.08,-2.17,-0.28
18711,-0.602582,0.373027,9.74653,2.94,-2.31,1.19
18717,-0.286944,0.37781,9.36394,5.18,0.77,1.68
18723,-0.291726,0.353898,9.89957,3.57,-1.47,2.8
18729,-0.416069,-0.329986,10.1961,6.16,-1.33,0.84
18735,1.36298,-0.425634,9.50263,-39.83,-43.68,-0.63
18741,-0.416069,-0.387374,10.3013,-3.92,-9.52,1.05
18747,0.35868,0.85605,7.11621,15.33,13.09,0.28
18753,-0.153037,-0.13869,10.153,8.47,11.48,3.78
18759,0.750837,0.798661,8.60354,4.9,0.63,3.64
18765,-0.095648,-1.5208,10.11,-9.31,-10.36,3.71
18771,0.827355,-0.636059,6.62841,17.36,-33.39,3.71
18777,0.396939,-1.23864,9.78957,18.2,-24.92,9.52
18783,-0.157819,0.521282,10.5117,43.33,-23.38,10.29
18789,0.712578,1.51124,8.88092,36.89,-12.6,12.39
18795,-1.84122,-0.267814,11.3534,37.73,-9.52,15.54
18801,-0.746054,0.832138,9.58393,43.05,2.03,14.42
18807,1.41559,0.430416,10.8752,36.05,28.07,10.08
18813,-0.683883,1.93687,9.70827,0.28,48.93,8.75
18819,-0.248685,0.506934,11.4108,-12.32,50.47,3.92
18825,-0.889526,1.25299,10.5882,-15.96,52.5,4.13
18831,-0.540411,1.19082,10.2869,-39.62,43.19,-2.59
18837,-0.444763,0.703013,9.71305,-53.97,32.69,-6.72
18843,-0.631277,1.12386,9.2922,-71.61,33.81,-9.03
18849,-1.11908,0.813008,8.66093,-82.46,36.61,-9.59
18855,-0.435198,0.932568,9.01961,-95.69,39.55,-12.18
18861,-0.903874,0.0813008,9.52176,-103.74,44.1,-11.76
18867,-0.363462,-0.35868,9.76566,-88.34,34.93,-13.37
18873,-0.841702,-0.889526,10.1578,-63.49,23.45,-11.9
18879,-0.822573,-0.521282,10.7843,-35.84,11.27,-4.27
18885,-0.879962,-0.612147,10.8417,-9.59,0.42,-2.52
18891,-1.33429,-0.425634,10.0813,7.84,-19.25,-1.68
18897,-1.15734,0.210426,9.3209,11.9,-46.48,1.54
18903,-0.750837,0.569106,9.6461,-1.26,-63.49,1.54
18909,-0.095648,0.846485,8.93831,-25.55,-66.43,2.1
18915,-0.349115,0.47824,9.18221,-53.69,-51.59,-1.82
18921,-0.492587,0.0286944,9.78479,-75.04,-42.21,-4.76
18927,-0.0382592,-0.21999,10.4065,-85.4,-34.3,-7.42
18933,-0.0765184,-0.095648,10.1961,-91.98,-18.97,-8.26
18939,-0.105213,-0.325203,10.5548,-97.44,-6.65,-7.63
18945,0.0334768,-0.970827,10.9852,-81.9,10.64,-7.98
18951,-0.334768,-1.20038,10.1961,-60.97,19.32,-5.11
18957,-0.655189,-1.24342,10.1817,-33.74,16.66,-2.03
18963,-0.703013,-0.808226,9.68914,-8.68,10.64,1.47
18969,-0.535629,-1.17647,9.78479,10.57,-2.24,0.84
18975,-0.813008,-1.12865,9.42611,30.87,-14.07,4.13
18981,-0.296509,-0.903874,9.47394,51.73,-17.5,7.35
18987,-0.200861,-0.583453,9.55045,68.18,-16.73,11.06
18993,-0.267814,-0.310856,9.94739,74.69,-9.73,9.59
18999,-0.420851,-0.11956,10.1196,74.55,-0.84,9.17
19005,-0.846485,-0.406504,10.2965,69.58,9.66,9.03
19011,-0.827355,-0.0334768,9.39742,82.39,23.66,14.91
19017,-0.535629,0.961262,9.71305,57.12,20.09,7.84
19023,0.0669536,6.48972,7.92922,76.09,38.78,10.71
19029,-0.923003,0.291726,10.3539,23.24,24.5,3.71
19035,-0.540411,4.0746,7.24534,87.78,29.26,17.15
19041,-0.803443,0.774749,9.88044,36.12,23.24,-4.69
19047,-1.3056,-0.301291,10.6026,24.01,27.37,0.7
19053,0,0.0765184,10.3874,12.6,20.65,-5.6
19059,-0.951698,0.535629,9.56958,11.83,26.81,1.61
19065,-0.903874,-1.13821,9.79436,24.15,24.99,3.71
19071,-0.0382592,0.416069,7.64706,27.93,21.28,5.88
19077,-0.554758,1.42994,7.50837,35.21,6.3,6.3
19083,-1.1143,9.79914,4.4572,106.19,-53.48,44.8
19089,0.23912,-1.51124,10.3013,39.69,-29.89,40.46
19095,0.153037,1.51124,10.44,23.66,-21.91,28.49
19101,-1.06169,1.16691,9.42611,21.21,-14.7,25.76
19107,-0.463893,0.272597,9.48828,3.92,-19.11,-9.45
19113,-0.664754,0.315638,9.85174,4.69,-11.41,-0.14
19119,-0.363462,0.631277,10.0096,3.64,-6.44,-6.37
19125,-0.439981,0.621712,9.99043,5.74,-2.73,10.36
19131,-0.430416,0.49737,9.7561,2.73,-2.31,5.39
19137,-0.430416,0.722142,9.53132,-1.54,-0.91,3.43
19143,-0.310856,0.420851,9.53132,-5.88,-1.68,-3.5
19149,-0.473458,0.659971,9.70827,-3.22,-2.66,4.9
19155,-0.602582,0.430416,9.57437,-1.75,-2.66,1.82
19161,-0.61693,0.406504,9.92348,-1.33,-3.92,4.62
19167,-0.511717,0.588235,9.53611,-3.57,-4.13,0.7
19173,-0.387374,0.425634,9.84696,-4.13,-3.92,5.81
19179,-0.750837,0.430416,9.67001,-2.94,-5.04,6.23
19185,-0.435198,0.564323,9.62697,-0.07,-6.65,10.01
19191,-0.650406,0.191296,9.68436,-1.75,-6.93,6.02
19197,-0.420851,0.277379,9.78957,-0.28,-5.88,6.51
19203,-0.33955,0.559541,9.90435,0.28,-7.42,1.47
19209,-0.320421,0.416069,9.68914,1.19,-5.39,6.58
19215,-0.506934,0.320421,9.57437,1.61,-7.77,3.99
19221,-0.69823,0.310856,9.84696,1.26,-6.09,2.45
19227,-0.454328,0.69823,9.56958,2.59,-6.23,-0.49
19233,-0.626494,0.301291,9.8374,6.16,-5.81,-0.14
19239,-0.191296,0.315638,10.0526,8.12,-8.75,-0.07
19245,-0.411286,0.526064,9.77044,7.91,-4.34,1.26
19251,-0.176949,0.425634,9.74653,5.18,-0.07,0.14
19257,-0.607365,0.655189,9.82783,4.41,1.47,1.47
19263,-0.49737,0.559541,9.58871,2.24,3.5,0.7
19269,-0.769966,0.621712,9.91392,0.21,5.46,1.4
19275,-0.674318,0.315638,9.86609,-0.56,3.15,-1.26
19281,-0.545194,0.593018,9.70349,-1.33,6.93,0.77
19287,-0.674318,0.368245,9.82783,-1.26,7.07,1.05
19293,-0.420851,0.416069,9.81349,-0.42,6.3,1.61
19299,-0.664754,0.483022,9.63175,0.42,3.43,1.68
19305,-0.679101,0.573888,9.70349,9.94,-0.14,8.75
19311,-0.707795,0.263032,9.58393,7.07,-1.61,8.96
19317,-0.746054,0.411286,9.88522,6.37,-0.35,7.56
19323,-0.693448,0.37781,9.66523,6.09,-1.96,6.02
19329,-0.61693,0.511717,9.81349,4.06,-1.89,5.53
19335,-0.722142,0.33955,9.89479,3.01,-3.15,3.78
19341,-0.387374,0.35868,9.77523,2.52,-2.87,1.82
19347,-0.808226,0.215208,9.54567,1.4,-2.8,3.29
19353,-0.81779,0.449546,9.78479,0,-2.59,1.75
19359,-0.659971,0.659971,9.54089,-0.14,-5.25,1.33
19365,-0.602582,0.640842,9.66523,-2.17,-5.88,0.21
19371,-0.530846,0.506934,9.72262,-1.96,-6.58,-0.07
19377,-0.631277,0.420851,9.56958,-1.96,-5.88,0.84
19383,-0.310856,0.449546,9.77523,-2.1,-8.33,1.26
19389,-0.707795,0.626494,9.70827,-3.15,-7.56,0.14
19395,-0.425634,0.320421,9.90913,-3.01,-9.1,-0.35
19401,-0.325203,0.545194,9.74653,-2.73,-10.5,-1.4
19407,-0.492587,0.559541,9.59828,-3.36,-8.75,0.77
19413,-0.392157,0.406504,9.92348,-3.01,-6.58,0.14
19419,-0.659971,0.468675,9.69392,-1.26,-7.63,0.56
19425,-0.57867,0.47824,9.50263,-1.26,-8.82,-0.84
19431,-0.353898,0.621712,9.60784,0.28,-7.49,0.07
19437,-0.726925,0.353898,9.79436,-0.07,-8.26,-0.35
19443,-0.526064,0.382592,9.79914,1.19,-6.86,-0.14
19449,-0.306074,0.411286,9.92348,2.03,-6.23,1.4
19455,-0.387374,0.334768,9.66523,2.8,-5.6,1.26
19461,-0.506934,0.521282,9.57915,2.17,-5.46,-0.14
19467,-0.679101,0.61693,9.67958,0.98,-5.25,0.56
19473,-0.535629,0.487805,9.62219,1.54,-9.52,-0.63
19479,-0.430416,0.726925,9.74175,-0.77,-6.86,2.31
19485,-0.688666,0.45911,9.68436,0.14,-6.72,0.91
19491,-0.411286,0.263032,9.59828,-0.91,-6.09,-0.84
19497,-0.392157,0.659971,9.74653,0.14,-5.95,0
19503,-0.23912,0.765184,9.78001,0.49,-5.18,1.19
19509,-0.349115,0.449546,9.70349,0.56,-4.83,1.4
19515,-0.607365,0.320421,9.70827,0.56,-5.95,-0.28
19521,-0.45911,0.363462,9.53132,1.4,-6.37,-0.77
19527,-0.406504,0.47824,9.48828,1.19,-5.18,0.42
19533,-0.621712,0.492587,9.78957,1.4,-5.46,1.12
19539,-0.210426,0.636059,9.53611,1.12,-5.95,0.84
19545,-0.650406,0.473458,9.84218,-0.28,-3.85,1.33
19551,-0.81779,0.253467,9.65088,1.12,-8.68,1.68
19557,-0.593018,0.430416,9.68914,1.82,-6.09,1.19
19563,-0.181731,0.506934,9.78001,1.54,-4.62,-0.42
19569,-0.392157,0.363462,9.48828,1.89,-4.34,-0.84
19575,-0.277379,0.373027,9.82783,3.08,-1.68,0.49
19581,-0.329986,0.712578,9.65088,3.01,-1.68,1.82
19587,-0.210426,0.463893,9.68914,2.17,-2.45,0.49
19593,-0.444763,0.483022,9.61741,2.31,-2.66,1.96
19599,-0.693448,0.502152,9.75131,1.4,-2.59,0.49
19605,-0.416069,0.669536,9.79436,0.7,-4.06,0.56
19611,-0.263032,0.573888,9.9187,-0.07,-3.78,-0.07
19617,-0.502152,0.487805,9.82783,0.84,-4.69,-0.49
19623,-0.659971,0.621712,9.69871,1.4,-4.76,0.56
19629,-0.444763,0.483022,9.63654,2.1,-4.76,-0.56
19635,-0.325203,0.411286,9.65567,2.45,-5.11,-0.07
19641,-0.583453,0.315638,9.71305,1.19,-4.76,-0.77
19647,-0.200861,0.746054,9.68914,1.19,-4.69,-1.12
19653,-0.487805,0.45911,9.78479,1.05,-4.62,0.07
19659,-0.435198,0.411286,9.95217,1.61,-4.83,-0.14
19665,-0.329986,0.645624,9.88522,1.33,-3.22,-0.98
19671,-0.296509,0.545194,9.74653,1.4,-1.12,-0.84
19677,-0.191296,0.707795,9.68914,1.12,-0.56,-0.77
19683,-0.468675,0.449546,9.69871,1.33,-0.63,0.21
19689,-0.439981,0.315638,9.96652,0.84,-1.75,-1.61
19695,-0.396939,0.425634,9.68436,0.84,-0.84,-0.07
19701,-0.621712,0.545194,9.91392,0.84,0.07,-0.84
19707,-0.315638,0.282162,9.58871,1.19,-0.77,2.17
19713,-0.243902,0.492587,9.94739,0.91,-3.92,1.96
19719,-0.502152,0.473458,9.84696,0.35,-4.13,0.84
19725,-0.401722,0.636059,9.60784,1.05,-4.13,-0.77
19731,-0.444763,0.659971,9.56958,2.87,-4.06,1.12
19737,-0.49737,0.253467,9.94739,2.45,-2.38,0.84
19743,-0.506934,0.593018,9.77523,2.17,-2.24,1.33
19749,-0.396939,0.5978,9.81827,0.56,-1.82,0
19755,-0.33955,0.607365,9.77523,0.7,-3.15,-1.54
19761,-0.329986,0.49737,9.56002,-0.7,-1.75,-0.21
19767,-0.25825,0.392157,9.60784,-0.98,0.28,-0.21
19773,-0.516499,0.650406,9.79436,0.14,-1.26,0.28
19779,-0.573888,0.401722,9.68436,-0.07,-3.78,-0.42
19785,-0.401722,0.569106,9.63654,1.33,-3.57,-0.28
19791,-0.191296,0.631277,9.55045,0.91,-3.71,-0.07
19797,-0.454328,0.521282,9.75131,1.82,-0.63,1.61
19803,-0.205643,0.612147,9.62219,1.61,-2.52,-0.07
19809,-0.272597,0.712578,9.65088,2.8,-2.45,0.07
19815,-0.368245,0.349115,9.78957,3.64,-1.89,0.84
19821,-0.511717,0.607365,9.78479,3.92,-2.24,-1.4
19827,-0.368245,0.636059,9.51698,1.75,-0.77,-2.17
19833,-0.325203,0.583453,9.54089,-0.07,-0.7,-4.83
19839,-0.282162,0.588235,9.63654,0.07,-2.52,-3.85
19845,-0.526064,0.37781,9.73218,1.05,-1.4,-2.38
19851,-0.411286,0.277379,9.71784,3.08,-2.03,-2.45
19857,-0.267814,0.640842,9.93783,2.45,-1.82,-2.87
19863,-0.473458,0.430416,10.0143,2.52,-1.05,-1.68
19869,-0.306074,0.487805,9.58393,3.64,-2.87,-3.15
19875,-0.569106,0.416069,9.91392,1.54,-3.43,-0.21
19881,-0.463893,0.602582,9.72262,1.12,0.07,0.35
19887,-0.176949,0.774749,9.99043,0.07,-0.63,0.49
19893,-0.5978,0.69823,9.76566,-0.07,-0.42,-0.21
19899,-0.33955,0.640842,9.92348,0.77,-0.91,1.68
19905,-0.344333,0.573888,9.57437,0.84,-2.38,0
19911,-0.511717,0.387374,9.73218,0.49,-2.8,-0.07
19917,-0.253467,0.703013,9.57915,-0.07,-2.24,0.14
19923,-0.411286,0.602582,9.65088,0.28,-1.19,0.98
19929,-0.444763,0.741272,9.65088,0.56,-2.1,-0.28
19935,-0.263032,0.37781,9.75131,2.03,-2.8,0.56
19941,-0.353898,0.645624,9.89479,0.91,-2.31,1.54
19947,-0.310856,0.521282,9.95217,1.26,-1.05,1.61
19953,-0.483022,0.769966,9.92348,1.33,-1.4,0.84
19959,-0.349115,0.425634,9.51698,1.12,-1.68,1.61
19965,-0.334768,0.612147,9.67001,2.38,-3.92,-0.21
19971,-0.435198,0.703013,9.65088,2.87,-3.43,0.98
19977,-0.21999,0.712578,9.9187,1.96,-3.64,-0.28
19983,-0.224773,0.760402,9.60784,1.26,-2.38,0
19989,-0.21999,0.612147,9.65088,1.26,-2.1,0.49
19995,-0.286944,0.71736,9.76566,1.26,-2.52,-0.7
20001,-0.396939,0.61693,9.83261,1.61,-3.5,-0.63
20007,-0.334768,0.492587,9.88044,1.82,-0.7,-1.47
20013,-0.215208,0.382592,9.7561,2.45,0.14,-1.33
20019,-0.33955,0.545194,9.86609,1.96,-0.7,-3.92
20025,-0.306074,0.526064,9.70827,1.54,-2.17,-5.6
20031,-0.243902,0.329986,9.78001,1.61,-2.59,-3.92
20037,-0.215208,0.789096,9.77044,1.4,-2.03,-1.61
20043,-0.315638,0.373027,9.71305,0.35,-2.45,-1.68
20049,-0.229555,0.569106,9.84696,0,-3.36,-1.19
20055,-0.396939,0.535629,9.81827,-0.07,-2.52,-1.47
20061,-0.540411,0.789096,9.70827,0.49,-2.45,-1.26
20067,-0.396939,0.769966,9.74175,0.28,-1.54,-0.35
20073,-0.353898,0.73649,9.94261,1.54,-3.5,-1.12
20079,-0.205643,0.669536,9.76088,2.45,-2.38,2.52
20085,-0.47824,0.636059,9.38307,0.35,-2.45,0.63
20091,-0.349115,0.607365,9.78001,0.98,-1.89,0.35
20097,-0.593018,0.420851,9.98087,1.47,-2.17,-1.68
20103,-0.133907,0.564323,9.44524,0.91,-2.17,1.68
20109,-0.310856,0.731707,9.92348,1.26,-1.61,-0.21
20115,-0.61693,0.483022,9.66523,0.7,-0.7,2.94
20121,-0.435198,0.798661,9.95217,-1.26,-0.98,-0.7
20127,-0.162602,0.612147,9.85174,0.07,-2.1,-1.4
20133,-0.33955,0.769966,9.49785,-0.77,0.77,0.21
20139,-0.487805,0.631277,9.50741,0.7,-1.47,1.47
20145,-0.392157,0.554758,9.85174,0.98,-2.45,0.77
20151,-0.382592,0.631277,9.7274,0.63,-2.73,0.35
20157,-0.526064,0.731707,9.54089,0.56,-2.17,0.14
20163,-0.282162,0.803443,9.71784,1.05,-2.1,1.75
20169,-0.162602,0.454328,9.74653,0.98,-1.12,1.4
20175,-0.387374,0.741272,9.93783,1.89,-4.69,-1.61
20181,-0.301291,0.731707,9.88522,1.33,-0.84,1.61
20187,-0.306074,0.707795,9.64132,0.98,-1.47,0.21
20193,-0.277379,0.789096,9.55045,1.19,-1.47,1.26
20199,-0.392157,0.373027,9.65567,0.56,-1.19,-0.63
20205,-0.373027,0.573888,9.66523,1.89,-1.26,-1.12
20211,-0.468675,0.612147,9.56002,2.45,-2.38,-0.56
20217,-0.368245,0.789096,9.60784,1.47,-0.84,-0.21
20223,-0.315638,0.612147,9.51219,0.7,-0.56,0.21
20229,-0.253467,0.769966,9.78957,0.28,-0.77,0.98
20235,-0.263032,0.454328,9.64132,0.84,-3.22,-1.19
20241,-0.353898,0.540411,9.58393,0.77,-3.71,-1.96
20247,-0.33955,0.588235,9.77044,0.07,-2.45,0.28
20253,-0.248685,0.884744,9.66045,-0.21,-3.78,1.33
20259,-0.124342,0.832138,9.71305,0.56,-2.94,-0.14
20265,-0.181731,0.659971,9.73697,-0.07,-2.52,-0.42
20271,-0.57867,0.473458,9.92826,-0.63,-2.59,-1.47
20277,-0.650406,0.5978,9.67958,-0.77,-1.26,-0.7
20283,-0.320421,0.411286,9.90913,-1.47,-2.38,-0.84
20289,-0.210426,0.382592,9.74175,-0.63,-1.12,0.28
20295,-0.21999,0.401722,9.98087,0.42,-3.5,-0.42
20301,-0.45911,0.602582,9.69871,0.77,-3.08,-0.7
20307,-0.301291,0.57867,9.88044,1.26,-2.52,-0.14
20313,-0.545194,0.71736,9.63175,1.68,-3.15,-2.59
20319,-0.37781,0.57867,9.86131,1.89,-2.45,-1.68
20325,-0.439981,0.320421,9.87087,1.75,-2.03,-0.7
20331,-0.191296,0.803443,9.86131,2.45,-2.24,-2.87
20337,-0.248685,0.373027,9.77523,2.52,-1.75,-1.33
20343,-0.253467,0.502152,9.86131,2.66,-1.54,-1.26
20349,-0.554758,0.387374,9.78001,2.1,-1.47,-0.63
20355,-0.420851,0.798661,9.90913,0.42,-1.75,-1.68
20361,-0.301291,0.71736,9.79436,0.7,-1.33,-0.91
20367,-0.0813008,0.396939,9.77044,-0.49,-1.47,-1.12
20373,-0.286944,0.669536,9.78479,0.35,-1.4,-0.77
20379,-0.468675,0.679101,9.66045,0.98,-1.96,-2.45
20385,-0.272597,0.368245,9.96174,0.84,-3.78,-0.56
20391,-0.540411,0.57867,9.98565,1.12,-3.64,-0.84
20397,-0.521282,0.435198,9.76088,0.07,-3.64,-1.26
20403,-0.248685,0.650406,9.88522,-0.35,-1.05,0.21
20409,-0.306074,0.61693,9.86609,-1.12,-1.4,-0.42
20415,-0.406504,0.540411,9.77523,-0.35,-2.94,-0.35
20421,-0.315638,0.71736,9.46915,-0.56,-0.91,0.91
20427,-0.35868,0.827355,9.86131,0.28,-0.35,1.89
20433,-0.602582,0.784314,9.62697,0.21,-0.84,0.49
20439,-0.368245,0.640842,9.5648,1.12,-1.12,1.4
20445,-0.454328,0.406504,9.85174,1.47,-3.01,-0.35
20451,-0.406504,0.502152,9.79436,1.68,-2.31,0.07
20457,-0.368245,0.83692,9.76566,1.12,-2.52,0
20463,-0.186514,0.530846,9.92348,0.07,-0.56,0.42
20469,-0.435198,0.57867,9.61741,0.56,-1.19,0.63
20475,-0.162602,0.712578,9.55045,1.05,-2.03,0.42
20481,-0.607365,0.392157,9.74653,0.98,-3.92,0.35
20487,-0.392157,0.401722,9.52654,1.33,-0.84,0.56
20493,-0.334768,0.860832,9.57915,1.96,-1.54,1.54
20499,-0.133907,0.746054,9.78957,0.21,-2.17,0.84
20505,-0.23912,0.918221,9.90435,0.28,-3.22,-0.35
20511,-0.282162,0.645624,9.74653,0.56,-3.64,-2.03
20517,-0.172166,0.416069,9.70827,0.49,-1.47,1.05
20523,-0.153037,0.382592,9.62219,-0.14,-1.61,0.7
20529,-0.392157,0.315638,9.86609,0.77,-2.52,1.47
20535,-0.253467,0.645624,9.84696,-0.63,-2.59,-1.4
20541,-0.430416,0.344333,9.61262,0.7,-2.94,-1.12
20547,-0.37781,0.683883,9.64132,0.35,-1.89,-0.42
20553,-0.37781,0.583453,9.73697,0.77,-1.19,0.77
20559,-0.286944,0.741272,9.76566,0.21,-1.19,0.63
20565,-0.444763,0.789096,9.96652,0.07,-1.33,-0.21
20571,-0.373027,0.688666,9.73218,0.14,-2.59,-1.19
20577,-0.396939,0.884744,9.62219,0.7,-2.17,0.35
20583,-0.25825,0.707795,9.93783,0.42,-1.89,0.56
20589,-0.516499,0.789096,9.53611,0.7,-1.61,1.33
20595,-0.181731,0.946915,9.85174,-0.21,-3.78,-3.01
20601,-0.506934,0.411286,9.6748,0.56,-3.08,-1.26
20607,-0.349115,0.808226,9.87087,-0.56,-2.73,-0.21
20613,-0.420851,0.679101,9.8087,-0.21,-0.28,1.26
20619,-0.315638,0.69823,9.6461,-0.56,-1.89,-0.14
20625,-0.200861,0.636059,9.9187,0.35,-2.59,0.63
20631,-0.406504,0.760402,9.70349,0.63,-3.29,-0.49
20637,-0.334768,0.69823,9.98565,1.54,-2.87,0.98
20643,-0.25825,0.73649,9.81827,1.12,-3.64,-1.96
20649,-0.13869,0.511717,9.69871,1.89,-3.01,-2.31
20655,-0.325203,0.545194,9.99043,1.82,-2.94,0.07
20661,-0.200861,0.401722,9.84218,1.4,-2.17,0.63
20667,-0.621712,0.688666,9.76088,0.91,-2.1,-1.47
20673,-0.61693,0.588235,10.0143,1.26,0.14,1.19
20679,-0.564323,0.602582,9.75131,0.98,-1.68,-1.89
20685,-0.263032,0.373027,9.69392,1.82,-1.75,-1.12
20691,-0.392157,0.793878,9.56002,0.07,-0.14,-0.49
20697,-0.463893,0.645624,9.75131,1.05,-0.42,0.91
20703,-0.387374,0.329986,9.93305,-0.21,-0.42,0.7
20709,-0.267814,0.406504,9.6748,-0.7,-0.35,1.4
20715,-0.392157,0.784314,9.81827,-0.14,-2.45,2.45
20721,-0.502152,0.382592,9.76566,-0.21,-4.06,0.77
20727,-0.33955,0.430416,9.6461,-0.28,-2.94,0.49
20733,-0.411286,0.602582,9.73218,0.42,-3.01,1.33
20739,-0.344333,0.526064,9.77523,-0.21,-3.01,0.28
20745,-0.411286,0.593018,9.73697,0.21,-1.61,0.42
20751,-0.248685,0.545194,9.55045,1.26,-2.31,0.49
20757,-0.573888,0.540411,9.7561,0.63,0.98,1.12
20763,-0.325203,0.521282,9.71305,1.82,-0.28,0.84
20769,-0.463893,0.83692,9.74653,1.96,-0.77,1.54
20775,-0.349115,0.645624,9.57437,1.47,-2.59,-0.35
20781,-0.545194,0.602582,9.84218,1.47,-2.1,0.63
20787,-0.196078,0.650406,9.59828,0.98,-2.45,1.82
20793,-0.387374,0.712578,9.63175,-0.14,-1.75,0.07
20799,-0.363462,0.621712,9.7274,0.21,-2.24,0.14
20805,-0.291726,0.631277,9.85174,0.07,-2.31,0.42
20811,-0.439981,0.593018,9.79914,0.07,-2.59,0.49
20817,-0.540411,0.444763,9.75131,0.49,-2.94,0.98
20823,-0.540411,0.659971,9.68436,0.49,-2.59,1.4
20829,-0.329986,0.549976,9.58871,0.35,-2.31,1.26
20835,-0.411286,0.669536,9.82305,0.28,-2.94,1.05
20841,-0.49737,0.832138,9.73697,1.12,-5.67,-2.24
20847,-0.263032,0.463893,9.69871,0.56,-1.19,2.94
20853,-0.382592,0.669536,9.84696,-0.49,-0.35,0.84
20859,-0.310856,0.688666,9.84696,0.21,-4.83,0.63
20865,-0.263032,0.382592,9.68436,0.28,-4.13,-0.21
20871,-0.176949,0.47824,9.76566,0.63,-3.5,0.77
20877,-0.215208,0.530846,9.8374,0.98,-3.5,0.14
20883,-0.196078,0.81779,9.77523,0.56,-1.82,-0.35
20889,-0.473458,0.626494,9.55045,0.49,-0.49,1.33
