Timestamp,Point0,Point1,Point2,Point3,Point4,Point5,Point6,Point7,Point8,Point9,Point10,Point11,Point12,Point13,Point14,Point15,Point16,Point17,Point18,Point19,Point20,Point21,Point22,Point23,Point24,Point25,Point26,Point27,Point28,Point29,Point30,Point31,Point32,Point33,Point34,Point35,Point36,Point37,Point38,Point39,Point40,Point41,Point42,Point43,Point44,Label,
25442,6,6,6,6,6,5,6,5,6,6,6,6,6,6,5,6,6,6,6,5,6,6,6,6,5,6,5,6,6,5,6,6,6,6,4,6,6,6,5,6,6,6,6,6,6,Default,
25458,6,5,6,6,6,6,5,6,6,6,6,6,6,6,6,6,5,6,7,6,6,6,6,6,6,5,4,7,6,5,6,6,6,6,6,6,6,6,6,5,5,6,6,6,6,Default,
25474,6,6,6,5,6,6,6,6,6,6,6,5,6,6,6,6,6,6,5,5,5,6,6,5,6,6,4,6,5,4,6,6,6,6,6,6,6,6,6,6,6,5,6,6,5,Default,
25490,6,6,6,6,6,6,6,6,6,6,5,5,6,6,6,6,5,6,5,6,6,6,6,6,5,6,5,7,6,6,6,6,6,6,6,6,6,6,6,6,6,6,6,6,5,Default,
25506,6,6,5,6,5,6,6,6,5,6,6,6,6,6,5,6,6,5,6,6,5,5,6,5,6,6,6,6,6,6,5,6,5,6,5,5,6,6,5,6,5,5,5,6,5,Default,
25522,6,6,6,6,6,6,4,6,6,6,6,6,6,4,6,6,5,6,6,5,5,6,6,6,6,6,6,6,6,5,6,6,6,6,6,6,5,6,6,6,6,6,6,6,5,Default,
25538,6,5,6,6,6,6,5,5,6,6,6,6,6,6,5,5,5,6,6,5,6,6,6,6,6,6,6,5,5,6,6,6,6,5,6,5,5,6,6,6,5,5,6,6,6,Default,
25554,5,6,6,6,6,6,6,6,5,6,6,6,6,6,6,6,6,6,6,6,6,5,6,6,6,6,5,5,6,6,6,5,6,6,6,6,5,6,6,6,6,6,6,6,6,Default,
25570,5,6,6,6,6,6,6,6,6,6,6,5,6,6,5,6,5,6,6,5,6,6,6,6,6,6,6,6,6,6,6,6,6,6,6,6,6,6,6,5,6,6,6,5,6,Default,
25586,5,6,5,6,6,6,6,6,6,6,6,6,5,6,6,6,6,5,6,5,6,6,6,6,6,6,4,6,6,6,6,6,6,6,5,6,6,6,6,5,6,6,6,6,6,Default,
25602,5,6,6,5,5,6,6,6,6,5,6,6,5,6,5,6,4,6,6,6,6,6,6,6,6,6,6,6,6,6,6,6,6,6,6,6,5,6,6,5,6,6,6,6,6,Default,
25618,5,6,6,6,5,6,6,6,5,6,6,6,6,5,6,6,4,6,6,6,6,6,6,6,6,6,5,6,5,5,6,6,6,6,6,6,5,6,6,6,5,6,6,5,6,Default,
25634,5,6,6,6,5,6,6,5,6,6,6,6,6,6,5,6,6,6,6,6,6,6,6,6,5,6,5,6,5,6,6,6,5,6,6,6,6,6,5,5,6,6,6,6,6,Default,
25650,5,6,6,6,6,6,5,6,6,6,6,6,6,6,6,6,5,6,6,5,6,6,6,6,6,6,6,6,6,5,6,6,6,6,6,5,5,6,6,6,6,6,6,6,6,Default,
25666,5,6,6,6,6,6,6,6,6,6,6,6,6,6,5,6,4,6,6,5,6,6,6,5,6,6,5,6,6,6,6,6,5,6,6,6,5,6,6,5,6,6,6,6,5,Default,
25682,6,6,6,6,6,5,6,6,6,6,6,6,6,5,6,6,6,6,6,6,6,6,5,6,6,6,6,6,6,6,6,6,5,7,5,6,6,6,6,5,6,6,6,6,5,Default,
25698,6,6,6,6,5,5,6,6,5,6,6,5,5,5,6,5,5,6,6,6,6,6,6,6,6,6,5,6,6,6,6,6,6,6,6,6,4,6,6,6,5,6,6,5,5,Default,
25714,6,6,5,6,6,6,6,6,6,6,6,6,6,5,6,6,6,6,6,6,6,6,6,6,6,6,6,6,6,6,6,6,5,6,6,6,6,6,6,6,6,5,6,6,5,Default,
25730,4,5,6,6,6,6,5,6,6,5,6,5,6,6,6,5,6,6,6,5,6,6,4,6,6,6,5,6,6,6,6,6,6,6,6,6,6,6,6,5,6,6,5,6,6,Default,
25746,5,6,6,6,6,6,6,5,6,6,6,6,5,6,6,6,6,5,6,6,5,6,6,5,5,6,6,6,6,5,6,6,6,5,5,5,6,6,6,6,6,6,5,6,5,Default,
25762,5,6,6,6,6,6,4,6,6,6,6,6,6,6,5,6,6,6,6,5,5,6,6,6,6,5,6,6,6,6,6,6,6,6,6,5,5,6,6,6,6,6,6,6,6,Default,
25778,5,6,6,6,5,5,6,6,5,6,5,6,6,5,6,6,5,6,6,6,6,6,6,6,4,6,6,6,6,6,6,6,6,6,6,5,6,5,6,6,5,6,6,5,5,Default,
25794,6,5,6,6,6,6,6,6,6,5,5,6,6,6,6,5,6,5,6,6,6,6,6,6,5,6,5,6,6,6,5,6,6,6,6,6,5,6,6,5,5,5,6,6,6,Default,
25810,5,6,6,5,6,6,5,6,6,6,5,6,6,6,6,6,4,6,6,6,5,6,6,6,6,6,6,6,6,6,5,6,6,5,6,5,5,6,6,5,6,6,6,6,6,Default,
25826,6,6,6,6,6,6,6,6,6,5,6,6,6,6,6,6,6,5,6,6,5,5,5,5,6,6,6,6,6,5,6,6,5,6,5,5,6,5,5,5,6,6,5,6,6,Default,
25842,5,6,6,6,6,6,5,6,6,5,5,6,6,6,6,6,6,5,5,6,6,6,6,6,6,6,6,5,6,5,6,6,6,6,6,6,5,6,6,4,5,7,6,6,6,Default,
25858,6,6,6,5,6,6,7,5,6,6,6,5,5,5,6,6,6,6,6,6,6,6,6,6,6,6,5,6,6,5,6,5,6,5,6,6,5,6,6,6,6,6,5,6,6,Default,
25874,5,5,6,6,6,6,5,5,6,5,6,5,6,5,6,5,6,6,6,5,6,6,5,6,6,6,6,6,6,5,6,6,5,6,6,5,6,6,6,6,6,5,5,6,6,Default,
25890,5,6,6,5,6,5,5,6,5,5,6,6,5,6,6,6,5,6,6,5,5,6,6,6,6,6,4,6,6,5,6,6,6,6,5,6,6,5,5,6,5,6,6,6,5,Default,
25906,6,6,5,5,5,5,6,6,5,6,5,6,6,5,4,6,6,5,6,6,6,6,6,6,6,7,4,6,5,5,6,6,6,6,6,5,5,5,5,6,6,6,6,6,6,Default,
25922,5,6,6,6,6,6,6,5,5,6,6,6,6,6,6,5,6,6,5,5,6,6,5,6,6,6,5,6,6,6,6,6,5,6,6,6,5,6,6,6,5,6,4,6,6,Default,
25938,6,6,4,4,7,7,4,7,6,4,6,7,4,7,6,7,7,8,7,8,7,7,8,4,4,4,4,6,8,6,8,7,6,6,4,7,5,4,7,7,7,6,6,6,4,Default,
25954,5,5,5,6,6,6,6,5,6,5,6,5,6,6,6,6,6,6,5,6,6,6,6,5,5,6,5,6,6,5,6,6,5,6,6,4,5,6,5,7,5,5,6,5,4,Default,
25970,5,6,6,6,6,6,6,6,6,6,6,5,5,5,6,5,6,6,6,6,6,5,6,6,5,6,6,6,6,6,6,5,6,6,6,6,6,5,6,6,5,6,5,6,6,Default,
25986,5,6,6,5,6,6,6,6,6,6,6,5,6,6,5,6,6,5,5,6,6,6,6,4,6,6,6,6,5,4,6,6,5,6,6,5,6,6,6,5,6,6,6,6,5,Default,
26002,6,6,6,5,6,6,6,5,5,5,5,6,6,6,6,6,5,6,6,4,6,5,6,6,6,6,6,6,5,5,6,6,5,5,6,6,5,6,6,6,5,6,5,6,6,Default,
26018,6,6,5,6,6,6,5,6,5,6,6,5,6,6,5,6,5,5,6,6,6,6,5,5,5,6,6,6,6,5,6,6,6,6,6,6,6,6,6,6,5,6,5,6,6,Default,
26034,6,6,6,6,6,6,5,6,6,5,6,6,5,6,6,6,5,6,6,6,5,6,5,4,6,6,6,5,5,6,6,6,6,6,6,6,5,6,6,6,6,6,6,6,6,Default,
26050,6,8,4,4,6,7,4,6,6,5,6,6,5,6,6,6,5,6,6,6,5,6,6,6,6,5,5,6,6,6,6,6,6,6,6,6,4,6,6,6,6,6,6,6,6,Default,
26066,5,6,6,6,6,6,6,6,5,5,6,6,4,5,6,6,5,5,5,6,6,5,6,5,5,6,6,6,6,6,6,6,5,6,6,6,6,5,6,5,6,6,6,5,5,Default,
26082,6,6,6,4,5,6,5,6,6,6,6,6,6,6,5,5,4,6,6,6,6,6,6,5,6,6,5,6,6,5,6,6,6,6,6,6,4,6,6,6,6,6,5,5,6,Default,
26098,5,6,6,6,6,6,6,6,5,6,6,6,6,6,6,6,6,6,6,6,5,6,6,4,6,6,5,6,5,5,6,6,5,6,5,6,5,6,5,6,5,6,6,5,6,Default,
26114,5,6,6,6,5,6,6,4,6,6,6,6,6,6,4,5,6,6,6,6,5,6,6,6,5,6,5,6,6,6,6,6,6,6,5,6,5,6,5,6,6,6,6,5,5,Default,
26130,6,6,6,5,6,6,6,6,6,6,5,6,6,6,6,6,6,5,6,6,6,6,6,6,6,5,4,5,6,6,6,6,6,6,5,6,6,6,6,5,6,6,6,6,6,Default,
26146,5,6,6,6,6,5,6,5,5,6,5,5,6,6,6,6,5,6,6,4,5,6,5,6,6,6,6,6,6,6,6,6,5,6,6,6,6,6,6,4,6,5,5,6,6,Default,
26162,6,6,6,6,5,6,6,6,6,6,5,6,5,6,6,6,5,6,6,6,5,6,6,6,6,5,6,6,6,6,6,5,6,6,5,5,6,5,6,5,6,6,6,6,6,Default,
26178,5,5,6,6,6,6,6,6,6,6,5,6,6,6,6,6,5,6,6,6,6,6,6,6,6,6,6,6,5,6,6,6,6,6,6,6,5,6,6,5,6,5,6,6,6,Default,
26194,5,6,6,5,6,6,4,6,6,5,6,6,6,6,5,6,6,6,5,5,6,6,6,5,6,6,6,6,6,4,6,6,5,5,6,5,6,6,6,6,6,4,6,6,6,Default,
26210,6,6,6,6,6,6,5,6,5,6,5,6,6,6,6,6,5,6,6,5,5,6,6,6,6,5,6,5,6,5,5,6,6,6,5,6,6,6,6,5,6,6,4,6,6,Default,
26226,5,6,6,6,5,6,6,5,5,5,6,6,5,6,6,6,6,6,6,6,6,6,6,5,6,6,6,6,6,6,6,6,5,6,5,5,6,6,6,6,6,5,6,6,6,Default,
26242,6,6,6,5,6,6,5,6,6,6,6,6,6,6,6,6,6,6,5,6,6,5,5,5,6,6,5,6,6,6,6,6,6,6,5,6,5,6,6,6,5,6,6,6,6,Default,
26258,6,6,6,5,5,5,6,6,6,6,6,6,6,6,6,6,6,6,5,6,6,6,6,6,6,6,4,6,6,4,6,6,5,6,6,6,6,6,6,4,6,5,5,6,6,Default,
26274,5,5,6,6,6,6,6,6,6,6,6,6,6,7,6,5,4,5,6,5,6,6,5,6,6,6,6,6,5,6,5,6,5,5,6,5,5,5,6,6,6,6,6,6,5,Default,
26290,5,6,6,6,6,6,6,6,6,6,6,6,6,6,6,6,6,6,7,6,6,6,6,4,5,6,6,6,6,5,6,6,6,6,6,6,5,6,6,6,6,6,6,5,6,Default,
26306,5,6,6,6,6,6,6,6,6,6,6,5,6,5,5,6,6,6,6,6,6,5,6,6,5,6,6,6,6,6,6,5,6,6,5,6,6,5,6,6,5,6,6,6,6,Default,
26322,5,6,6,5,6,6,6,6,6,5,6,6,6,5,5,6,5,6,6,5,6,6,6,6,6,5,4,5,6,5,5,6,6,6,4,5,4,6,6,5,6,5,5,6,6,Default,
26338,4,6,6,5,5,6,4,6,5,6,6,6,5,6,6,6,5,6,5,6,6,6,6,6,6,6,6,6,5,6,6,6,6,6,5,6,5,5,6,6,6,5,6,6,6,Default,
26354,5,6,5,6,5,5,6,6,6,5,6,5,6,5,6,6,6,6,5,6,6,5,6,6,5,6,5,6,6,5,6,6,6,6,5,6,6,6,6,6,6,6,6,6,5,Default,
26370,6,5,6,5,6,6,5,5,6,6,5,6,6,5,6,6,5,6,6,5,6,6,6,6,5,6,6,5,6,6,6,6,6,6,6,6,6,5,6,5,6,6,6,6,6,Default,
26386,5,6,6,6,6,6,6,6,5,6,5,5,6,5,6,6,4,5,6,5,6,5,6,6,6,6,5,6,6,6,6,6,6,6,6,6,5,6,6,5,6,6,6,6,6,Default,
26402,5,6,6,6,5,5,5,6,6,4,6,6,6,6,6,6,6,6,6,5,6,5,6,6,6,6,6,6,5,5,5,6,6,5,6,5,6,6,6,6,6,6,6,6,6,Default,
26418,5,6,6,5,5,6,6,6,5,6,6,6,5,6,6,6,5,5,5,6,6,6,6,6,6,6,5,6,6,6,6,6,6,6,5,5,5,5,6,6,6,6,6,5,6,Default,
26434,5,5,6,6,6,6,6,6,5,6,6,6,5,6,5,5,6,6,6,6,4,5,5,5,6,6,6,6,6,6,6,6,6,6,6,6,6,6,5,5,6,5,6,6,6,Default,
26450,6,6,6,6,6,6,6,6,6,5,5,5,6,6,5,6,6,6,6,5,5,6,6,6,6,6,5,5,6,6,6,6,5,6,6,6,5,6,5,6,6,6,4,6,6,Default,
26466,5,6,6,6,6,5,6,6,6,5,6,6,5,6,6,5,6,6,6,6,6,6,5,6,6,6,5,6,6,5,6,6,5,6,6,5,6,6,6,6,6,5,6,6,6,Default,
26482,4,6,6,6,6,6,6,6,6,6,6,5,6,5,6,6,5,6,6,5,6,6,6,6,5,5,5,6,6,5,5,5,5,6,6,6,5,6,5,5,6,6,6,6,6,Default,
26498,6,6,5,6,5,6,6,6,6,6,6,6,6,6,5,5,6,5,5,6,6,5,6,6,6,5,6,6,6,6,6,5,6,5,6,5,6,4,6,6,5,6,6,6,6,Default,
26514,5,5,6,5,6,6,5,6,5,6,5,6,6,5,6,6,6,6,5,5,6,6,6,6,6,6,4,6,6,6,6,6,5,6,6,6,6,6,5,5,5,6,6,6,6,Default,
26530,4,5,6,5,6,6,5,6,6,6,6,6,5,6,6,6,5,6,6,6,6,5,6,5,6,6,6,6,6,4,6,6,5,6,6,6,6,6,6,6,6,6,6,6,6,Default,
26546,5,6,6,6,6,6,6,6,6,6,5,5,6,6,6,5,5,6,6,4,6,6,5,6,6,5,6,6,5,4,6,6,6,6,6,6,6,6,6,6,7,6,5,6,6,Default,
26562,6,6,6,5,6,6,4,6,6,6,5,5,6,6,5,6,5,5,6,5,6,6,6,6,6,6,5,5,6,5,6,6,6,5,5,6,6,6,6,5,6,6,5,6,6,Default,
26578,5,6,6,6,5,5,5,5,6,6,6,6,6,6,6,6,6,6,6,6,6,6,6,6,5,5,4,6,6,5,6,6,6,5,6,6,5,6,6,6,5,5,5,6,6,Default,
26594,5,6,6,6,6,6,6,6,5,5,6,6,6,6,5,5,5,6,6,6,6,5,5,6,5,6,6,6,5,6,6,6,6,6,6,6,6,6,5,6,6,6,6,6,6,Default,
26610,5,6,6,6,6,5,5,6,7,6,6,6,6,6,6,6,5,5,6,4,6,6,6,5,6,6,4,6,6,6,5,6,5,5,5,6,5,6,6,6,6,6,5,5,5,Default,
26626,6,6,6,6,6,6,5,6,6,6,6,5,5,5,6,6,5,6,6,6,6,6,6,6,6,6,6,5,6,4,6,6,6,6,6,5,4,6,5,6,6,6,5,6,5,Default,
26642,5,5,6,5,5,5,6,5,5,6,5,6,6,5,6,6,6,6,6,6,6,6,6,6,5,6,6,5,5,5,4,5,6,6,6,6,6,6,6,5,5,6,6,6,6,Default,
26658,4,6,6,5,5,6,5,6,6,6,5,5,5,6,6,6,5,5,6,6,5,5,6,6,6,6,5,6,6,6,6,6,5,5,6,6,5,5,6,6,6,5,5,6,6,Default,
26674,6,6,6,6,6,6,6,5,6,6,6,6,6,6,5,6,6,6,6,6,6,6,6,6,6,6,5,5,6,5,6,5,5,6,6,6,6,6,5,6,6,5,5,6,5,Default,
26690,5,6,6,6,5,6,5,6,6,6,6,5,5,6,6,6,6,5,6,6,6,6,4,6,5,6,6,6,6,6,6,6,5,6,6,6,5,6,6,6,6,4,6,6,6,Default,
26706,6,6,5,6,6,5,6,6,6,6,6,6,6,6,6,6,6,6,6,6,6,5,6,6,5,6,6,6,6,6,5,6,6,6,6,6,6,6,5,6,6,5,6,6,4,Default,
26722,6,5,5,6,6,6,6,6,6,6,6,6,5,5,6,6,4,6,6,5,6,5,6,5,5,6,6,6,6,6,5,6,6,5,6,6,5,6,6,6,6,6,6,6,6,Default,
26738,4,6,6,6,6,6,6,6,6,6,6,5,6,6,6,5,5,6,6,6,6,5,6,6,6,7,5,6,6,6,6,6,6,5,6,6,6,5,6,5,6,6,5,6,6,Default,
26754,6,6,5,5,6,6,4,6,6,6,6,6,6,6,6,5,5,5,6,5,6,6,6,6,6,6,6,6,5,6,5,6,6,6,6,6,5,6,5,5,6,6,5,6,5,Default,
26770,6,6,7,5,6,6,5,6,6,6,6,5,6,6,7,6,5,6,6,6,6,5,6,6,6,6,5,5,6,6,6,6,6,6,6,6,6,6,6,6,6,6,6,6,5,Default,
26786,5,6,6,6,5,6,5,6,4,5,6,6,6,6,6,5,6,6,6,6,6,6,6,5,6,6,6,6,6,6,5,6,6,6,6,6,5,5,6,5,6,6,6,6,6,Default,
26802,6,6,6,5,6,6,6,6,6,6,6,6,6,5,6,5,6,6,6,6,6,5,6,5,6,6,4,6,6,6,6,6,5,6,6,6,5,6,6,5,6,6,6,5,6,Default,
26818,5,6,6,5,6,6,5,6,6,5,6,6,6,6,6,6,5,6,5,6,6,6,6,6,6,5,5,6,6,5,6,5,6,6,6,6,5,6,6,5,6,6,6,6,6,Default,
26834,5,6,5,6,5,5,6,5,6,6,6,6,6,6,5,6,6,6,5,6,6,6,6,5,6,6,6,6,6,6,6,5,6,6,6,6,6,6,5,6,6,6,6,6,6,Default,
26850,5,5,6,6,6,6,6,6,6,6,5,6,6,4,6,6,6,6,6,6,5,6,6,4,6,6,4,6,6,5,5,6,5,6,6,6,4,5,6,5,6,6,6,6,6,Default,
26866,6,5,6,6,6,5,5,6,6,6,6,6,5,5,6,5,4,6,6,5,6,5,5,6,6,6,6,6,6,6,6,6,6,6,6,6,5,6,6,6,6,6,6,6,6,Default,
26882,6,6,6,6,6,5,6,6,5,6,6,6,6,6,6,6,6,6,6,6,6,6,6,6,5,6,5,5,5,5,6,5,6,6,4,5,6,5,6,6,5,6,6,6,6,Default,
26898,4,6,6,5,6,6,5,6,6,6,5,6,6,6,6,6,5,6,6,5,6,6,6,6,6,5,5,5,6,6,6,6,6,6,6,6,5,6,6,6,6,6,6,6,6,Default,
26914,5,6,5,6,4,6,6,6,6,6,5,5,5,6,6,6,6,6,6,6,6,6,6,6,6,6,5,6,6,5,6,5,5,5,6,6,6,5,5,6,6,6,6,6,5,Default,
26930,5,6,6,6,6,6,5,5,6,5,6,6,5,6,5,6,5,6,6,5,6,6,6,6,6,6,6,6,6,6,6,6,6,6,6,5,5,6,6,5,6,6,5,5,6,Default,
26946,4,5,6,6,6,6,6,5,5,6,6,5,6,6,5,6,6,6,5,6,6,5,4,6,6,6,4,6,6,5,6,6,6,6,6,6,6,6,5,6,6,6,6,6,5,Default,
26962,6,6,6,6,6,6,5,6,5,6,5,6,6,6,5,6,5,5,5,6,6,6,6,6,6,6,5,6,5,5,6,6,6,6,6,6,6,6,6,5,5,6,6,6,7,Default,
26978,5,5,6,6,6,6,6,6,6,6,6,5,6,5,6,5,6,5,6,5,6,6,4,6,6,6,6,6,6,6,6,6,5,6,6,6,6,5,6,6,6,5,6,6,6,Default,
26994,4,6,6,5,6,5,5,6,6,5,6,6,6,8,4,5,7,8,4,5,6,6,6,6,6,6,5,6,6,6,6,5,6,5,6,6,6,6,6,6,6,6,6,6,5,Default,
27010,5,6,6,6,6,6,6,5,6,6,6,6,6,5,5,6,5,6,6,6,6,6,6,6,6,6,6,5,6,6,6,6,6,6,6,5,5,6,6,6,6,5,6,6,6,Default,
27026,4,4,6,4,5,5,7,6,6,6,6,5,8,8,6,7,5,5,6,4,6,6,6,6,6,6,5,6,6,6,6,6,6,6,6,6,6,4,5,5,7,4,8,7,6,Default,
27042,5,6,6,6,6,5,6,6,6,6,6,6,5,6,6,6,5,6,6,6,6,6,5,5,6,6,5,5,6,6,6,6,5,6,6,6,6,6,6,6,6,6,6,5,6,Default,
27058,5,6,6,6,6,6,6,6,6,6,6,5,6,6,6,6,6,5,6,6,6,6,6,6,6,6,5,6,5,6,6,6,5,6,6,6,5,6,6,5,6,6,6,6,6,Default,
27074,5,6,5,6,6,6,5,6,5,6,6,6,6,5,6,6,6,6,6,5,6,5,6,6,6,6,6,5,6,6,6,6,6,6,6,6,6,6,6,6,6,6,4,6,6,Default,
27090,5,6,6,5,6,6,4,6,6,6,6,6,6,6,6,6,6,6,6,6,6,6,6,6,6,6,5,5,6,6,6,6,6,6,6,6,5,6,6,4,5,6,6,6,6,Default,
27106,6,6,5,5,6,6,6,6,6,6,6,6,5,6,5,6,5,5,6,6,6,5,6,6,6,6,6,5,6,6,6,5,6,6,6,6,6,6,6,5,6,6,6,6,6,Default,
27122,6,6,6,6,5,6,4,6,6,5,6,5,6,6,6,7,5,6,6,5,5,6,5,6,6,5,6,6,5,4,5,6,6,6,6,6,6,6,6,6,6,6,4,6,5,Default,
27138,5,6,6,5,6,6,4,6,6,6,6,6,6,5,6,5,5,6,6,4,6,5,5,6,6,5,6,6,5,6,6,6,6,6,6,6,5,6,6,6,6,6,6,6,6,Default,
27154,5,6,6,6,6,6,6,6,6,5,6,5,6,6,6,6,6,6,5,6,6,6,6,5,6,6,6,6,6,5,6,6,6,6,6,6,6,6,6,6,6,6,6,6,6,Default,
27170,6,6,6,6,5,6,6,6,6,6,5,5,6,6,6,6,6,6,5,6,6,4,5,6,5,6,6,6,6,5,6,6,5,6,6,6,5,5,6,5,6,5,6,6,5,Default,
27186,6,6,6,6,6,6,6,6,6,6,6,5,6,6,6,6,6,6,5,5,6,6,6,6,6,6,5,6,6,6,6,5,5,6,6,5,6,6,5,6,6,6,6,6,6,Default,
27202,6,6,5,5,6,6,6,6,6,6,6,6,6,4,5,6,6,6,6,6,5,6,6,6,5,6,5,6,6,4,6,6,6,6,5,6,5,6,6,5,6,6,6,6,5,Default,
27218,5,6,6,6,6,6,6,6,6,6,6,5,6,5,5,6,6,6,6,5,6,5,6,6,6,5,6,5,6,5,6,6,6,5,5,6,5,5,6,6,6,6,6,6,6,Default,
27234,5,6,6,5,5,6,5,6,6,6,5,6,6,6,6,6,5,6,6,6,6,5,6,5,6,4,5,6,6,6,6,6,6,6,6,6,5,6,6,5,6,6,6,6,6,Default,
27250,6,6,6,6,5,6,5,6,6,6,5,6,6,6,5,6,6,6,6,5,6,6,6,5,6,6,6,5,6,6,6,6,5,5,6,5,6,6,6,6,5,6,6,5,6,Default,
27266,5,6,6,5,6,6,5,6,5,6,6,6,4,6,5,6,5,6,6,5,6,6,6,5,6,6,6,5,6,6,6,6,5,6,6,6,6,6,6,5,6,6,5,6,6,Default,
27282,6,6,4,6,5,6,5,6,5,6,6,6,6,6,5,5,4,6,5,5,6,6,6,5,6,5,6,6,6,6,5,6,6,5,5,6,6,5,6,5,6,5,6,6,6,Default,
27298,5,6,6,4,6,6,5,5,6,5,6,6,6,5,6,6,6,6,6,6,6,6,5,6,6,5,6,6,6,5,6,6,6,6,6,6,5,6,6,4,5,6,6,6,6,Default,
27314,6,6,6,6,6,6,5,5,6,5,5,5,5,6,5,5,6,6,5,5,6,6,6,6,6,6,6,6,6,5,6,6,5,6,5,6,6,6,6,5,5,6,6,6,6,Default,
27330,5,6,6,6,5,6,5,6,6,6,5,5,6,5,6,5,6,6,6,5,6,5,6,6,6,6,5,5,6,6,6,5,6,6,6,6,6,5,6,6,6,6,6,6,6,Default,
27346,5,6,5,5,6,6,6,6,6,6,6,6,6,5,6,5,5,6,6,6,6,6,6,5,6,6,5,6,6,5,6,6,6,6,6,6,5,6,6,6,6,5,6,5,6,Default,
27362,6,6,6,6,6,6,6,6,6,6,6,6,6,6,5,5,6,6,6,6,6,6,6,6,5,6,5,6,6,6,5,6,6,6,6,6,6,6,6,6,7,6,6,6,6,Default,
27378,5,6,6,6,6,5,6,6,6,6,6,6,5,5,6,6,4,6,6,6,6,6,6,6,6,6,5,6,6,5,6,6,6,6,5,5,5,6,6,5,5,6,6,6,6,Default,
27394,6,6,6,6,6,6,6,6,6,5,6,6,6,5,6,6,6,6,6,6,5,6,5,5,6,6,5,6,6,5,6,6,5,5,6,5,6,6,5,6,5,5,6,6,6,Default,
27410,6,6,6,6,6,6,5,5,6,6,6,6,6,6,6,6,6,6,6,5,6,6,6,6,6,6,6,6,6,6,6,6,6,6,6,6,6,6,6,6,6,6,6,6,5,Default,
27426,6,6,5,6,6,6,6,6,6,6,6,6,6,6,6,5,6,6,5,6,5,6,6,6,6,6,6,6,6,6,6,6,5,6,5,5,6,6,6,5,6,6,6,6,5,Default,
27442,5,6,6,6,6,6,6,6,6,6,5,6,6,5,6,6,6,5,6,5,6,6,6,5,6,6,5,6,6,6,6,6,5,6,6,6,5,6,6,5,6,6,6,6,6,Default,
27458,5,6,6,5,6,6,4,6,6,6,6,6,6,6,6,6,5,5,6,5,5,6,6,6,6,6,6,6,6,6,6,6,6,6,6,6,6,6,6,6,6,6,5,6,6,Default,
27474,5,6,6,6,6,6,6,6,6,6,6,6,6,6,6,6,6,6,5,6,5,6,6,6,5,6,6,6,6,6,6,6,6,6,6,6,5,6,6,6,5,6,6,6,6,Default,
27490,6,6,6,4,6,6,5,6,6,6,6,6,6,4,6,6,6,6,6,6,6,5,6,4,6,5,4,5,6,6,5,5,5,5,6,6,5,5,6,6,6,6,6,5,6,Default,
27506,5,6,5,5,6,5,6,6,6,6,6,6,6,6,6,5,6,6,6,6,6,6,5,6,4,6,6,6,6,6,5,6,6,5,5,6,5,6,6,5,6,6,6,6,6,Default,
27522,5,6,5,6,5,6,6,6,6,6,6,6,6,6,6,6,6,6,6,6,6,6,6,6,6,5,4,6,6,6,6,6,6,6,6,6,4,6,6,5,5,6,6,6,5,Default,
27538,5,6,6,6,5,6,6,6,6,6,7,5,6,6,6,6,5,5,6,5,5,6,6,6,6,6,5,6,6,5,6,6,6,6,6,6,5,5,6,6,6,6,5,6,5,Default,
27554,5,6,6,5,6,5,5,5,6,6,6,6,5,6,6,6,6,6,6,6,6,6,6,6,5,6,6,6,5,4,6,6,5,5,5,6,6,6,6,6,6,6,5,6,5,Default,
27570,5,6,6,5,6,6,6,6,6,6,6,6,6,6,6,5,6,6,6,6,6,6,6,4,6,6,5,6,6,6,6,5,6,6,6,6,6,6,6,6,6,6,6,6,6,Default,
27586,5,6,5,6,5,6,5,6,6,6,6,6,6,6,6,6,5,6,5,6,6,6,6,6,5,6,4,6,5,5,6,6,6,6,6,6,5,6,6,6,6,6,6,6,5,Default,
27602,5,6,5,6,5,6,6,6,6,5,6,5,6,6,6,6,6,6,6,5,6,6,6,6,6,5,6,6,6,6,6,6,6,6,6,5,6,6,6,5,6,5,6,6,6,Default,
27618,5,6,6,6,6,6,6,6,6,5,6,5,6,6,6,6,6,5,6,6,6,5,6,5,6,6,5,5,5,5,5,6,6,6,6,6,4,7,6,5,6,5,6,6,5,Default,
27634,5,6,5,5,6,5,6,6,6,5,6,5,6,6,6,6,5,6,6,6,5,5,6,5,6,6,5,6,6,5,6,6,4,5,6,5,6,6,6,6,5,5,6,5,4,Default,
27650,6,6,6,6,6,6,6,6,6,6,6,6,6,6,6,5,6,6,6,5,5,6,6,5,6,6,6,6,6,6,6,5,6,6,6,6,6,6,5,5,5,6,5,6,6,Default,
27666,6,6,6,6,6,5,6,6,6,6,6,5,6,6,6,5,6,6,6,6,5,6,6,6,5,6,5,6,6,5,6,6,6,6,6,5,6,6,6,6,5,5,6,6,5,Default,
27682,6,6,6,5,6,6,7,6,9,8,8,4,6,7,6,4,5,7,7,7,7,7,4,7,6,4,8,4,6,6,7,6,5,8,4,5,7,7,6,6,4,6,4,6,4,Default,
27698,6,6,6,6,6,6,6,6,6,6,6,6,5,6,5,6,6,5,6,5,6,6,6,6,6,6,6,4,5,6,6,6,6,5,4,6,6,6,6,5,6,6,6,5,6,Default,
27714,5,6,6,6,6,6,5,6,6,5,6,6,5,6,6,6,4,6,6,5,6,6,6,6,6,6,6,5,6,6,5,6,6,5,6,6,5,6,6,5,6,6,6,6,6,Default,
27730,6,6,6,5,6,6,5,6,6,5,6,6,5,6,6,5,5,6,5,4,6,5,6,6,6,6,4,6,6,4,6,6,6,6,6,6,5,6,6,6,5,6,6,6,5,Default,
27746,5,5,6,6,6,6,6,6,6,6,6,6,6,6,4,6,6,6,5,6,6,6,6,6,6,6,6,6,6,6,6,6,6,6,6,6,6,6,6,5,6,6,6,5,5,Default,
27762,5,6,6,5,6,6,5,6,6,6,6,7,6,6,6,6,6,6,6,5,6,6,6,6,6,6,5,6,6,6,6,6,6,6,6,6,5,6,6,6,6,6,6,5,6,Default,
27778,4,5,6,6,6,5,5,6,6,6,5,6,5,6,6,6,5,6,6,6,6,6,6,6,6,6,5,6,6,6,5,6,6,5,6,6,6,6,6,5,6,7,5,4,4,Default,
27794,5,6,6,6,6,6,4,6,6,6,6,5,6,6,6,6,6,6,5,5,6,6,5,6,5,6,6,5,6,6,6,6,6,6,6,6,6,5,6,5,5,6,6,6,6,Default,
27810,5,6,6,6,6,6,6,6,5,6,5,6,6,6,5,6,6,6,6,6,6,6,6,6,6,6,6,6,6,5,5,6,6,6,6,5,5,6,6,4,6,6,6,6,6,Default,
27826,6,5,5,6,5,6,6,6,6,6,6,6,6,6,6,6,6,6,6,6,6,6,6,5,6,6,5,6,6,5,6,6,6,6,6,5,6,5,6,5,6,5,6,5,6,Default,
27842,5,6,6,6,6,6,6,6,6,6,6,5,6,5,5,6,6,6,6,4,6,6,6,6,6,6,6,5,6,6,5,5,6,6,6,6,6,6,6,4,5,6,6,6,5,Default,
27858,5,6,6,6,5,5,6,6,6,6,6,6,6,6,6,6,6,6,6,6,6,6,5,6,6,6,5,6,6,5,6,6,6,6,6,5,5,6,6,6,6,6,6,6,6,Default,
27874,6,6,5,5,6,6,6,6,6,6,6,6,6,6,6,6,6,6,6,6,5,6,6,6,6,6,5,6,5,4,6,6,5,6,6,6,6,6,6,6,6,5,6,6,6,Default,
27890,6,6,6,5,5,5,6,6,6,6,6,5,6,6,6,5,6,5,6,6,6,6,6,6,5,5,6,6,6,5,6,6,6,6,6,6,6,6,6,6,6,6,6,6,6,Default,
27906,5,6,6,6,6,6,6,6,6,6,6,6,6,6,6,5,6,6,6,6,6,6,6,6,6,6,5,6,5,5,6,6,5,6,6,6,5,6,6,6,6,5,6,6,6,Default,
27922,6,6,6,5,6,6,5,6,6,6,6,6,6,6,6,6,6,6,6,6,6,6,6,6,6,6,6,6,6,6,5,6,6,6,6,6,5,6,6,5,6,6,6,6,6,Default,
27938,5,6,6,6,5,5,6,6,6,6,6,6,6,5,6,6,6,6,6,4,6,6,5,6,6,6,6,5,6,5,6,5,6,6,6,6,6,6,6,6,6,6,6,6,6,Default,
27954,5,6,6,5,6,6,5,6,6,6,5,6,6,6,6,6,5,6,6,6,6,6,6,6,6,5,4,6,6,6,6,6,6,6,5,5,6,6,6,5,6,6,6,6,6,Default,
27970,6,6,6,6,6,6,5,5,5,6,6,6,6,6,6,6,5,6,5,6,6,5,6,6,6,6,5,5,6,6,6,6,6,5,5,6,6,6,6,6,6,6,6,6,6,Default,
27986,5,6,6,6,6,5,6,5,6,6,5,6,6,6,6,6,6,6,6,5,6,6,6,6,6,6,5,5,6,6,6,6,5,5,6,6,6,6,6,6,6,6,5,6,6,Default,
28002,4,6,6,6,5,6,5,5,6,6,5,6,6,6,6,6,5,6,6,4,6,6,6,6,5,6,5,6,6,6,6,6,6,5,6,6,5,6,6,5,6,6,5,5,6,Default,
28018,5,5,6,5,6,6,6,6,6,6,6,6,6,6,5,6,5,6,6,5,5,6,6,6,6,6,5,6,6,6,6,6,6,6,5,6,6,6,6,6,6,6,6,6,6,Default,
28034,5,6,6,6,5,6,6,6,6,6,5,6,6,6,6,5,5,6,6,6,5,6,6,5,4,6,6,6,6,6,6,6,6,5,5,6,6,5,5,6,6,6,5,6,5,Default,
28050,6,6,6,5,6,5,5,6,5,5,6,6,6,6,5,5,5,6,5,5,6,6,6,6,6,6,5,6,6,6,6,6,6,6,6,6,5,5,6,5,6,5,4,6,6,Default,
28066,5,5,6,5,6,6,4,6,6,6,6,6,6,6,6,6,5,6,6,6,6,5,6,6,5,6,5,5,6,6,6,5,6,6,5,6,5,5,6,6,6,6,4,6,5,Default,
28082,5,5,4,6,4,5,6,6,6,6,6,6,6,5,6,5,6,6,6,6,6,6,5,6,6,6,6,4,5,6,5,6,6,6,6,5,6,5,6,6,5,6,6,6,6,Default,
28098,4,5,5,6,6,6,6,6,6,5,6,6,6,6,6,7,6,5,6,5,6,6,6,6,6,6,6,6,6,4,6,6,6,5,6,5,5,6,6,6,6,6,6,5,6,Default,
28114,5,6,6,6,6,6,6,6,6,6,6,5,6,6,5,6,6,6,6,6,6,6,6,6,6,6,6,6,6,6,6,6,6,6,6,6,6,6,6,6,6,6,6,6,6,Default,
28130,5,6,5,5,5,6,6,6,6,5,6,6,6,5,5,6,6,6,5,6,6,6,6,6,6,6,5,6,5,4,6,6,5,6,6,6,6,6,6,5,6,6,5,6,5,Default,
28146,6,6,6,5,6,6,6,6,5,6,6,5,6,6,5,6,6,6,6,6,6,6,6,5,6,6,6,6,6,6,6,6,5,6,6,6,6,5,4,6,6,5,5,6,6,Default,
28162,5,6,6,6,5,6,6,6,5,6,6,6,6,5,6,6,4,6,6,5,6,6,6,5,6,6,5,6,6,5,6,6,6,6,6,6,6,6,6,5,6,6,5,6,6,Default,
28178,6,6,6,5,6,6,5,6,6,4,6,7,6,6,6,5,6,5,6,6,6,6,6,6,6,6,6,5,6,6,5,6,5,6,6,6,6,5,6,5,6,5,5,6,5,Default,
28194,5,6,5,6,6,5,6,6,6,6,5,6,6,5,6,6,5,6,5,6,6,6,6,6,6,6,5,6,6,6,6,5,5,6,6,5,5,6,6,6,5,5,6,6,6,Default,
28210,5,5,6,6,6,6,6,6,6,5,5,6,6,6,6,6,6,5,5,5,6,6,6,6,6,6,5,5,6,6,5,6,6,5,5,5,5,6,6,6,6,6,5,6,6,Default,
28226,5,6,6,6,6,6,6,6,6,6,6,5,6,6,6,6,5,6,6,6,6,5,5,6,5,6,5,6,5,6,6,5,6,6,6,5,6,6,5,6,6,6,5,6,5,Default,
28242,5,5,6,5,5,6,6,6,6,6,6,5,6,6,6,6,5,6,6,6,5,6,5,6,6,6,5,6,6,5,6,6,6,5,6,6,4,6,6,5,6,6,5,6,6,Default,
28258,5,5,5,6,6,6,5,6,5,5,5,5,6,6,5,6,5,6,6,6,6,6,6,6,6,6,5,6,6,5,6,5,6,6,6,6,6,6,6,5,5,6,6,6,6,Default,
28274,5,6,6,6,6,6,6,6,5,6,6,6,6,6,6,5,6,6,4,5,6,5,5,6,6,6,6,6,6,4,6,6,5,6,6,6,6,5,6,4,6,6,5,6,5,Default,
28290,5,6,6,6,6,6,6,6,6,6,5,6,6,6,6,6,6,5,6,6,6,5,6,5,5,6,6,6,6,5,6,5,6,6,6,6,6,6,6,6,6,6,5,6,6,Default,
28306,6,6,5,4,6,6,5,6,6,6,6,6,6,6,6,6,6,6,6,6,6,6,6,6,6,6,5,5,6,6,6,6,6,6,6,5,6,5,5,6,6,5,6,6,6,Default,
28322,6,6,6,6,6,6,6,6,6,5,6,6,6,5,6,6,6,6,6,5,6,6,5,6,6,6,6,6,6,5,6,6,5,6,6,6,6,6,6,6,6,6,6,5,6,Default,
28338,6,6,5,5,5,6,5,6,6,6,6,6,6,6,6,6,5,6,6,6,6,6,6,6,6,6,6,5,6,6,6,6,6,6,6,5,5,6,6,4,6,6,6,6,6,Default,
28354,6,6,6,6,6,6,6,6,6,6,6,6,6,6,6,6,6,6,6,6,6,5,5,5,6,6,4,6,6,6,6,6,5,6,6,5,6,6,5,5,5,6,6,6,5,Default,
28370,6,6,6,6,5,6,6,6,6,6,5,5,6,6,6,5,5,6,6,6,6,6,6,6,5,6,5,6,6,5,5,6,6,6,6,6,6,6,6,6,5,6,6,6,6,Default,
28386,5,6,6,6,6,5,6,6,5,6,6,6,6,6,6,6,5,6,5,5,5,6,5,4,5,6,4,6,6,5,5,5,6,5,6,5,7,6,6,6,5,5,6,6,5,Default,
28402,5,6,6,6,6,6,6,6,6,6,6,6,6,5,6,6,5,6,5,6,6,5,6,5,6,6,5,6,5,6,6,6,6,6,6,6,5,5,5,6,6,6,5,5,6,Default,
28418,5,6,6,5,6,6,6,6,6,6,5,6,6,5,6,6,6,6,5,6,6,6,6,6,5,6,6,6,6,6,6,6,6,5,6,6,6,5,6,5,6,6,6,6,6,Default,
28434,6,6,6,6,6,6,5,6,6,6,6,6,6,6,6,5,6,6,5,6,6,6,6,6,6,6,5,6,6,6,6,6,6,6,6,6,4,5,6,6,6,6,6,6,6,Default,
28450,5,6,6,5,6,6,5,6,5,6,5,6,6,6,5,6,5,6,6,6,6,6,6,6,6,6,6,6,6,6,5,6,6,6,6,6,6,5,6,4,5,5,5,6,6,Default,
28466,5,5,5,6,6,6,6,6,6,6,6,6,5,6,6,6,6,5,6,5,5,6,6,6,6,6,5,6,6,4,6,6,4,5,6,6,6,6,6,5,6,5,6,6,6,Default,
28482,6,5,6,6,6,6,5,6,6,6,6,6,6,6,6,6,6,6,6,6,6,5,6,6,6,5,5,6,6,6,5,6,6,6,5,6,5,6,4,5,6,6,5,5,6,Default,
28498,6,6,6,6,6,6,4,6,6,6,6,6,6,5,6,6,6,5,8,8,4,8,6,4,8,4,4,6,4,5,7,5,5,7,7,8,4,7,7,7,7,7,4,6,4,Default,
28514,6,6,6,6,6,6,6,5,6,6,6,6,6,5,6,5,6,6,6,5,6,6,6,6,6,6,6,5,6,4,5,6,6,6,6,6,5,6,5,6,6,6,5,6,5,Default,
28530,6,6,6,5,5,6,5,5,5,6,6,6,5,6,6,6,5,6,6,5,6,6,6,6,6,6,5,6,6,6,6,5,5,6,6,6,6,6,6,5,5,6,5,5,6,Default,
28546,6,6,6,5,5,6,5,5,6,5,6,6,6,6,6,6,5,5,6,6,5,6,6,6,6,6,5,6,6,5,5,6,6,6,6,5,6,6,6,6,6,6,5,6,5,Default,
28562,6,6,6,6,6,6,6,5,6,5,6,6,6,6,5,6,6,6,6,6,6,6,6,6,5,6,6,5,5,5,5,5,5,6,6,5,6,5,6,5,6,6,6,6,6,Default,
28578,5,6,5,6,6,6,6,6,6,5,6,6,5,6,6,6,5,6,6,5,6,6,6,6,6,6,6,5,6,6,6,6,6,6,6,6,6,7,6,6,5,6,6,6,6,Default,
28594,6,6,6,6,6,6,6,6,6,6,6,6,6,6,6,6,6,5,6,6,6,6,6,5,6,6,5,5,6,6,6,6,6,6,5,5,6,6,6,5,6,5,6,6,5,Default,
28610,5,6,6,6,6,6,6,6,6,6,5,5,5,5,5,6,6,5,6,6,6,6,4,6,6,6,6,6,6,6,6,6,6,6,6,5,6,5,6,5,6,6,6,6,6,Default,
28626,5,5,6,6,6,5,5,6,6,6,6,6,6,6,6,5,6,6,6,6,5,5,6,6,5,6,5,6,5,5,5,6,6,5,6,6,6,6,6,6,5,5,6,6,5,Default,
28642,6,6,6,5,6,6,4,6,6,6,6,6,6,6,6,5,6,6,6,6,6,5,6,6,6,5,5,6,6,6,6,5,6,6,5,5,5,5,6,5,6,6,6,6,5,Default,
28658,6,6,5,6,6,6,6,6,5,6,5,6,6,6,6,6,5,6,6,4,6,6,5,6,6,6,6,6,6,6,6,6,6,6,5,6,6,5,5,5,6,6,6,6,5,Default,
28674,6,6,6,5,6,6,6,6,6,6,6,6,6,6,6,6,6,5,6,6,6,6,6,6,6,6,5,6,5,6,6,6,6,6,6,5,6,6,6,5,6,6,5,6,6,Default,
28690,5,6,6,5,6,6,4,6,6,6,6,6,6,6,6,6,6,6,6,6,6,5,5,6,6,6,6,6,6,6,6,6,6,6,6,6,5,6,5,6,5,6,6,6,6,Default,
28706,4,6,6,6,6,6,6,6,6,6,5,6,6,5,5,6,6,6,6,5,6,6,5,6,6,6,6,5,6,6,5,6,6,6,6,6,6,6,6,5,6,6,6,6,6,Default,
28722,6,5,6,6,6,6,6,6,6,6,6,6,6,6,6,6,6,5,5,6,5,6,6,6,5,6,5,6,6,6,6,5,6,6,6,6,5,6,6,6,6,6,6,6,6,Default,
28738,6,6,6,5,6,6,6,6,6,5,5,6,6,6,6,5,4,6,6,6,5,6,6,6,6,6,5,6,6,6,6,6,6,6,6,6,5,6,6,5,6,5,5,6,6,Default,
28754,6,6,6,6,5,6,6,6,6,4,6,6,6,6,6,6,6,5,6,6,5,6,5,6,6,6,6,5,5,6,6,6,6,6,4,6,6,6,6,6,6,6,6,5,6,Default,
28770,5,5,5,6,6,6,6,5,6,5,6,6,6,6,6,6,4,6,6,5,6,6,6,6,6,6,6,6,6,5,6,6,5,5,5,6,6,5,6,5,6,6,5,6,6,Default,
28786,6,5,5,6,6,6,6,6,5,6,6,6,6,5,6,6,5,6,6,5,6,6,5,6,5,6,6,6,5,5,5,6,6,6,6,5,5,6,6,5,6,5,6,5,6,Default,
28802,5,6,6,6,6,5,6,6,6,4,5,6,6,6,6,6,6,6,6,5,6,6,4,6,6,6,6,5,6,5,6,6,4,5,6,6,6,6,5,5,6,6,6,6,6,Default,
28818,6,6,6,5,6,6,5,6,6,6,6,6,6,6,6,6,6,6,6,6,6,6,6,6,6,6,4,6,6,6,6,6,6,6,5,5,6,6,6,4,6,6,6,6,5,Default,
28834,5,6,6,6,6,6,6,5,6,6,6,6,6,6,5,6,6,6,6,6,5,6,6,5,6,5,6,6,6,6,6,6,5,6,6,5,6,6,6,6,5,6,6,6,5,Default,
28850,6,6,6,6,6,6,6,6,6,6,6,5,6,5,5,6,5,6,6,6,6,6,6,6,6,6,5,6,6,5,6,6,5,6,6,5,6,5,6,5,6,6,6,6,6,Default,
28866,7,6,6,6,5,6,6,5,5,6,6,5,6,5,6,6,6,6,6,5,6,6,6,6,6,6,5,5,6,6,6,6,5,6,6,5,5,6,5,6,6,4,5,5,5,Default,
28882,5,6,5,5,6,6,5,6,6,6,6,6,6,5,6,6,6,6,6,4,6,6,6,6,6,5,4,5,6,5,6,6,6,6,6,6,4,5,6,6,6,6,6,5,5,Default,
28898,5,6,5,6,6,6,5,6,6,6,6,6,5,6,6,5,6,6,6,5,6,6,5,6,4,6,6,5,6,6,6,6,6,6,6,4,6,5,6,6,6,6,5,6,6,Default,
28914,5,6,6,6,6,6,6,6,6,6,5,6,6,6,6,5,6,6,6,5,5,6,6,6,6,6,4,6,6,5,6,6,5,6,6,6,5,6,6,5,6,6,6,5,6,Default,
28930,5,6,6,6,6,5,6,6,6,5,6,6,6,6,6,6,4,6,6,6,6,6,6,5,6,5,5,6,6,5,6,6,6,5,6,6,5,6,5,6,5,5,6,6,6,Default,
28946,6,6,6,6,6,6,6,6,5,6,5,6,6,6,6,6,6,5,5,6,6,6,6,6,4,6,6,6,6,6,5,6,7,6,5,6,6,4,6,5,6,6,6,6,5,Default,
28962,6,6,6,5,6,6,4,6,6,5,6,6,6,6,5,6,5,6,6,6,6,6,5,5,6,6,5,6,5,4,5,6,6,6,6,6,5,6,6,5,5,6,6,6,6,Default,
28978,4,6,6,6,6,6,6,6,6,6,6,6,6,6,6,6,6,5,6,5,6,6,6,5,6,6,4,6,6,6,6,6,5,5,6,6,5,6,6,5,6,6,6,6,6,Default,
28994,6,6,6,6,6,6,5,6,6,5,6,6,5,6,6,6,5,6,6,4,6,6,6,6,6,5,6,6,6,5,6,6,6,6,6,6,6,6,6,6,5,6,6,5,6,Default,
29010,6,6,4,6,6,4,6,5,4,4,6,4,8,8,6,7,7,4,7,6,5,7,4,7,4,4,6,8,7,4,5,4,5,6,6,6,6,6,6,6,6,6,6,5,6,Default,
29026,5,6,6,5,6,6,6,6,6,6,6,6,5,5,6,6,5,6,6,6,5,5,6,6,5,6,6,6,6,6,6,6,5,6,6,6,5,5,5,6,6,6,4,6,6,Default,
29042,5,6,6,6,6,6,6,5,5,5,6,6,6,6,6,6,6,6,6,6,6,6,5,5,6,5,6,6,6,6,6,6,5,6,6,6,6,6,6,6,6,5,5,6,5,Default,
29058,5,6,6,6,6,6,5,5,6,6,6,6,6,5,6,6,6,6,6,6,5,6,6,5,5,6,5,5,6,5,6,5,5,6,5,6,5,6,6,4,6,6,6,6,5,Default,
29074,5,6,6,6,6,6,5,6,6,6,6,6,6,5,6,6,6,6,6,5,6,6,6,5,6,6,5,6,6,6,5,6,5,6,6,6,6,6,6,6,5,4,6,6,5,Default,
29090,5,6,6,5,6,6,6,6,6,6,6,6,6,5,4,6,6,5,5,6,6,6,6,6,5,6,6,5,6,5,6,6,5,6,5,6,6,6,5,6,6,6,6,6,5,Default,
29106,6,6,5,6,6,5,6,6,6,6,6,5,6,6,5,6,5,5,6,5,6,6,6,6,6,5,6,6,6,4,5,6,6,6,6,5,6,6,4,6,6,5,6,6,4,Default,
29122,4,6,6,4,5,6,6,6,6,6,6,6,6,6,6,6,6,6,6,6,6,6,6,5,6,6,5,6,6,6,6,5,6,6,6,6,6,6,6,5,6,6,6,6,6,Default,
29138,6,6,5,6,5,5,6,5,5,6,6,6,5,5,6,5,6,6,6,6,6,6,6,6,6,6,6,6,6,6,5,6,6,6,5,6,6,7,6,5,6,6,6,6,6,Default,
29154,5,6,6,5,6,6,4,6,6,6,6,6,6,5,6,6,6,5,6,5,6,6,6,5,5,6,5,6,6,6,6,6,6,6,6,6,6,7,5,6,6,6,6,6,5,Default,
29170,5,5,5,6,6,6,6,5,6,6,6,6,6,5,5,5,6,6,6,6,6,6,6,6,6,6,5,6,5,6,6,6,6,6,6,5,5,6,6,6,6,6,6,6,5,Default,
29186,5,6,6,6,4,6,6,5,6,6,6,5,6,6,5,6,5,6,6,5,5,5,6,6,6,6,5,5,5,6,6,6,6,6,6,6,6,6,5,5,6,5,6,6,6,Default,
29202,5,6,6,5,6,6,6,6,5,5,5,6,6,6,5,6,5,6,6,5,6,5,5,6,5,5,5,6,6,6,6,6,6,6,6,6,5,6,6,4,6,6,6,6,6,Default,
29218,5,6,6,6,6,6,6,6,6,5,5,6,6,5,5,6,4,6,6,6,6,6,5,5,6,5,4,5,6,6,5,6,6,6,6,5,4,5,6,5,6,6,6,5,5,Default,
29234,5,6,6,6,6,6,6,6,6,6,6,6,6,5,6,6,5,6,6,5,6,6,5,6,6,5,5,6,6,5,6,6,6,6,6,6,6,6,6,4,6,5,5,5,6,Default,
29250,6,5,6,6,6,6,6,6,6,6,6,5,6,6,6,6,5,6,6,6,6,6,5,6,5,6,5,6,5,6,6,6,6,6,6,6,5,6,6,6,6,5,6,6,5,Default,
29266,5,6,6,4,5,6,6,6,5,6,6,6,6,5,6,5,5,6,6,6,6,6,6,6,6,5,5,5,5,6,6,5,6,6,6,5,5,6,6,6,6,6,4,6,6,Default,
29282,6,6,5,6,6,6,6,5,5,6,5,5,6,6,6,6,6,6,5,6,6,5,6,6,5,5,6,6,6,6,6,6,6,6,6,6,6,6,6,6,6,6,6,6,6,Default,
29298,6,6,5,6,6,5,5,6,6,6,6,5,6,6,6,6,5,6,6,6,6,6,6,6,6,6,5,6,6,6,6,6,5,6,6,6,5,6,5,6,5,6,6,6,6,Default,
29314,6,6,5,6,6,5,6,6,6,6,6,6,6,5,5,5,6,6,6,6,6,6,6,4,6,5,6,6,6,5,6,5,5,6,6,5,6,6,5,6,6,8,8,4,7,Default,
29330,6,6,6,6,6,6,6,6,6,5,6,5,6,6,5,6,5,5,6,5,6,6,6,5,6,6,6,5,6,6,6,6,6,6,6,6,6,6,6,5,5,6,6,5,5,Default,
29346,6,5,6,5,5,6,6,6,6,6,6,6,6,6,6,6,6,6,6,5,6,6,6,6,5,6,5,6,6,5,6,6,5,6,6,6,6,5,5,5,5,5,6,6,5,Default,
29362,5,6,6,6,5,5,6,6,6,6,6,6,6,6,6,6,6,4,6,6,6,6,6,5,6,6,6,6,6,6,6,6,5,5,6,6,5,6,6,5,5,6,6,6,6,Default,
29378,5,5,6,5,6,6,4,6,6,6,6,5,6,6,5,6,6,6,5,5,6,6,6,6,6,6,6,6,5,5,6,5,6,6,6,6,6,6,5,5,6,6,5,6,6,Default,
29394,5,6,6,6,5,6,6,6,6,5,6,6,6,6,5,6,4,5,6,5,6,5,6,6,6,6,5,5,6,6,6,5,6,6,5,6,6,6,5,6,6,6,6,5,5,Default,
29410,5,6,6,5,6,6,5,6,6,5,6,6,6,6,6,6,5,6,6,4,6,5,6,6,6,5,5,6,6,6,6,6,6,6,6,5,6,6,6,5,6,6,6,6,6,Default,
29426,6,6,6,5,6,5,6,6,6,6,4,6,6,5,6,6,6,6,6,5,5,6,6,6,5,6,6,6,6,6,6,6,6,6,6,6,5,6,6,6,6,6,6,5,5,Default,
29442,5,5,6,5,6,6,6,5,6,6,6,6,6,6,6,6,5,6,6,6,5,6,6,6,6,6,6,6,6,6,6,6,6,6,6,6,6,6,5,5,6,6,6,6,6,Default,
29458,5,6,6,6,6,6,6,6,5,6,6,6,5,6,6,6,6,6,6,5,6,6,5,5,6,6,5,6,5,6,6,5,6,5,6,6,5,6,5,6,6,6,6,5,6,Default,
29474,6,6,5,6,6,6,6,6,6,6,6,6,6,6,5,6,6,6,6,6,6,6,6,6,5,6,6,5,6,6,6,6,6,6,6,5,6,6,6,6,6,6,6,5,5,Default,
29490,4,6,6,5,5,6,6,6,6,6,6,6,6,6,6,6,5,5,6,6,6,6,5,6,6,6,6,5,6,5,6,5,5,6,6,6,4,5,6,6,6,6,5,6,6,Default,
29506,5,6,5,5,6,5,5,6,6,5,6,6,5,6,5,6,5,6,6,6,6,6,6,6,6,6,6,6,6,5,6,6,6,6,5,6,5,6,6,6,6,5,7,6,6,Default,
29522,7,6,8,6,4,6,7,7,4,7,5,7,7,4,5,4,4,7,7,7,7,8,5,6,8,7,4,4,7,6,4,5,5,6,6,6,6,6,6,6,6,6,5,6,6,Default,
29538,5,6,6,5,6,6,5,6,6,6,5,6,5,6,6,6,5,5,5,6,6,6,4,6,6,6,5,5,6,6,6,5,6,6,6,6,6,5,6,6,6,5,6,6,6,Default,
29554,5,6,6,6,5,6,6,6,5,6,6,6,6,6,6,6,6,6,6,5,6,6,6,5,6,5,6,6,6,6,5,6,5,6,6,6,6,6,4,6,6,5,6,6,6,Default,
29570,5,6,6,6,6,6,6,6,6,6,6,5,6,6,6,5,5,6,6,5,6,5,6,6,6,6,6,6,6,6,6,5,6,6,6,6,6,5,6,5,5,6,6,6,6,Default,
29586,6,6,5,6,6,6,6,5,6,6,6,5,6,6,6,6,6,6,6,6,6,6,6,6,6,6,5,6,5,4,5,5,5,6,6,5,5,6,5,6,6,5,5,6,5,Default,
29602,4,6,6,5,6,6,6,6,6,5,6,6,5,6,6,5,5,6,6,6,6,6,5,5,6,6,5,6,6,5,5,6,6,5,6,5,6,6,6,5,6,6,6,6,6,Default,
29618,5,6,6,6,6,6,6,6,6,6,6,5,6,6,6,5,5,6,6,6,6,6,6,6,5,6,6,5,6,6,5,6,5,6,5,5,5,6,6,6,6,6,6,6,6,Default,
29634,6,5,5,6,6,6,6,6,6,6,5,6,6,5,6,6,6,6,6,5,6,6,6,4,5,6,5,6,5,6,6,5,6,6,5,6,5,6,6,4,6,6,5,6,6,Default,
29650,5,5,6,5,6,6,6,6,6,6,6,6,6,6,6,6,5,6,6,6,6,6,7,6,6,6,4,6,6,6,6,6,6,6,5,6,5,6,6,5,6,7,6,6,6,Default,
29666,6,6,6,5,6,6,5,6,6,6,6,6,6,5,6,6,5,6,5,5,6,6,6,5,6,6,5,6,6,6,6,5,6,6,6,6,6,5,6,5,6,6,4,6,6,Default,
29682,5,6,5,6,6,5,6,6,6,6,6,6,6,5,6,6,5,6,6,6,6,6,5,6,6,6,6,5,6,6,6,6,6,6,6,6,5,5,6,6,6,6,6,5,5,Default,
29698,6,6,6,5,6,6,6,6,6,6,6,5,5,5,6,6,6,6,6,6,6,6,6,5,6,6,6,6,6,6,6,6,6,6,6,6,5,6,6,6,6,6,6,6,6,Default,
29714,6,6,6,5,5,6,6,6,6,5,5,6,6,6,6,6,5,6,6,5,6,6,6,6,6,6,6,6,6,6,6,6,6,5,5,6,6,6,6,4,6,6,6,6,6,Default,
29730,6,6,5,5,6,6,4,6,6,5,6,5,6,6,5,6,5,6,6,6,6,6,6,6,5,6,6,6,6,6,6,6,6,6,6,5,6,6,6,6,6,10,8,8,7,Default,
29746,5,6,6,6,6,6,6,6,6,6,6,5,6,6,6,5,5,6,6,5,6,6,6,5,6,6,5,6,5,6,6,6,6,5,5,6,5,6,6,6,5,6,5,5,6,Default,
29762,5,6,6,6,6,6,6,6,6,6,5,5,6,5,6,6,6,6,6,6,5,6,6,6,5,6,6,6,6,6,6,6,6,5,5,6,6,6,5,6,6,5,6,6,6,Default,
29778,6,5,6,6,6,5,6,6,6,6,5,5,6,6,5,6,5,5,6,5,6,6,6,6,5,6,5,6,6,6,5,6,6,6,6,6,6,6,6,6,6,6,6,6,6,Default,
29794,6,6,6,5,6,7,6,5,6,6,6,6,6,6,5,6,6,6,6,6,6,6,5,6,6,6,5,6,6,5,6,6,5,6,6,5,6,6,5,6,6,6,5,6,6,Default,
29810,5,6,6,6,6,6,6,6,6,5,5,4,6,6,4,5,6,5,6,6,5,6,6,6,5,6,6,6,6,6,6,6,6,6,6,6,6,6,6,6,6,6,6,6,6,Default,
29826,6,6,6,6,6,6,6,6,5,6,5,5,6,6,5,6,6,6,6,6,5,6,6,6,6,6,5,6,6,6,6,6,5,6,6,6,6,6,6,5,6,5,6,6,5,Default,
29842,5,6,6,6,6,6,6,6,5,6,5,6,6,5,6,6,6,6,5,6,6,6,5,6,6,6,6,6,6,6,6,6,6,6,6,6,5,6,6,6,5,6,6,6,4,Default,
29858,5,6,6,5,6,6,4,6,5,6,5,6,6,6,5,6,6,6,5,4,6,6,6,6,5,6,6,6,6,6,5,6,6,6,6,6,5,6,5,6,6,6,6,6,6,Default,
29874,5,6,6,4,6,6,6,6,6,6,6,6,5,5,5,6,6,5,6,5,6,6,5,6,5,6,5,6,6,5,6,6,6,6,5,6,5,6,6,6,6,6,5,6,6,Default,
29890,6,6,6,4,6,6,5,5,6,6,6,6,6,6,6,6,4,6,6,5,6,6,6,5,6,5,6,6,5,6,6,6,6,6,6,6,6,5,6,6,6,6,6,6,6,Default,
29906,5,6,6,5,6,6,6,5,6,4,6,6,6,6,6,6,5,6,6,5,6,6,6,6,6,6,6,6,6,6,5,6,6,6,6,6,6,5,6,5,6,6,5,6,6,Default,
29922,5,5,6,6,6,6,6,6,6,6,6,5,6,6,6,5,5,6,5,4,6,6,6,6,6,6,5,5,5,6,6,6,6,6,6,6,6,6,6,5,5,6,6,6,6,Default,
29938,5,6,6,5,6,6,6,5,6,6,6,5,6,5,6,6,6,6,6,6,6,6,6,5,6,5,5,6,6,5,6,6,5,6,6,6,5,6,6,5,6,6,6,6,6,Default,
29954,6,6,5,6,5,6,6,6,6,6,6,4,6,6,5,6,5,6,5,5,5,6,6,6,5,6,5,6,5,6,6,6,6,6,5,6,6,6,6,6,6,6,6,5,6,Default,
29970,5,6,6,6,6,6,4,5,6,6,6,6,6,6,6,5,6,5,6,6,6,6,6,5,5,6,5,6,6,6,5,6,6,6,6,6,5,6,6,6,6,5,6,6,6,Default,
29986,5,6,6,5,6,6,6,6,6,6,6,6,6,6,6,6,6,6,5,6,6,6,5,6,6,6,5,5,6,6,6,6,6,6,5,6,5,6,5,5,6,6,6,6,5,Default,
30002,6,6,6,6,6,6,6,5,6,6,6,6,6,5,5,6,6,5,5,6,6,6,6,6,6,6,6,4,5,5,5,6,6,6,6,6,6,5,6,6,6,6,6,5,6,Default,
30018,5,6,6,6,5,6,5,6,5,6,6,6,5,6,6,6,5,5,6,6,6,6,6,6,6,5,6,6,5,6,6,6,6,6,6,6,5,6,6,6,6,5,6,5,6,Default,
30034,7,8,8,4,6,4,4,6,4,6,4,5,7,7,6,7,7,4,7,7,7,7,6,6,7,8,4,5,6,5,6,5,4,6,6,5,6,6,5,6,6,5,5,5,4,Default,
30050,5,6,6,6,6,6,5,6,6,5,6,6,6,6,6,6,5,6,5,4,6,6,6,6,6,5,5,6,6,5,6,5,4,5,6,6,6,6,6,6,6,5,6,6,6,Default,
30066,5,6,5,6,6,6,6,6,6,5,6,6,6,6,6,6,5,6,6,6,6,5,6,6,6,6,6,6,6,6,6,6,6,6,5,5,6,6,4,6,6,4,6,6,5,Default,
30082,5,5,6,6,5,6,6,5,6,5,6,6,6,6,6,5,6,5,6,6,5,5,6,5,6,6,5,6,5,5,6,6,6,6,6,6,4,6,5,6,6,6,5,6,6,Default,
30098,5,6,6,5,4,5,4,6,6,5,6,6,6,6,6,6,5,5,6,5,5,6,6,6,6,6,5,5,6,5,6,5,5,6,4,6,6,6,5,6,6,5,6,6,6,Default,
30114,6,4,6,5,6,6,5,5,6,6,5,6,6,6,6,6,5,6,6,6,6,6,6,5,6,5,6,6,6,6,6,6,6,6,5,6,5,6,6,5,5,5,6,6,6,Default,
30130,5,6,6,6,6,6,5,5,6,6,6,6,5,5,5,6,5,6,5,6,6,6,6,5,6,5,4,5,6,6,6,6,6,5,6,6,6,6,6,6,6,5,5,6,6,Default,
30146,6,6,6,6,6,6,6,6,6,6,6,4,6,5,5,6,5,5,6,6,6,6,6,6,5,6,5,6,5,6,6,6,6,6,6,6,5,6,6,6,6,6,6,6,5,Default,
30162,5,5,5,6,6,6,6,6,6,6,6,6,6,4,6,6,4,6,6,6,6,6,6,6,6,6,6,6,6,6,5,6,6,6,6,5,6,6,6,6,6,6,6,6,6,Default,
30178,5,5,6,6,6,6,6,6,6,6,6,6,6,6,6,6,6,6,6,6,6,6,6,5,6,6,4,6,5,6,5,6,6,5,6,6,4,6,6,6,6,6,6,6,6,Default,
30194,5,6,6,6,6,6,6,6,6,6,6,6,6,6,6,6,5,5,6,6,6,6,5,6,6,6,5,5,6,6,6,6,6,6,6,5,6,6,6,6,6,6,5,5,6,Default,
30210,6,6,6,5,6,5,5,6,5,6,5,6,6,6,5,6,5,6,6,6,6,5,5,6,6,5,5,5,6,5,6,5,5,5,6,6,6,6,6,6,6,6,5,6,6,Default,
30226,5,6,6,5,6,5,6,6,6,6,6,6,6,6,6,6,6,6,6,5,6,6,6,6,5,5,5,6,6,6,6,6,5,6,5,6,5,6,6,5,6,6,6,6,6,Default,
30242,5,6,6,6,5,5,5,6,6,5,6,5,6,6,6,6,5,6,6,5,5,6,5,5,6,6,6,6,6,5,6,6,5,6,6,6,5,6,6,6,6,6,6,6,6,Default,
30258,6,6,6,6,6,6,6,6,6,6,6,6,6,6,6,5,5,6,6,6,6,5,6,6,6,6,5,5,6,6,6,6,6,6,6,6,5,6,6,5,6,6,6,6,6,Default,
30274,5,6,5,6,6,5,6,5,6,6,6,6,6,6,5,6,6,5,6,5,6,5,5,5,6,6,4,6,6,5,6,6,6,6,6,5,5,6,6,6,6,6,6,6,5,Default,
30290,5,5,6,6,6,5,6,6,6,6,6,6,5,5,6,6,5,5,6,6,6,6,6,6,6,6,6,5,6,6,6,5,5,6,5,6,6,5,6,6,6,6,7,6,6,Default,
30306,5,6,6,6,6,6,5,6,6,6,6,5,6,6,6,6,6,6,6,6,6,6,5,5,5,6,5,5,6,6,6,6,6,5,6,6,6,6,5,6,6,6,6,5,5,Default,
30322,5,6,5,4,6,6,4,5,6,5,5,6,6,6,6,6,6,6,6,6,6,5,6,6,6,6,5,5,6,6,6,6,6,5,6,6,6,6,5,5,5,6,6,6,6,Default,
30338,6,5,6,5,6,6,5,6,6,6,6,6,6,6,6,6,6,5,6,6,6,6,6,6,5,5,5,6,5,6,6,6,6,5,5,6,6,6,5,5,11,8,5,5,4,Default,
30354,5,6,6,5,6,5,6,5,6,6,6,6,6,5,6,6,6,6,5,6,5,5,6,5,6,6,6,6,6,4,6,5,6,6,6,6,5,6,6,4,6,6,6,6,6,Default,
30370,5,6,6,5,5,5,6,6,6,5,6,6,6,6,6,6,6,6,6,6,5,6,6,6,6,5,5,6,6,6,6,5,5,6,5,6,6,6,5,5,6,6,6,5,5,Default,
30386,6,6,6,6,6,6,6,6,6,5,6,5,6,5,5,6,5,5,6,4,6,6,6,6,6,5,6,5,6,5,5,6,6,6,6,6,6,6,6,6,6,6,5,6,6,Default,
30402,5,6,6,5,6,5,6,6,5,6,6,6,6,6,6,6,5,6,6,5,6,6,5,6,6,6,4,6,6,4,6,6,6,6,6,6,6,6,6,4,5,6,6,6,6,Default,
30418,5,6,6,4,6,6,6,6,6,6,5,6,6,6,6,6,6,6,6,5,6,6,6,5,5,6,5,5,6,6,6,6,6,6,6,6,5,5,6,6,5,5,6,6,6,Default,
30434,6,6,6,5,6,5,6,6,5,6,6,6,6,6,6,6,6,5,6,6,5,6,5,6,5,6,6,6,6,5,6,6,5,6,6,6,6,6,6,5,6,6,5,5,5,Default,
30450,4,6,6,6,6,5,5,6,6,5,6,6,6,6,6,6,6,6,6,6,6,6,6,6,6,6,6,6,6,5,6,6,6,6,5,5,5,6,6,5,6,6,5,6,6,Default,
30466,5,6,6,6,6,6,4,6,5,6,6,6,5,6,6,6,4,6,6,5,6,6,5,5,6,6,5,6,6,6,6,6,6,5,5,6,4,5,6,5,5,6,6,6,5,Default,
30482,5,6,6,6,6,6,6,5,6,6,6,6,6,6,6,5,6,5,6,6,6,6,6,6,6,6,5,5,5,6,6,5,6,6,5,6,6,5,6,6,5,6,6,5,6,Default,
30498,5,6,6,6,6,6,6,6,6,5,6,6,6,6,6,6,6,6,6,6,6,5,6,5,6,5,5,6,6,5,6,5,6,6,6,6,6,6,6,5,6,6,6,6,6,Default,
30514,5,6,5,6,5,6,6,6,6,6,6,5,6,6,5,6,6,6,6,6,6,6,6,6,6,6,6,6,6,5,6,6,5,6,6,4,6,5,5,6,6,5,6,6,5,Default,
30530,6,6,6,6,5,6,5,6,6,6,6,6,6,6,4,5,6,5,6,5,6,6,6,6,5,6,6,6,5,5,6,6,6,6,5,6,6,6,6,6,6,6,6,6,6,Default,
30546,5,6,6,6,6,6,6,6,6,6,6,6,6,6,5,6,5,5,6,6,6,6,5,4,5,6,5,6,5,5,6,6,5,6,6,6,6,6,5,6,5,6,6,6,6,Default,
30562,5,6,6,6,6,6,6,5,6,6,6,6,6,6,6,5,6,6,6,6,6,6,6,6,6,6,6,6,6,6,7,5,5,6,6,6,5,6,6,6,6,6,6,6,5,Default,
30578,6,5,5,6,5,6,5,6,6,6,6,6,6,6,6,6,6,6,6,6,6,6,6,6,6,6,6,5,6,6,6,6,5,6,6,6,6,6,5,4,6,6,6,5,5,Default,
30594,6,6,6,5,6,6,6,6,6,6,6,6,6,6,5,5,5,6,5,6,5,6,6,6,6,6,5,5,5,6,5,6,6,6,6,5,5,6,6,6,5,5,6,5,6,Default,
30610,5,6,5,6,6,6,5,6,6,5,6,5,5,6,6,5,5,6,6,6,6,5,6,6,6,6,5,6,5,6,5,6,6,6,6,6,5,6,6,5,6,6,6,6,6,Default,
30626,5,6,6,6,6,6,6,6,6,6,6,5,6,6,6,6,6,6,6,6,6,6,6,6,6,5,6,6,5,5,6,6,6,6,6,6,6,6,6,6,6,6,6,6,5,Default,
30642,6,6,6,5,5,6,6,6,5,6,6,6,6,6,6,6,5,6,6,5,6,6,6,6,6,6,4,6,6,5,6,6,6,6,6,6,5,6,6,6,6,6,6,6,6,Default,
30658,6,6,5,5,6,6,6,6,6,5,6,6,6,6,6,5,4,6,6,6,6,5,6,6,6,6,5,6,6,6,6,6,6,6,6,5,5,5,5,6,6,4,6,6,6,Default,
30674,5,6,6,6,6,6,6,6,4,6,6,6,6,5,5,5,6,5,6,6,6,6,6,5,5,6,6,6,6,6,6,6,5,6,5,6,6,4,6,6,6,6,6,6,5,Default,
30690,5,5,6,6,6,6,4,6,6,6,5,6,5,6,6,6,5,6,6,6,6,6,5,6,6,6,5,6,6,6,6,6,6,6,6,6,5,6,6,6,6,6,6,6,6,Default,
30706,5,5,6,6,6,6,6,5,5,5,6,5,6,6,5,6,4,6,6,6,5,6,5,6,6,5,5,6,6,5,6,6,5,5,6,5,6,6,6,5,5,6,6,6,6,Default,
30722,5,6,5,6,6,5,5,6,6,4,6,6,5,6,6,6,6,6,5,5,6,6,6,6,6,5,6,6,6,6,6,6,6,5,6,6,5,6,6,4,6,6,6,6,6,Default,
30738,5,5,6,6,5,6,5,6,6,6,6,5,6,6,5,5,6,6,6,6,6,6,6,6,6,6,6,6,6,6,5,6,6,6,6,6,6,5,6,6,6,6,6,6,5,Default,
30754,4,6,6,6,6,5,5,6,6,6,6,6,6,6,6,6,6,5,6,6,6,6,6,6,6,6,6,6,6,5,5,6,5,6,6,6,6,6,5,6,6,6,6,5,4,Default,
30770,5,5,6,6,5,6,5,6,5,6,6,6,5,5,6,6,6,6,6,5,6,6,6,6,6,7,6,5,5,6,6,6,6,5,6,6,6,6,5,6,6,6,5,6,6,Default,
30786,6,5,6,6,6,6,6,6,5,6,6,6,6,6,6,6,5,5,5,6,6,6,6,6,6,6,5,6,6,6,6,6,5,6,6,4,6,6,5,6,5,6,6,6,5,Default,
30802,6,6,5,5,6,6,5,6,6,6,6,6,6,6,6,6,5,6,5,5,5,6,6,6,6,6,6,6,6,5,5,6,6,6,6,6,6,6,6,4,6,6,6,5,6,Default,
30818,6,6,6,6,5,6,6,6,6,5,6,6,6,5,6,5,6,6,6,5,5,6,6,6,5,6,6,6,6,5,6,5,6,6,6,6,5,6,6,6,4,6,6,6,6,Default,
30834,5,6,6,6,6,6,6,6,5,6,6,6,6,6,6,6,6,6,6,6,6,6,6,5,6,6,5,6,6,5,6,6,5,6,4,6,5,6,5,6,6,5,6,6,6,Default,
30850,5,5,6,6,6,6,6,6,6,5,6,6,5,5,5,6,4,6,6,5,6,5,6,5,5,6,5,6,6,6,6,5,6,6,6,6,6,6,6,6,6,6,6,6,6,Default,
30866,5,6,6,6,5,6,6,6,6,6,6,5,6,6,6,6,6,6,6,6,6,6,5,6,5,6,6,6,6,5,6,6,6,6,6,6,6,6,6,6,6,6,6,6,6,Default,
30882,5,6,6,6,6,5,4,5,6,6,6,5,5,6,6,6,5,6,5,6,6,6,6,5,6,6,5,6,6,5,6,6,6,5,6,6,5,5,6,6,6,6,6,5,6,Default,
30898,5,6,6,6,6,6,6,6,6,6,5,6,5,5,6,6,5,6,6,5,6,6,6,6,6,5,6,6,6,5,6,6,6,6,6,5,4,6,6,6,6,6,6,5,7,Default,
30914,6,6,6,6,4,6,5,6,6,6,6,6,6,6,6,6,6,6,6,5,6,5,6,6,6,6,5,6,6,5,6,6,6,6,5,5,6,6,6,6,6,6,5,5,6,Default,
30930,5,6,6,6,6,6,6,6,6,6,6,6,6,6,6,6,6,6,6,6,6,6,6,5,6,5,5,5,6,5,6,6,6,6,6,6,5,6,6,6,6,6,6,6,6,Default,
30946,5,6,6,6,6,6,6,5,6,6,6,6,6,6,6,5,4,6,6,6,6,6,6,5,5,5,5,6,6,5,6,6,6,5,6,6,5,6,6,6,6,6,6,6,6,Default,
30962,6,6,6,6,6,6,4,5,5,6,5,6,6,6,6,6,5,6,6,4,6,5,5,6,6,6,6,6,6,6,6,5,6,6,6,6,5,6,6,6,6,6,4,6,6,Default,
30978,4,6,6,6,6,5,6,6,6,5,6,6,5,6,6,6,5,6,6,6,6,6,6,6,6,6,5,5,6,6,6,6,6,5,6,6,6,6,6,4,5,6,6,6,6,Default,
30994,6,6,6,6,6,6,6,6,6,6,6,6,6,6,5,6,5,6,6,6,6,6,6,5,6,6,6,6,6,5,6,6,4,6,5,6,6,6,7,5,6,6,6,6,5,Default,
31010,5,6,6,5,6,6,6,6,5,6,5,5,6,5,6,6,6,6,5,6,6,6,5,6,5,6,6,6,5,6,6,6,6,6,5,6,6,5,5,6,6,6,5,6,6,Default,
31026,5,6,6,5,6,5,6,6,5,6,5,6,6,6,6,5,6,5,6,6,5,6,6,6,6,6,6,6,6,5,6,6,6,6,6,4,6,6,6,6,6,5,6,6,5,Default,
31042,5,5,5,6,6,6,6,6,6,6,6,6,5,5,5,6,5,6,6,6,5,6,6,6,6,6,6,5,6,6,6,6,5,6,5,6,5,6,6,4,6,4,6,5,6,Default,
31058,6,6,7,7,6,7,5,6,6,5,6,5,6,8,7,7,6,5,5,4,6,6,6,7,5,8,7,4,6,6,8,6,5,5,5,6,5,6,6,5,5,6,5,6,6,Default,
31074,5,6,6,5,6,6,4,6,6,6,6,6,6,6,6,5,5,6,6,6,6,6,6,6,5,5,5,6,6,6,6,5,6,5,6,5,5,6,6,6,5,5,6,6,6,Default,
31090,6,6,5,5,5,6,6,6,5,4,5,5,6,5,6,6,4,6,6,6,6,6,5,6,6,6,6,6,6,5,6,6,6,6,6,6,6,6,6,4,6,6,6,6,6,Default,
31106,5,6,6,6,5,6,4,6,6,6,6,6,6,5,6,6,6,6,5,6,5,6,5,6,6,5,6,5,5,5,6,6,6,6,6,6,6,6,5,5,6,6,6,6,6,Default,
31122,5,6,6,5,5,6,5,6,6,5,6,6,6,6,6,6,6,5,6,5,6,6,6,5,6,6,5,6,6,5,6,6,5,6,5,6,5,6,6,6,6,6,6,5,6,Default,
31138,5,6,6,5,6,6,6,6,6,6,5,6,6,6,6,6,6,6,5,6,6,6,6,5,6,6,5,6,6,5,6,5,5,6,6,6,4,6,6,5,5,5,6,5,6,Default,
31154,5,6,5,5,6,6,6,6,6,6,6,6,5,5,5,5,6,5,6,5,6,6,6,6,5,6,6,5,6,6,6,6,6,5,6,5,5,5,6,6,6,5,6,6,6,Default,
31170,5,6,5,6,6,6,5,6,6,6,6,6,6,6,6,6,6,6,6,6,5,6,6,4,5,6,5,6,6,5,6,6,6,6,6,6,5,6,6,6,5,5,6,5,6,Default,
31186,6,6,6,6,6,6,6,6,6,6,6,6,6,5,6,6,6,5,5,5,5,6,5,6,5,6,5,6,6,5,6,6,5,6,6,6,4,6,6,5,6,6,5,6,6,Default,
31202,6,6,6,6,4,5,6,6,6,6,5,6,5,6,5,5,6,5,6,5,6,6,5,6,5,6,6,5,6,6,5,6,6,6,6,5,6,5,6,6,6,6,6,6,5,Default,
31218,6,5,5,6,6,6,6,6,6,6,6,6,6,6,6,6,6,6,6,6,6,6,6,5,6,5,5,6,5,5,6,6,6,6,6,6,5,6,6,6,5,5,6,5,6,Default,
31234,6,6,6,6,5,6,6,6,6,6,5,5,6,6,6,6,5,6,6,7,6,6,6,6,6,6,5,6,6,6,6,6,4,6,6,6,6,6,6,6,5,6,6,5,4,Default,
31250,6,6,6,6,6,6,6,6,6,6,6,6,6,6,6,6,6,5,6,6,6,6,6,6,5,6,5,6,5,6,6,6,6,6,6,6,6,6,6,5,6,6,5,6,6,Default,
31266,6,6,5,6,5,5,5,6,6,6,6,6,6,6,6,5,6,6,6,6,5,6,6,5,6,5,5,6,6,5,6,6,5,6,6,6,5,5,6,6,5,5,6,6,5,Default,
31282,6,6,5,5,6,6,6,5,5,6,6,6,6,6,6,6,5,6,6,6,6,6,6,6,6,6,6,6,6,6,5,6,6,5,6,6,5,5,6,6,6,6,6,6,6,Default,
31298,6,6,6,5,5,6,6,5,6,5,6,6,6,6,6,6,6,6,6,5,6,6,6,6,6,6,5,6,6,5,6,6,6,5,6,6,6,6,6,4,6,6,5,6,6,Default,
31314,4,6,6,6,6,6,6,6,5,6,6,6,6,6,5,6,6,6,6,6,6,6,6,5,5,6,5,5,6,5,6,6,6,6,5,5,4,6,5,4,6,5,6,6,6,Default,
31330,5,5,6,6,5,5,6,6,6,6,5,6,6,6,6,6,6,6,6,6,6,6,6,6,6,6,5,6,5,5,6,6,5,6,5,6,6,6,6,5,6,6,6,6,6,Default,
31346,6,6,6,6,5,5,6,6,5,6,7,6,6,6,6,5,5,6,6,6,6,6,6,6,5,6,5,5,5,6,6,5,5,6,5,6,6,6,6,6,6,6,6,5,6,Default,
31362,6,6,6,5,6,5,5,6,6,6,6,6,6,5,6,5,4,6,6,6,6,6,6,5,6,6,5,6,6,4,6,6,6,6,5,6,6,6,6,5,6,6,5,6,6,Default,
31378,5,6,6,4,6,6,6,6,6,6,6,6,6,5,6,5,5,6,6,6,6,6,5,5,6,6,5,5,6,6,5,5,6,6,6,5,5,6,5,6,6,5,6,6,6,Default,
31394,4,6,6,6,4,6,5,5,6,6,6,6,5,6,6,6,6,6,6,6,5,6,6,6,5,6,6,6,5,6,6,6,6,6,6,6,5,4,5,6,5,6,6,5,6,Default,
31410,6,5,6,6,6,6,6,6,6,6,6,6,6,6,6,6,6,6,6,6,6,6,6,5,5,6,5,6,6,6,6,6,6,5,6,6,5,6,6,6,6,6,6,6,6,Default,
31426,6,6,6,6,6,6,5,6,6,5,6,6,6,6,6,6,6,5,6,6,5,6,6,5,5,6,5,6,6,6,6,6,5,6,6,6,5,6,6,6,5,5,5,5,6,Default,
31442,5,6,6,5,5,5,6,6,6,5,6,6,6,6,6,6,6,5,5,4,6,6,6,5,6,6,6,6,6,5,6,5,5,5,6,5,5,5,6,6,6,6,5,6,6,Default,
31458,5,6,6,6,6,5,6,6,6,5,6,6,6,6,6,6,6,6,6,6,6,5,6,6,5,6,4,6,6,5,6,6,6,5,5,6,6,6,6,5,6,6,6,6,5,Default,
31474,6,6,6,6,6,6,6,6,6,5,6,5,6,5,6,6,6,6,5,6,5,6,5,5,6,6,5,6,6,5,6,5,6,6,5,6,6,6,5,6,6,5,5,6,4,Default,
31490,5,6,6,6,5,6,6,5,5,6,6,6,6,6,6,6,6,6,6,5,5,6,6,6,4,6,6,6,6,6,5,5,6,6,5,6,6,6,6,5,6,6,6,6,6,Default,
31506,6,6,6,6,6,5,5,6,5,5,6,6,6,6,6,5,6,5,6,6,6,5,6,5,6,6,6,6,6,5,5,6,5,6,6,6,6,6,5,6,5,5,6,5,6,Default,
31522,5,6,6,5,6,6,6,6,5,6,6,6,6,6,6,6,4,6,6,5,6,6,5,6,6,6,6,5,6,5,5,6,6,6,5,5,6,6,6,5,5,6,5,6,6,Default,
31538,6,6,6,6,6,6,6,6,5,6,6,5,5,6,6,6,6,6,5,6,6,5,6,6,6,6,6,6,6,6,5,6,6,6,5,6,6,5,6,6,6,6,6,6,5,Default,
31554,5,6,6,6,6,6,6,5,6,5,6,6,6,6,5,5,5,5,6,6,6,5,5,5,5,6,5,6,6,5,5,6,6,5,6,6,5,6,6,6,6,5,6,6,6,Default,
31570,6,6,6,7,8,6,4,6,4,7,7,5,8,7,7,4,8,7,6,8,7,6,7,5,6,7,7,6,7,7,6,6,7,6,5,6,5,7,6,6,5,6,6,7,6,Default,
31586,5,6,6,6,6,5,5,6,6,5,6,6,6,5,6,6,5,6,5,5,5,6,5,6,6,5,6,5,6,5,6,6,6,5,6,6,6,6,6,6,5,6,6,6,6,Default,
31602,6,6,5,5,6,6,6,6,6,6,6,6,6,5,6,5,6,6,5,6,6,6,6,6,6,6,5,6,5,6,6,6,6,6,6,5,4,5,6,4,5,6,6,6,6,Default,
31618,6,6,6,4,5,6,4,5,5,6,6,6,6,6,6,6,6,6,5,6,5,6,5,6,6,6,5,6,6,6,6,5,6,5,6,6,5,6,6,5,6,5,6,6,6,Default,
31634,5,5,6,6,5,6,6,6,6,6,6,6,6,6,6,6,6,6,6,5,6,6,6,6,6,5,6,6,6,5,6,6,6,5,6,5,6,6,6,5,6,6,6,5,6,Default,
31650,5,5,6,6,6,6,6,6,6,6,6,6,5,6,5,5,5,6,6,6,5,6,5,6,6,5,5,6,6,6,5,6,6,6,6,5,5,6,6,5,6,6,6,6,6,Default,
31666,6,6,6,5,6,6,6,6,6,5,6,6,5,6,6,6,5,6,6,5,6,5,6,6,6,6,6,6,6,5,6,6,6,6,6,6,6,6,6,6,6,6,5,6,6,Default,
31682,6,6,6,6,5,6,6,6,5,6,6,6,5,6,6,6,6,6,5,6,6,6,6,6,5,5,6,6,6,6,6,6,6,6,5,6,6,4,5,5,6,6,6,5,6,Default,
31698,5,6,5,5,6,6,6,6,5,5,6,6,6,6,4,6,5,6,6,5,6,6,6,5,6,6,5,6,6,6,6,6,6,5,5,6,6,6,5,4,6,6,6,5,6,Default,
31714,6,6,6,6,5,6,6,6,5,5,5,6,5,6,5,6,6,6,6,6,6,5,5,5,6,6,5,6,5,5,6,6,5,6,6,5,6,6,5,6,5,5,6,6,6,Default,
31730,5,6,6,6,6,7,5,6,6,5,6,6,6,6,5,6,5,6,6,6,6,6,6,6,6,6,5,6,6,5,5,6,5,6,6,6,6,5,6,6,6,6,6,6,6,Default,
31746,5,6,5,6,6,6,5,6,6,6,6,5,6,6,6,6,6,6,6,6,5,6,6,5,6,6,5,6,6,6,6,6,6,5,6,5,6,6,6,6,6,6,5,5,4,Default,
31762,5,5,6,5,6,6,6,6,6,6,6,6,6,6,6,5,5,6,6,5,5,6,6,6,6,6,6,6,5,4,6,6,6,6,5,6,5,5,6,6,6,6,6,6,6,Default,
31778,5,6,6,6,6,5,5,6,6,6,6,6,6,6,6,6,5,6,6,6,5,6,5,6,6,6,5,6,6,6,6,6,6,6,6,6,6,6,6,5,6,6,5,6,6,Default,
31794,5,6,6,6,6,6,5,6,6,6,6,6,6,6,6,6,6,6,5,6,6,6,5,6,6,6,6,6,6,6,6,6,6,5,6,5,6,6,6,4,6,5,6,5,6,Default,
31810,5,6,6,6,6,6,5,5,6,6,5,6,6,6,6,6,6,6,6,6,6,6,6,5,6,6,6,6,6,6,5,6,6,6,6,6,5,6,6,5,6,6,6,6,5,Default,
31826,6,5,6,6,6,6,6,6,6,5,6,6,6,6,6,6,6,6,6,5,6,6,6,6,6,6,6,6,5,5,5,6,6,6,6,5,6,6,6,6,6,6,6,6,5,Default,
31842,5,5,6,5,6,5,5,6,6,6,6,6,6,5,6,6,5,6,6,4,5,6,6,6,6,6,5,6,6,5,6,6,6,6,6,6,6,6,6,5,6,6,6,6,6,Default,
31858,6,6,6,4,6,6,6,6,6,6,6,6,6,6,6,6,4,6,6,6,6,6,6,6,6,6,4,6,6,6,6,6,6,6,5,6,6,6,5,6,6,6,6,6,6,Default,
31874,6,6,6,6,5,5,6,6,6,6,5,6,6,6,6,6,6,6,6,6,6,5,6,6,5,5,6,6,6,6,6,6,5,6,6,6,5,6,5,6,6,6,5,6,6,Default,
31890,6,6,5,5,6,5,6,6,6,6,6,6,6,5,6,6,5,6,6,6,6,6,6,6,6,6,6,6,6,6,6,6,6,6,6,6,5,6,6,6,5,6,6,6,6,Default,
31906,4,6,6,5,6,6,6,6,6,6,6,6,6,5,6,5,6,6,6,6,6,6,6,5,6,6,5,6,6,6,6,6,5,6,5,6,6,6,6,5,6,6,6,6,6,Default,
31922,6,6,6,6,6,6,5,6,6,5,6,6,5,5,6,6,6,6,6,6,6,6,4,6,6,6,6,6,6,6,6,6,6,6,5,5,6,6,6,6,5,6,6,6,6,Default,
31938,5,4,6,6,6,6,6,6,5,6,6,6,6,6,4,6,5,6,6,6,6,6,6,6,6,6,6,6,6,6,6,6,6,6,6,5,5,6,6,5,6,6,6,6,6,Default,
31954,4,6,6,6,6,6,6,6,5,6,6,5,6,6,6,5,6,6,6,6,4,6,6,6,6,6,5,6,6,6,6,6,6,6,6,5,6,6,5,6,6,6,6,6,5,Default,
31970,5,5,6,6,6,6,6,6,6,6,6,6,6,5,6,6,5,6,6,6,6,6,6,6,5,6,6,6,5,6,6,6,6,5,6,5,6,6,6,6,6,6,6,6,6,Default,
31986,4,6,6,5,6,6,6,6,5,6,6,5,6,6,6,6,6,6,6,6,6,6,5,6,6,6,5,6,6,5,4,6,5,6,6,4,6,5,5,6,5,5,6,5,5,Default,
32002,6,6,6,5,6,5,6,6,5,6,5,6,6,6,6,5,5,6,5,6,6,6,6,6,6,6,5,6,6,6,5,6,6,6,6,6,5,6,6,4,6,5,6,6,6,Default,
32018,6,6,6,6,6,6,6,6,6,6,6,6,6,6,5,6,6,6,6,6,6,6,5,5,6,5,5,6,5,6,6,6,6,6,6,6,6,6,6,5,5,6,6,6,6,Default,
32034,5,6,6,6,6,6,6,5,6,6,5,6,6,6,6,6,6,5,6,6,6,6,5,5,6,6,5,6,6,6,6,6,6,6,6,6,5,5,6,6,6,6,5,6,5,Default,
32050,4,5,6,6,5,6,6,6,6,6,6,6,5,6,5,6,5,6,6,5,6,6,6,6,6,5,6,5,6,6,6,6,6,6,6,6,5,5,6,5,6,6,5,6,6,Default,
32066,6,6,6,6,5,5,6,6,6,6,6,5,6,6,6,6,6,5,6,6,6,5,5,6,4,6,6,6,5,5,6,6,6,5,5,6,5,6,6,6,6,6,5,5,6,Default,
32082,7,7,5,8,7,4,4,4,6,6,5,6,6,6,5,6,6,6,5,6,6,6,6,6,6,6,6,5,6,6,5,6,6,5,6,5,4,6,6,4,6,5,6,6,5,Default,
32098,6,5,6,6,6,5,5,6,6,6,5,6,6,6,6,6,5,5,5,6,6,6,5,6,5,6,5,6,6,6,6,6,6,6,6,6,5,6,6,6,6,6,6,6,5,Default,
32114,6,6,6,6,5,6,6,6,6,6,5,5,6,6,6,4,5,6,5,6,6,6,5,6,6,6,6,6,6,6,6,6,6,7,5,7,6,6,6,5,6,6,5,5,6,Default,
32130,6,6,6,5,6,6,5,6,6,6,5,6,5,6,6,6,5,6,6,6,5,6,6,5,6,6,5,6,5,6,6,6,6,6,6,5,5,6,6,6,6,6,6,5,5,Default,
32146,5,6,6,5,5,6,5,6,6,6,6,5,6,6,5,6,6,6,6,6,5,6,6,6,6,6,5,6,6,6,6,5,6,6,6,6,5,6,5,5,6,6,6,6,6,Default,
32162,6,6,6,6,5,6,6,5,5,6,6,6,6,6,6,6,6,6,6,5,6,6,5,6,6,5,5,6,6,6,6,5,6,5,6,6,6,6,6,6,6,6,5,6,5,Default,
32178,5,6,6,6,5,6,5,6,6,5,6,6,6,6,6,6,6,6,6,6,6,6,6,6,6,6,5,6,6,6,6,6,6,6,6,5,4,6,6,5,6,6,5,5,6,Default,
32194,5,6,6,6,6,6,6,5,6,6,6,6,5,6,4,6,6,6,6,6,6,6,5,5,6,6,6,6,5,4,6,6,6,6,6,5,5,5,5,6,6,5,6,6,5,Default,
32210,5,5,6,6,6,6,6,6,6,6,6,5,6,6,5,6,5,6,6,6,6,6,6,6,5,6,6,5,6,6,5,6,5,6,6,6,5,6,6,6,5,6,6,6,6,Default,
32226,5,6,5,6,6,6,6,6,6,6,6,6,6,6,6,6,6,5,6,6,6,6,5,6,5,6,6,6,6,6,6,5,6,6,6,5,6,6,6,6,6,5,6,6,5,Default,
32242,6,6,6,5,6,6,4,6,6,6,6,6,6,5,6,6,6,6,6,6,6,5,6,6,6,6,4,6,6,5,6,6,6,5,6,6,5,6,6,5,6,6,5,6,6,Default,
32258,6,6,6,6,6,6,5,6,5,6,6,4,6,5,6,6,6,6,6,6,6,6,6,6,5,6,6,5,6,6,6,6,5,6,6,5,6,6,6,6,6,6,6,5,4,Default,
32274,6,6,6,5,6,6,6,6,5,6,6,6,6,6,5,5,6,6,5,6,6,6,6,5,6,5,5,6,6,5,6,6,6,5,6,6,5,6,6,6,6,6,6,6,6,Default,
32290,5,6,5,6,6,5,6,6,6,6,6,6,6,6,5,6,5,6,5,6,5,6,6,6,6,5,5,6,6,5,6,6,6,6,6,6,5,6,6,4,5,6,6,6,6,Default,
32306,5,6,5,6,5,5,6,6,6,5,6,6,6,6,6,6,6,6,6,4,5,6,6,5,5,5,6,6,6,6,6,6,6,6,5,6,6,6,6,6,6,6,6,6,6,Default,
32322,5,6,6,6,6,6,6,6,6,5,6,6,6,6,5,6,6,6,6,6,6,5,6,6,6,6,5,6,6,6,6,6,6,6,6,6,5,6,6,6,6,6,6,5,6,Default,
32338,6,6,6,5,6,5,6,6,6,5,6,6,6,5,5,6,6,5,6,5,5,6,6,6,6,6,5,6,6,5,6,5,6,6,6,6,5,6,6,6,5,6,6,6,6,Default,
32354,5,6,6,6,6,6,6,6,5,5,7,6,6,6,6,6,4,6,6,5,6,5,5,5,6,6,6,6,6,6,6,6,6,6,6,6,6,5,6,6,5,6,6,5,5,Default,
32370,6,6,6,6,6,6,6,6,6,6,6,6,6,6,5,6,6,6,6,6,6,6,6,6,6,5,5,6,6,6,6,6,6,5,6,6,5,6,6,6,6,6,6,6,6,Default,
32386,5,6,6,4,6,6,5,6,6,6,6,6,6,4,6,6,6,6,6,6,6,6,6,5,6,5,5,6,6,5,6,6,6,6,6,6,5,6,6,5,6,6,6,5,6,Default,
32402,6,6,5,6,5,6,5,6,6,5,6,6,6,6,5,5,6,6,5,6,6,5,6,6,5,6,6,5,5,6,7,6,6,6,6,5,6,5,6,6,6,6,5,6,6,Default,
32418,6,6,6,5,6,5,5,5,6,6,5,6,6,6,5,6,5,6,6,6,6,6,6,6,6,6,5,6,6,5,6,6,6,6,6,6,5,6,6,5,6,6,6,6,6,Default,
32434,6,6,5,5,6,6,5,5,6,6,6,5,6,5,6,6,6,6,6,6,4,6,6,6,6,5,6,6,7,5,6,6,5,6,6,6,6,6,4,6,6,5,5,6,4,Default,
32450,5,6,6,6,6,6,6,5,6,5,5,5,5,5,6,6,5,6,6,6,6,6,6,6,5,5,6,6,6,5,6,6,6,6,6,6,6,6,6,6,6,6,5,6,6,Default,
32466,6,6,6,6,6,6,5,6,6,5,6,6,6,6,6,6,6,5,6,6,5,6,6,6,6,6,5,6,6,5,6,6,5,6,6,6,6,6,6,5,6,5,5,6,6,Default,
32482,4,6,6,6,6,6,5,6,6,6,6,6,6,6,6,6,6,6,5,6,6,6,6,6,6,6,5,6,6,5,6,6,5,6,6,6,5,6,6,4,6,6,6,6,6,Default,
32498,5,6,6,6,6,5,6,6,6,6,6,6,6,5,6,6,6,6,6,4,5,6,6,6,6,5,5,6,6,6,6,6,6,6,5,6,6,6,5,6,5,5,5,6,6,Default,
32514,5,6,6,5,6,6,6,6,6,6,6,6,6,6,5,6,5,5,5,6,5,6,6,6,6,6,5,6,6,5,6,6,6,6,6,5,6,6,5,6,6,6,6,6,6,Default,
32530,5,5,6,6,6,6,6,6,6,6,5,6,6,5,6,6,6,5,6,6,6,6,5,5,6,6,5,5,6,6,6,6,5,6,6,6,6,6,6,4,6,6,6,6,6,Default,
32546,5,5,6,6,5,6,6,6,6,6,6,6,4,6,5,6,5,6,5,6,6,6,6,5,5,5,5,6,6,6,6,6,7,6,5,6,6,6,6,6,6,6,6,6,6,Default,
32562,6,6,6,6,6,6,6,6,5,5,6,6,6,5,6,6,6,6,6,6,5,6,6,6,5,6,4,6,6,5,6,6,6,6,6,6,4,6,7,6,6,6,6,6,6,Default,
32578,6,6,6,5,6,6,6,6,6,6,5,6,6,5,5,6,6,6,6,5,6,5,6,6,6,6,5,5,6,6,5,6,5,6,6,6,6,5,6,6,6,6,4,6,6,Default,
32594,5,6,6,6,6,6,5,6,6,6,6,6,6,6,5,6,6,6,6,5,5,6,5,6,4,6,5,6,5,6,6,6,6,6,6,6,6,4,6,6,6,6,6,5,5,Default,
32610,5,6,6,6,6,6,6,6,6,6,6,5,6,5,5,6,6,5,6,5,6,6,6,6,6,6,6,6,6,6,5,6,5,5,6,5,5,6,6,6,6,6,6,5,6,Default,
32626,6,6,5,5,6,6,6,6,5,6,6,5,5,6,6,6,6,5,6,6,6,6,6,6,6,6,6,6,6,5,5,5,5,5,5,6,6,6,5,4,6,6,6,5,6,Default,
32642,5,6,6,6,6,6,6,6,6,4,6,5,5,6,5,6,6,5,5,5,6,6,5,5,6,6,5,6,5,5,6,6,6,6,6,6,6,6,6,4,6,6,6,6,6,Default,
32658,5,6,6,6,6,6,6,6,6,6,6,6,5,6,5,6,6,6,6,6,6,6,5,5,6,6,6,5,6,6,6,6,6,6,6,6,5,6,6,4,6,6,6,6,6,Default,
32674,6,5,6,6,5,5,6,6,6,6,5,6,6,6,6,5,6,6,6,6,5,5,6,5,5,5,6,6,5,5,6,6,5,6,6,5,6,5,5,5,6,5,5,5,5,Default,
32690,6,6,6,6,5,5,5,6,6,6,6,6,6,6,6,6,6,6,6,6,6,6,6,6,6,6,5,6,6,5,6,6,4,6,6,6,6,6,6,5,6,6,5,5,5,Default,
32706,6,6,6,6,6,6,6,6,5,6,6,5,6,6,6,5,6,6,6,6,5,6,6,5,6,6,5,5,6,5,6,6,5,6,6,5,6,6,6,6,6,6,6,6,6,Default,
32722,6,6,5,6,6,6,6,6,6,6,6,6,6,6,6,6,6,5,5,5,5,6,6,5,6,6,5,6,6,6,6,6,6,6,6,6,6,6,6,4,5,5,6,6,6,Default,
32738,6,6,6,6,6,6,6,6,6,6,6,5,5,6,6,6,6,6,5,6,5,5,6,6,5,6,6,6,5,6,6,6,6,6,6,6,6,5,6,5,6,6,6,6,5,Default,
32754,6,6,6,5,6,6,5,6,6,6,6,6,6,5,6,6,5,6,6,6,6,5,6,5,6,6,5,6,6,6,5,6,6,6,6,5,5,6,6,6,6,6,6,6,6,Default,
32770,6,6,6,6,5,6,5,6,6,6,6,6,5,6,6,6,5,6,6,5,6,6,6,6,6,6,5,6,5,6,6,6,6,6,5,6,5,6,6,6,6,6,6,5,6,Default,
32786,5,6,5,6,5,6,6,6,6,6,6,5,6,6,5,6,6,6,6,6,6,6,5,6,5,6,6,6,6,5,6,5,6,7,6,6,5,4,6,6,6,6,6,5,6,Default,
32802,5,6,6,6,5,6,5,5,6,6,6,6,5,6,6,6,5,7,6,6,5,6,6,6,6,6,5,6,5,6,5,5,5,6,6,5,6,6,6,5,6,5,6,6,6,Default,
32818,6,6,6,5,6,5,6,6,5,6,6,6,5,6,5,6,6,6,6,6,6,6,6,6,5,6,5,6,6,5,6,6,6,5,6,6,5,6,6,4,6,6,6,6,6,Default,
32834,6,6,5,6,6,6,6,6,6,6,6,6,6,6,6,6,6,6,6,5,6,6,5,6,6,5,6,6,6,4,6,6,6,5,6,5,6,6,6,5,6,6,6,5,6,Default,
32850,6,6,5,6,6,6,5,5,6,6,6,6,6,5,6,6,6,6,5,6,5,6,6,6,5,5,5,6,6,6,6,6,6,6,6,5,6,6,6,6,6,6,6,6,5,Default,
32866,6,6,6,5,6,6,6,5,5,6,6,6,6,6,5,6,5,6,6,5,6,6,6,6,6,5,4,6,6,6,6,6,6,6,6,6,4,6,5,5,6,6,6,6,6,Default,
32882,5,6,6,6,6,6,5,6,6,6,6,6,6,5,5,5,6,6,6,6,6,5,5,6,6,6,5,6,6,6,6,5,6,6,6,6,5,5,6,5,6,6,5,6,6,Default,
32898,5,6,6,6,6,6,5,5,6,6,5,6,6,5,5,6,6,6,6,5,6,5,6,6,6,6,5,6,6,6,6,6,5,5,6,6,5,6,6,6,6,6,5,6,6,Default,
32914,5,6,6,6,6,6,6,6,6,6,6,6,6,6,6,6,6,6,6,6,6,6,6,6,6,6,6,6,6,5,6,6,6,6,6,5,6,6,6,5,5,5,6,5,5,Default,
32930,5,6,5,6,6,6,6,6,6,6,5,6,6,6,6,6,6,6,6,6,5,6,6,6,4,6,6,6,6,5,6,6,5,6,6,6,6,6,6,6,6,5,6,6,6,Default,
32946,6,6,6,6,6,6,6,6,6,7,6,6,5,6,5,5,5,5,6,6,5,6,6,5,5,6,5,6,6,6,6,6,6,6,6,5,6,6,6,6,6,6,6,6,5,Default,
32962,5,5,6,6,6,6,6,6,5,6,6,6,6,5,6,5,6,5,6,5,5,6,6,6,6,6,6,6,6,5,6,6,6,6,6,6,6,6,6,6,5,6,5,6,6,Default,
32978,6,5,6,6,6,5,4,5,6,6,6,6,6,6,6,5,5,6,6,5,5,6,6,6,5,6,6,6,6,6,6,6,6,5,5,6,6,5,6,6,6,5,6,6,6,Default,
32994,6,6,6,5,6,6,4,6,6,6,6,5,6,6,5,6,5,6,6,5,6,6,6,5,6,6,5,6,5,6,6,6,6,6,6,5,6,6,6,6,6,6,6,6,6,Default,
33010,5,6,6,6,6,6,5,6,6,6,6,6,6,5,5,6,6,6,6,6,6,5,6,6,6,5,5,6,5,4,6,6,6,5,5,6,5,6,6,4,5,6,5,6,6,Default,
33026,5,6,6,6,5,6,5,5,6,5,6,6,6,6,6,6,6,6,6,6,6,6,6,5,6,5,5,6,6,6,6,6,6,6,6,6,5,5,6,6,6,6,6,6,6,Default,
33042,4,6,6,5,6,6,4,6,6,6,5,4,6,6,6,6,6,5,5,6,6,6,6,6,6,6,6,6,6,6,6,6,5,6,5,6,6,6,6,6,6,5,6,5,6,Default,
33058,6,5,6,5,6,6,4,5,6,6,6,6,5,5,6,6,6,6,6,6,5,6,6,6,6,6,5,6,6,6,5,6,6,6,6,6,4,6,6,4,6,5,6,6,6,Default,
33074,5,6,6,6,5,6,6,6,6,6,5,5,6,5,5,6,5,6,6,5,6,6,5,5,5,6,6,6,6,6,5,5,6,6,5,5,6,5,6,6,4,5,6,6,6,Default,
33090,5,6,6,6,6,6,6,6,6,6,5,6,6,6,6,5,5,6,5,6,6,6,6,6,6,6,6,6,6,5,6,6,6,6,6,6,5,6,6,6,6,6,6,6,5,Default,
33106,5,6,6,6,6,5,6,6,6,6,6,6,6,5,6,6,6,5,6,6,6,6,6,6,6,6,5,6,6,6,6,6,6,5,6,5,5,6,6,5,5,6,6,6,6,Default,
33122,5,6,6,5,5,6,6,6,6,6,6,6,5,6,4,6,6,4,6,6,5,6,5,6,6,6,5,6,6,6,6,6,6,6,6,5,6,5,5,6,5,6,6,6,6,Default,
33138,6,6,5,6,6,5,6,5,6,6,6,6,6,6,5,6,5,6,6,6,6,6,5,6,6,6,6,6,6,6,6,6,6,5,6,6,5,6,6,5,6,6,5,6,6,Default,
33154,6,5,6,6,6,6,6,6,6,5,6,6,6,6,6,6,6,6,6,6,5,6,6,6,6,6,6,6,5,6,6,5,5,6,6,6,6,6,6,6,6,5,6,5,6,Default,
33170,6,6,6,6,6,5,6,6,5,6,6,6,6,6,6,6,6,6,6,4,6,6,5,6,5,5,6,5,6,5,6,6,4,6,6,6,6,6,6,5,6,6,6,6,6,Default,
33186,5,6,6,6,6,6,6,6,5,6,6,6,6,6,6,6,6,6,6,6,6,5,6,5,6,6,6,6,6,5,6,6,6,6,6,4,4,6,6,6,6,5,6,5,5,Default,
33202,5,6,6,5,6,6,6,6,6,6,6,6,6,6,6,6,6,6,6,6,5,6,6,5,6,6,6,6,6,5,6,6,6,6,6,5,5,6,6,6,6,6,5,6,6,Default,
33218,4,6,6,6,6,5,6,5,6,5,6,6,6,6,6,6,6,6,6,6,6,6,6,6,6,5,6,5,6,5,5,6,6,5,6,6,5,6,5,6,6,6,6,6,6,Default,
33234,5,6,6,6,6,5,5,5,6,6,6,6,6,5,6,6,6,6,6,6,6,6,6,6,6,6,5,6,6,6,5,6,6,6,6,6,6,7,6,5,6,6,6,6,6,Default,
33250,5,6,6,6,5,6,5,6,7,5,6,6,6,6,5,5,4,5,6,6,5,6,6,6,6,6,5,6,5,6,6,6,6,6,6,6,4,6,6,6,6,6,6,6,6,Default,
33266,5,6,6,6,6,6,6,5,6,6,6,6,6,6,6,6,6,5,6,6,6,6,6,6,5,5,6,5,6,6,6,6,6,6,5,6,6,5,6,6,5,6,6,6,5,Default,
33282,5,6,5,5,5,6,6,6,5,6,6,5,6,5,5,6,5,6,5,6,5,6,6,6,6,6,5,5,6,6,6,6,6,6,5,6,6,5,6,5,6,6,6,5,5,Default,
33298,5,6,6,6,5,5,5,6,6,6,5,6,6,6,5,6,6,6,6,4,6,5,5,6,5,6,5,6,6,6,6,5,6,6,6,6,6,5,6,5,6,6,6,6,6,Default,
33314,6,6,6,6,6,6,5,6,6,6,6,6,6,6,5,6,4,6,5,5,6,6,6,6,6,6,6,7,6,6,6,6,6,5,5,6,5,6,6,5,6,6,6,6,6,Default,
33330,5,6,6,5,6,6,5,6,6,6,6,6,6,5,6,5,5,6,6,5,6,6,6,6,5,6,6,6,6,6,6,6,6,6,6,6,5,6,6,6,6,6,6,5,5,Default,
33346,5,6,6,5,6,6,6,6,6,6,6,6,6,6,6,5,5,6,5,6,5,6,6,6,6,6,4,6,6,6,6,6,6,5,5,6,5,5,6,6,5,6,6,6,6,Default,
33362,6,6,6,6,5,6,6,6,5,5,6,6,6,6,6,6,6,6,5,6,5,6,5,6,6,6,6,6,5,5,6,6,6,5,6,6,6,6,6,6,6,6,6,6,6,Default,
33378,4,6,5,6,6,6,6,6,6,6,6,6,6,5,6,6,6,6,6,6,5,6,6,4,6,6,6,5,6,6,5,5,5,6,5,6,4,6,6,6,5,6,5,6,6,Default,
33394,6,6,6,6,6,6,6,6,6,6,6,6,6,6,6,5,6,6,6,6,6,6,6,6,6,6,6,6,6,6,6,6,6,6,5,5,6,5,5,5,6,6,6,6,5,Default,
33410,5,6,5,6,6,6,5,5,5,6,6,6,6,6,6,6,6,6,6,6,6,6,6,6,5,6,6,6,6,5,6,6,6,6,6,5,6,6,6,6,6,6,6,6,5,Default,
33426,6,6,6,6,6,6,6,6,6,6,6,6,6,6,6,5,5,6,6,6,5,6,6,6,6,6,6,5,5,6,6,6,6,6,6,6,6,6,6,6,6,5,6,6,6,Default,
33442,5,6,6,6,6,6,5,6,6,6,6,6,6,6,6,6,6,6,6,6,6,6,6,5,6,6,6,6,6,6,6,6,6,6,6,6,6,6,6,4,6,6,6,6,6,Default,
33458,5,5,6,6,5,6,6,6,6,6,6,6,6,6,6,6,6,6,6,6,6,6,6,6,5,6,6,4,6,6,6,6,6,6,5,6,5,6,6,5,6,6,5,6,6,Default,
33474,5,6,6,5,6,5,4,6,6,5,6,6,6,5,6,5,6,6,5,6,6,6,6,6,6,5,6,6,6,6,6,5,5,6,6,5,5,5,5,6,5,6,6,5,6,Default,
33490,6,5,6,5,6,6,5,6,6,5,6,6,6,6,5,6,6,6,6,4,5,5,5,5,6,6,6,6,6,6,6,6,5,6,6,6,5,5,6,5,6,6,6,6,5,Default,
33506,6,6,6,6,6,6,6,6,6,6,6,6,6,6,6,6,5,6,6,5,6,5,6,6,6,6,6,6,6,6,6,6,6,5,6,6,6,6,6,4,5,6,5,6,6,Default,
33522,4,6,6,5,5,6,4,6,6,6,6,6,6,5,6,6,6,6,6,5,6,6,6,6,6,6,6,5,6,6,6,6,6,6,6,6,5,6,6,6,6,6,6,6,6,Default,
33538,6,6,6,5,6,5,5,6,6,6,6,6,6,5,6,6,5,6,6,6,6,6,6,5,6,6,5,6,6,6,6,6,6,5,6,6,5,6,6,6,5,6,5,6,5,Default,
33554,6,5,6,5,6,6,5,6,6,5,6,6,6,6,6,6,5,6,6,5,6,6,5,6,6,6,6,6,5,6,6,6,6,6,6,6,6,6,6,6,6,5,5,5,5,Default,
33570,6,6,5,6,6,6,6,6,6,6,6,6,6,6,6,6,6,6,6,6,6,6,6,5,6,6,5,6,6,6,6,5,6,6,6,6,5,6,6,5,6,6,6,6,6,Default,
33586,6,6,6,5,6,6,6,6,6,6,6,6,6,5,6,6,6,6,6,6,6,6,6,5,5,6,5,4,6,6,6,6,5,6,6,6,6,6,6,5,6,6,6,6,6,Default,
33602,6,6,6,6,5,6,6,5,6,6,6,5,6,6,5,6,6,6,6,6,5,6,5,6,5,6,6,5,6,6,6,6,6,6,6,5,5,6,6,5,6,5,5,6,6,Default,
33618,4,7,4,7,4,6,7,4,8,6,5,7,6,8,5,8,4,7,7,4,6,5,7,7,5,6,7,7,5,5,5,6,6,5,6,6,6,6,5,5,6,6,5,6,6,Default,
33634,6,5,6,6,6,6,6,6,6,6,6,6,6,6,5,6,6,6,6,5,6,6,6,4,6,6,5,5,6,5,6,6,6,6,6,5,6,6,6,6,6,5,6,6,5,Default,
33650,5,5,6,6,6,6,6,5,6,5,6,6,6,6,6,5,6,5,6,6,6,6,5,6,6,6,6,5,6,6,6,6,6,6,6,6,6,4,6,6,6,6,6,6,6,Default,
33666,5,6,6,6,6,6,6,6,5,6,6,6,6,6,6,6,6,6,6,6,6,6,6,6,6,6,6,6,6,6,5,6,5,6,6,6,6,6,6,6,6,4,5,5,5,Default,
33682,5,6,5,6,6,6,5,6,6,6,6,6,6,6,6,6,5,6,6,6,6,6,6,6,5,6,5,6,6,5,5,6,6,5,6,6,4,6,6,5,6,6,5,6,6,Default,
33698,5,6,6,6,5,5,6,5,6,6,6,6,6,6,5,6,6,6,5,6,6,6,6,5,6,6,6,6,6,6,6,5,6,6,6,6,6,6,6,5,5,6,5,6,6,Default,
33714,5,5,6,6,6,6,5,6,5,6,5,6,6,6,5,6,5,6,6,5,6,6,6,6,6,6,6,6,6,4,6,6,6,6,6,5,5,6,6,6,5,6,6,6,6,Default,
33730,5,6,6,5,6,6,6,6,6,6,6,6,6,6,6,6,6,6,6,5,6,6,6,6,6,6,6,6,6,6,6,6,6,6,6,6,6,6,6,6,6,6,5,6,6,Default,
33746,4,6,6,6,6,5,4,6,6,6,6,6,6,6,6,6,5,6,5,6,6,6,6,6,5,6,6,6,6,4,6,6,6,6,6,6,6,6,6,6,5,6,6,6,6,Default,
33762,6,5,5,6,6,6,6,6,6,5,6,6,6,6,6,6,4,6,6,6,6,6,5,5,6,6,4,6,6,5,5,6,6,6,6,5,5,6,6,6,6,6,6,6,5,Default,
33778,5,6,6,6,6,6,6,6,5,6,6,6,4,6,6,6,6,6,4,6,6,6,6,6,6,6,4,6,6,6,6,6,6,5,6,6,5,5,6,6,6,6,6,6,5,Default,
33794,5,6,6,6,6,4,6,6,6,6,6,6,6,5,5,6,6,6,6,5,6,6,6,6,4,6,6,5,6,6,6,6,6,6,6,6,6,6,6,6,5,6,6,6,6,Default,
33810,5,6,6,5,6,5,6,6,6,6,5,6,6,5,6,6,6,6,6,6,6,5,6,6,5,5,5,6,6,5,6,6,6,6,5,5,5,6,6,6,6,5,5,6,6,Default,
33826,6,6,6,5,6,6,5,6,6,5,6,6,5,6,6,5,5,6,6,6,5,6,6,6,6,6,5,6,6,6,6,6,5,6,6,6,6,5,6,6,7,4,7,5,7,Default,
33842,6,6,6,5,5,5,6,6,6,6,6,6,6,6,6,6,7,8,7,7,6,7,6,5,4,6,6,6,5,5,6,6,4,6,6,5,6,6,6,6,6,6,5,6,6,Default,
33858,6,6,4,4,4,5,5,5,6,6,6,6,6,6,6,5,6,6,6,6,5,5,6,6,4,5,6,6,4,8,6,7,5,6,6,7,4,4,7,4,7,6,7,7,4,Default,
33874,6,6,5,6,6,5,6,6,4,4,4,4,5,5,5,6,6,6,6,6,6,8,8,7,5,6,6,6,6,7,7,8,6,8,5,6,5,4,5,7,4,4,5,4,6,Default,
33890,5,6,8,6,4,4,6,7,6,5,7,7,5,6,7,6,6,6,7,4,4,5,7,4,7,6,7,7,5,4,4,7,4,7,6,7,6,7,6,7,5,6,7,8,7,Default,
33906,5,6,6,6,6,6,6,5,5,6,6,5,6,6,6,6,6,6,6,5,6,6,6,5,6,6,5,6,6,6,5,6,5,5,6,6,6,6,5,6,6,5,5,6,5,Default,
33922,6,5,6,5,6,6,6,6,6,6,5,6,6,5,6,6,6,6,6,6,6,6,6,6,6,6,5,6,6,6,6,6,7,6,5,6,5,6,6,6,5,5,6,6,6,Default,
33938,5,6,5,6,6,6,6,5,6,6,6,5,6,6,6,6,5,5,6,6,5,6,6,6,5,6,6,6,6,6,6,6,6,5,5,6,6,6,6,6,6,6,6,6,6,Default,
33954,5,6,6,6,6,6,5,5,6,6,6,6,6,5,6,6,6,6,6,6,6,6,6,6,6,6,5,6,6,5,6,6,5,6,6,6,5,6,6,5,6,6,6,6,6,Default,
33970,5,6,5,5,6,6,6,6,5,6,6,6,6,6,6,6,5,6,5,6,6,6,5,5,5,6,5,5,5,6,6,6,6,6,6,6,6,6,6,5,6,6,5,6,6,Default,
33986,5,6,6,5,6,6,6,6,6,6,5,5,6,6,6,6,6,5,6,6,6,6,6,6,6,6,6,6,6,6,6,6,6,5,5,6,6,6,6,6,6,6,6,6,5,Default,
34002,6,5,5,6,6,6,5,6,6,6,6,5,6,4,6,6,6,6,6,6,6,6,6,6,6,6,5,6,6,6,6,6,6,6,5,5,5,6,5,4,6,6,6,6,6,Default,
34018,5,5,6,6,6,6,4,6,6,6,6,6,6,6,6,6,6,5,6,5,6,6,6,6,5,6,6,5,6,6,6,6,6,5,6,6,5,6,6,6,6,6,6,6,6,Default,
34034,5,6,6,6,6,6,6,6,6,5,6,6,6,6,6,5,5,5,6,6,6,6,6,6,6,6,6,6,6,5,6,6,5,6,6,6,5,6,6,5,5,6,5,5,6,Default,
34050,5,6,6,5,6,5,5,6,6,6,6,6,5,6,6,6,5,6,6,5,6,6,6,6,5,6,6,6,6,5,6,6,6,6,6,6,5,5,6,6,6,6,6,6,6,Default,
34066,5,6,6,5,6,6,5,6,6,6,6,6,6,6,6,6,6,6,6,6,6,6,5,5,6,6,5,6,6,6,5,6,6,6,6,6,5,6,6,5,6,6,6,6,6,Default,
34082,5,6,6,5,6,6,6,6,6,6,5,6,4,6,6,6,5,6,5,5,6,5,6,6,6,5,6,6,5,6,6,5,5,6,5,6,6,6,6,6,5,6,5,6,6,Default,
34098,4,6,6,5,6,6,5,6,6,6,6,6,6,5,5,6,4,6,6,5,6,6,6,5,5,6,6,6,6,6,6,6,5,6,6,6,6,6,5,5,6,6,5,6,6,Default,
34114,6,6,5,6,6,6,6,6,6,6,6,5,6,6,5,6,6,6,5,5,6,6,6,6,6,6,6,6,6,6,6,6,5,6,6,5,6,6,5,5,5,5,6,6,6,Default,
34130,5,6,5,6,6,6,6,5,6,6,6,6,6,5,5,5,6,5,6,6,6,6,5,6,5,6,6,6,6,6,5,6,6,6,5,6,6,6,6,6,6,6,6,5,6,Default,
34146,5,5,6,6,6,6,5,6,5,6,6,6,6,6,6,5,6,6,6,5,5,6,6,6,6,5,5,5,6,4,5,6,6,6,6,6,6,6,5,6,5,6,5,6,6,Default,
34162,5,6,6,5,6,6,6,6,6,6,6,6,6,6,6,6,6,6,5,6,6,6,5,6,6,6,6,5,6,6,6,6,6,6,6,6,6,5,6,6,6,6,5,6,6,Default,
34178,6,6,5,6,6,6,6,6,6,6,6,6,6,6,6,6,6,6,6,6,6,6,6,6,6,6,5,6,6,5,6,6,6,6,6,6,5,6,6,5,6,6,6,6,6,Default,
34194,5,6,6,5,6,6,6,6,6,5,6,6,6,6,6,6,6,6,6,6,6,5,6,6,6,7,4,6,6,6,6,5,6,6,6,5,5,6,6,6,6,6,6,6,6,Default,
34210,5,6,6,6,6,6,6,6,5,6,6,6,5,6,6,6,5,6,5,6,6,6,6,6,6,5,5,6,6,5,5,6,6,6,6,6,6,6,6,6,5,5,6,6,6,Default,
34226,6,6,6,6,6,6,6,5,5,6,6,6,6,5,5,6,6,5,6,6,5,6,6,6,6,5,6,6,6,5,5,5,6,6,6,6,6,6,5,6,6,6,6,6,6,Default,
34242,5,6,6,4,6,6,6,5,6,6,5,6,6,6,6,6,6,6,6,6,6,5,6,6,6,6,5,5,6,6,6,6,6,6,6,6,5,6,10,5,4,6,6,5,6,Default,
34258,5,5,6,6,6,6,4,6,6,6,6,6,6,6,5,6,6,5,5,6,6,6,6,6,6,5,5,5,6,6,5,6,5,6,6,6,5,6,6,6,6,5,6,5,6,Default,
34274,5,6,6,5,6,6,6,6,6,6,6,6,6,6,5,6,6,5,5,6,6,5,6,6,5,6,6,5,6,6,5,6,6,6,6,6,6,6,6,6,5,6,6,6,6,Default,
34290,4,6,6,5,6,6,6,6,5,6,5,6,6,5,5,6,6,5,6,6,6,5,5,6,6,6,6,5,6,6,6,5,5,6,6,6,6,5,5,6,6,6,5,6,6,Default,
34306,5,6,5,6,6,6,5,6,5,5,6,6,6,6,6,6,5,6,6,5,6,6,6,6,5,6,6,6,6,6,6,6,5,6,6,6,5,6,6,5,5,6,6,6,6,Default,
34322,6,6,6,5,5,6,6,6,6,5,6,6,6,6,6,6,6,6,6,6,6,5,6,5,5,5,6,4,6,6,5,6,6,6,6,6,6,5,6,6,6,6,5,6,6,Default,
34338,5,6,6,6,6,6,6,5,6,6,6,6,6,6,6,6,6,6,6,6,6,6,6,5,6,6,5,6,6,6,5,5,6,6,6,6,5,6,5,6,6,5,6,6,6,Default,
34354,5,5,6,6,6,6,5,5,6,6,6,6,5,6,5,5,6,6,6,6,5,6,5,5,6,6,6,6,6,4,6,6,4,5,6,5,6,6,5,5,6,6,6,6,4,Default,
34370,6,5,6,6,5,6,6,5,6,5,6,6,6,6,6,6,6,5,6,4,6,6,5,6,6,6,5,5,6,5,6,6,6,6,6,6,6,6,6,6,5,6,6,6,6,Default,
34386,4,5,5,6,6,5,6,6,6,6,6,6,6,6,6,5,6,5,6,6,6,6,6,5,6,6,5,6,6,5,6,6,6,6,6,5,6,5,5,6,6,6,6,6,4,Default,
34402,5,6,6,5,6,6,6,5,6,5,6,6,6,6,6,6,6,6,6,6,6,6,6,6,6,6,6,6,6,6,6,6,5,6,5,5,5,6,6,5,5,6,6,5,6,Default,
34418,6,6,6,6,5,6,6,6,6,5,6,6,5,6,5,6,6,6,5,4,6,6,6,5,5,6,6,6,6,6,6,6,5,5,6,6,5,6,6,6,6,5,5,6,6,Default,
34434,4,6,6,5,6,6,5,5,5,6,6,6,6,6,6,6,5,5,5,6,6,6,5,5,6,6,5,6,6,5,6,6,6,6,5,6,6,6,6,6,5,6,5,6,6,Default,
34450,5,6,5,6,6,6,6,6,6,6,6,6,4,6,6,6,5,6,6,5,6,6,6,6,6,6,6,6,5,6,6,6,6,6,6,6,4,6,5,6,6,6,6,5,6,Default,
34466,5,6,6,6,6,6,5,6,5,6,6,6,6,6,6,6,6,6,5,6,6,5,6,6,6,6,6,6,6,6,6,6,6,6,4,6,6,6,6,6,5,6,6,6,6,Default,
34482,5,6,6,6,5,6,6,6,6,6,6,5,5,6,6,6,5,5,5,6,6,6,6,6,6,6,6,5,6,5,6,6,6,5,6,6,6,6,6,5,6,6,6,6,6,Default,
34498,5,6,6,6,6,6,6,6,6,5,6,6,6,6,6,6,6,6,6,5,6,6,6,4,6,6,5,6,6,6,6,6,6,5,6,6,5,6,6,6,6,6,5,6,6,Default,
34514,6,6,6,6,6,6,6,5,5,6,5,6,6,6,5,6,6,6,6,6,6,5,6,6,5,5,6,6,6,6,6,6,6,6,6,6,6,5,6,6,6,5,6,6,5,Default,
34530,5,5,6,5,5,6,6,6,7,6,6,6,6,6,5,5,4,6,6,6,6,6,6,6,6,6,5,5,6,6,6,6,6,6,6,5,6,6,6,5,6,6,6,6,6,Default,
34546,5,6,6,4,6,6,6,5,6,6,6,6,6,6,6,6,6,5,6,6,6,6,6,6,6,6,5,6,5,5,6,5,6,6,5,6,5,6,6,6,5,6,6,6,5,Default,
34562,6,6,6,6,6,6,5,6,6,6,6,5,6,6,6,6,6,6,5,5,6,5,6,6,6,5,6,6,6,6,6,6,6,5,6,6,6,6,6,6,6,6,5,6,5,Default,
34578,5,6,6,6,6,6,6,5,5,6,6,6,6,6,6,6,4,6,6,6,5,6,6,6,6,6,5,5,6,6,5,6,6,6,6,6,4,6,6,4,5,6,5,6,5,Default,
34594,5,6,6,5,5,5,6,6,5,5,6,6,6,6,5,5,6,5,6,5,5,6,6,6,6,5,6,6,6,6,6,6,5,5,6,5,5,5,5,6,6,6,6,6,5,Default,
34610,6,5,6,6,6,6,6,6,6,6,5,6,6,6,6,5,5,6,6,5,6,6,6,6,6,6,6,6,6,5,5,5,6,6,6,6,6,6,5,6,6,6,6,6,6,Default,
34626,4,6,6,6,6,5,6,6,6,6,6,5,6,6,6,6,6,6,5,6,6,6,6,6,6,6,6,6,5,6,6,5,4,6,6,5,5,6,6,5,6,5,6,6,6,Default,
34642,5,6,6,6,6,6,6,6,5,6,6,6,6,6,6,6,6,6,6,6,6,6,6,6,6,5,5,5,6,6,6,6,6,6,6,6,5,6,5,4,4,6,6,6,6,Default,
34658,6,6,5,6,5,6,5,6,6,6,5,6,5,6,6,5,6,6,6,6,6,6,6,6,4,6,6,5,6,6,5,6,5,5,5,7,6,6,5,5,6,5,6,6,6,Default,
34674,5,6,6,6,6,6,6,6,6,6,6,6,6,5,6,6,6,6,5,6,6,5,6,6,6,6,5,6,6,6,6,6,6,6,6,6,5,5,6,6,6,6,5,5,6,Default,
34690,5,6,5,4,6,6,4,6,6,6,7,6,6,5,6,6,6,6,6,6,6,5,5,6,6,6,6,6,6,5,5,6,6,6,6,6,6,6,6,5,5,5,5,5,6,Default,
34706,5,6,6,5,6,6,5,6,5,5,6,7,6,5,6,5,5,6,5,4,6,6,6,6,6,6,5,6,6,5,6,5,6,6,6,6,6,6,6,6,6,6,5,5,6,Default,
34722,6,6,6,6,5,6,5,6,6,5,6,6,6,6,6,5,6,6,6,6,6,6,6,6,6,6,4,6,6,5,5,6,5,6,6,6,5,5,6,6,5,5,6,6,6,Default,
34738,5,5,6,6,5,6,6,5,6,6,6,6,6,6,6,6,6,6,6,6,5,6,5,6,6,6,5,6,6,6,6,6,6,6,5,6,5,5,6,6,5,6,6,6,5,Default,
34754,6,6,5,5,6,5,6,6,6,6,5,6,6,6,6,6,5,6,6,5,6,6,6,6,6,6,6,6,6,5,6,6,6,5,5,6,6,5,6,5,6,6,5,5,6,Default,
34770,6,6,6,5,5,6,5,6,5,6,5,6,6,6,6,6,6,6,6,6,5,6,6,6,6,5,6,6,6,5,6,6,6,6,6,6,5,6,6,5,6,6,6,6,6,Default,
34786,5,5,6,6,6,6,6,6,6,6,5,6,6,6,6,6,6,6,6,6,6,6,5,6,5,5,5,6,6,6,5,6,6,6,6,6,6,6,6,4,6,6,6,6,6,Default,
34802,5,6,6,6,6,6,6,6,6,6,6,6,6,6,6,6,6,6,6,6,6,6,6,6,5,6,6,5,6,6,5,6,6,6,5,6,6,6,6,6,6,6,6,6,6,Default,
34818,5,6,6,5,6,6,6,5,6,6,6,5,6,6,5,6,5,6,6,6,5,6,6,6,6,5,6,5,5,6,6,6,6,6,6,6,6,6,6,5,6,6,6,6,6,Default,
34834,4,6,6,5,6,5,6,6,6,6,6,6,4,6,5,6,5,5,6,5,6,6,5,6,6,6,5,6,6,6,6,6,4,6,5,6,6,6,5,6,5,6,6,6,5,Default,
34850,5,6,5,6,5,6,5,5,6,6,6,6,5,6,6,6,6,6,6,6,5,5,6,6,6,6,6,6,6,6,5,6,6,6,6,5,6,4,6,5,6,6,6,5,6,Default,
34866,5,6,6,6,6,6,6,6,6,6,6,6,6,6,6,6,6,5,5,6,6,6,6,5,5,6,5,6,6,6,6,6,4,6,6,5,5,6,5,6,6,5,5,6,5,Default,
34882,6,5,5,6,6,6,6,6,6,6,5,6,6,6,5,6,4,6,5,6,6,6,6,6,6,6,5,6,6,5,6,6,6,5,6,6,4,6,6,5,6,6,6,6,6,Default,
34898,5,6,6,6,5,6,5,6,5,6,6,7,6,5,6,5,5,6,6,5,6,5,6,6,6,6,6,6,6,5,6,5,6,6,5,6,6,6,6,5,6,6,6,6,6,Default,
34914,5,6,6,5,5,6,5,6,6,6,6,6,6,5,5,5,5,6,6,5,6,6,5,6,5,6,6,6,5,5,6,5,6,6,6,6,6,6,6,6,6,6,6,5,6,Default,
34930,6,6,6,6,5,6,6,6,6,6,6,6,6,6,5,6,6,6,5,6,5,5,6,5,6,6,6,6,6,4,6,6,6,6,6,6,5,6,6,5,6,6,6,6,6,Default,
34946,6,5,6,6,6,6,6,6,6,6,6,5,6,6,5,5,5,6,6,6,6,6,5,6,6,5,6,5,6,6,6,6,5,6,6,6,6,5,6,5,6,6,6,6,6,Default,
34962,6,7,6,8,4,7,6,5,6,4,6,4,7,5,5,7,7,7,7,4,6,8,6,6,6,6,6,4,7,8,7,6,7,7,6,5,6,4,6,4,5,6,6,5,6,Default,
34978,6,5,6,5,5,5,6,6,6,6,6,6,5,6,6,5,5,6,6,6,6,6,6,5,5,5,6,6,7,5,5,6,6,6,5,6,5,6,6,6,5,6,5,6,6,Default,
34994,5,6,6,6,6,5,6,6,5,6,5,6,6,6,5,6,6,6,6,6,6,6,6,6,5,6,6,6,5,6,6,6,6,6,4,6,6,6,5,5,6,6,6,6,5,Default,
35010,5,6,6,4,6,6,6,6,6,6,5,6,6,6,6,6,6,6,6,6,6,6,6,5,6,5,6,5,6,5,6,6,6,6,6,6,5,6,6,6,6,6,5,6,6,Default,
35026,5,6,5,5,6,6,6,5,5,6,5,6,5,6,5,5,6,6,6,6,6,6,6,6,6,6,5,6,5,5,5,6,6,6,6,6,6,6,6,6,6,6,6,5,5,Default,
35042,5,6,6,6,5,6,6,5,5,5,6,6,6,5,6,5,5,6,6,6,6,5,5,5,6,5,6,6,6,5,5,5,6,6,6,5,6,6,6,5,6,6,5,6,6,Default,
35058,4,6,8,4,4,6,6,6,6,6,6,6,6,6,6,6,6,5,6,6,6,5,5,5,6,6,5,6,6,5,6,6,6,6,6,6,6,6,6,5,6,5,5,6,6,Default,
35074,6,6,5,6,6,6,6,5,7,7,5,4,5,6,6,6,6,6,5,5,6,6,5,5,6,6,5,6,5,4,6,6,5,6,6,5,6,6,5,6,6,5,6,5,5,Default,
35090,5,5,4,6,4,4,4,5,5,6,6,6,6,6,5,6,6,8,4,8,6,8,7,4,5,4,7,4,6,4,6,7,6,6,5,7,6,7,7,6,7,4,6,4,6,Default,
35106,5,6,6,6,6,6,6,6,6,6,6,6,6,6,6,5,6,6,6,6,5,6,6,6,6,5,6,5,6,6,6,6,5,5,8,4,7,7,4,4,7,7,8,5,7,Default,
35122,6,5,6,6,6,6,6,6,6,6,6,6,6,6,6,6,6,6,6,6,6,5,6,6,5,6,5,5,6,6,6,6,6,6,6,6,5,6,6,5,6,6,6,6,6,Default,
35138,5,6,6,5,6,6,6,6,6,5,6,4,6,6,6,6,6,6,6,6,5,6,5,6,5,6,6,6,6,6,6,6,5,6,6,6,6,5,5,5,5,5,6,5,6,Default,
35154,5,6,6,4,6,6,5,6,6,6,6,6,6,6,7,6,4,6,6,5,6,6,6,6,6,6,6,6,6,5,6,6,6,6,6,6,5,6,6,6,6,6,6,6,6,Default,
35170,5,6,6,6,6,6,6,5,6,6,6,6,6,5,5,5,5,6,6,6,6,6,6,6,5,5,6,5,6,5,6,6,6,5,6,5,6,6,6,5,6,6,6,6,6,Default,
35186,5,6,6,6,6,6,6,6,6,5,5,5,6,5,5,5,6,6,6,6,6,6,6,6,5,6,5,6,6,5,6,6,6,6,5,5,6,6,6,6,6,6,6,6,6,Default,
35202,5,6,6,6,6,6,6,6,6,6,6,6,5,5,6,6,4,6,6,6,6,5,6,5,6,6,5,6,6,6,6,6,6,6,6,6,5,5,6,6,6,6,6,6,6,Default,
35218,4,6,6,6,5,6,5,6,6,6,6,6,5,5,6,6,5,6,6,5,6,6,6,6,6,6,6,6,6,6,6,6,6,6,5,6,5,5,6,5,6,6,6,6,6,Default,
35234,5,5,5,6,6,6,6,6,6,6,6,6,6,6,5,5,5,6,6,5,6,6,6,5,6,6,6,6,5,5,6,6,6,6,6,5,6,6,6,5,6,6,4,6,5,Default,
35250,5,6,5,5,6,6,5,6,5,5,6,6,6,6,6,5,6,6,6,6,6,6,6,6,6,6,5,6,5,6,6,5,6,5,6,5,6,6,6,5,6,6,6,6,5,Default,
35266,5,5,6,4,6,5,5,6,6,6,6,5,6,6,6,6,6,6,6,6,6,6,6,5,6,6,4,5,5,6,6,6,5,6,6,6,5,6,6,6,6,6,6,5,5,Default,
35282,6,6,6,6,6,5,6,6,6,5,6,6,6,5,6,6,6,6,6,5,6,6,6,6,6,6,6,6,6,6,5,6,5,6,6,5,6,6,5,6,5,6,4,6,6,Default,
35298,5,5,6,6,6,5,5,6,5,6,6,6,6,6,6,5,5,6,6,4,6,6,6,6,6,6,6,6,6,5,6,6,6,6,6,5,5,6,6,6,6,6,6,6,6,Default,
35314,6,6,6,5,5,5,6,6,6,6,6,5,6,6,6,5,5,5,6,6,6,6,6,5,6,6,5,6,5,6,5,5,5,6,6,5,6,6,6,6,5,5,6,6,5,Default,
35330,5,6,6,6,5,6,5,6,6,6,6,5,5,6,6,6,5,6,6,6,6,6,6,5,5,6,6,6,6,6,6,6,6,6,5,5,5,5,6,6,6,6,5,6,5,Default,
35346,5,5,6,6,6,6,6,5,5,6,5,6,6,6,6,6,6,6,6,6,5,5,6,6,6,6,5,5,6,5,6,5,5,6,6,6,6,6,5,6,5,5,6,5,6,Default,
35362,5,6,5,5,6,6,6,6,6,6,5,6,6,6,6,6,6,6,6,6,6,6,6,5,6,6,5,6,6,6,6,6,6,5,6,6,6,6,6,6,6,6,6,6,6,Default,
35378,6,6,6,5,6,6,6,6,6,6,6,5,5,6,6,6,6,6,6,6,6,6,5,6,6,5,6,6,6,5,6,6,6,5,5,5,5,6,6,6,6,6,6,6,6,Default,
35394,6,5,6,6,6,6,6,6,6,6,6,6,5,6,6,6,4,6,6,5,6,6,6,6,6,6,5,6,6,6,5,6,6,5,6,6,5,6,6,4,6,6,6,6,6,Default,
35410,5,5,6,6,5,6,6,6,5,6,6,6,6,6,6,6,4,6,5,6,6,6,6,5,6,6,6,5,6,6,6,6,6,6,6,6,5,6,6,5,5,6,6,6,5,Default,
35426,6,6,6,6,5,6,6,6,6,5,6,6,5,6,6,6,6,6,6,5,6,6,5,6,6,6,6,6,6,6,6,6,6,6,5,5,6,6,6,6,6,5,6,6,5,Default,
35442,5,6,6,6,6,5,5,6,5,6,6,6,6,6,5,6,5,6,6,5,6,6,5,6,6,6,6,6,6,6,6,6,6,6,6,6,4,6,5,6,6,6,6,6,5,Default,
35458,6,5,6,6,6,5,6,6,5,5,6,6,6,5,6,6,5,6,6,5,6,6,6,6,5,5,6,6,6,4,6,6,5,5,6,6,6,6,6,4,6,6,6,6,6,Default,
35474,6,6,6,6,6,5,6,6,6,4,6,6,6,6,6,5,6,6,7,5,5,6,5,6,6,6,5,6,6,6,6,6,6,6,5,5,6,6,5,5,6,5,5,6,6,Default,
35490,5,6,6,6,6,6,5,6,5,6,6,6,6,6,6,6,6,6,6,6,6,5,6,6,6,6,5,5,6,6,6,6,5,6,5,6,5,5,6,6,6,6,6,6,5,Default,
35506,5,6,6,6,6,6,6,6,6,6,5,6,6,6,6,6,6,6,6,6,6,5,6,6,6,6,4,6,5,6,6,5,5,5,6,6,5,6,6,4,6,6,6,5,6,Default,
35522,5,6,6,5,5,6,6,5,6,5,6,6,6,6,6,6,6,5,5,6,5,6,6,6,6,6,6,5,6,6,5,6,6,6,6,6,6,6,6,6,6,6,6,6,6,Default,
35538,6,6,5,4,6,6,5,6,5,6,6,5,6,5,5,6,5,6,6,6,5,6,6,6,6,6,6,5,6,4,6,6,6,6,5,6,6,6,6,4,6,5,4,5,6,Default,
35554,4,6,5,6,6,6,5,5,6,6,6,6,6,5,5,6,6,6,6,6,6,6,6,6,6,5,5,6,6,5,6,6,5,6,6,5,6,6,5,6,6,5,6,6,5,Default,
35570,6,6,6,6,5,5,6,6,6,6,6,6,5,6,6,6,5,6,6,5,6,6,5,5,6,6,6,6,6,6,6,5,6,6,6,6,6,5,5,6,6,6,6,6,5,Default,
35586,6,6,6,5,6,6,6,5,5,6,6,6,6,6,5,5,6,6,6,6,5,6,6,6,6,5,5,6,6,5,6,6,5,6,6,5,6,6,5,5,6,4,6,6,5,Default,
35602,5,6,6,6,6,6,5,6,6,6,6,6,6,6,6,6,6,6,6,6,6,6,5,5,6,6,6,6,6,6,5,6,6,6,6,5,5,6,6,6,6,6,6,6,5,Default,
35618,4,6,6,6,6,5,5,6,5,6,5,6,6,6,6,6,5,6,6,5,6,6,6,6,6,6,5,6,6,6,5,6,5,5,5,6,6,6,5,5,6,5,6,5,5,Default,
35634,6,7,6,6,5,6,5,6,6,6,6,5,6,5,6,6,6,6,6,6,5,6,6,6,6,6,6,6,6,5,6,6,6,6,6,6,5,6,6,5,6,6,6,6,6,Default,
35650,5,6,5,6,6,6,6,6,5,6,6,6,6,6,6,6,6,6,6,6,5,6,6,6,6,6,5,6,6,6,6,6,6,5,6,6,5,6,6,5,6,6,6,5,6,Default,
35666,5,6,6,5,6,6,6,5,6,6,6,5,6,5,6,6,6,6,6,6,5,6,6,5,5,6,5,6,6,5,6,6,6,6,6,6,6,6,6,6,5,6,5,6,6,Default,
35682,5,6,5,6,6,6,5,5,6,6,6,6,6,6,5,6,6,6,6,6,6,6,6,5,6,6,5,6,6,6,6,6,5,6,6,6,6,6,4,5,6,6,6,6,6,Default,
35698,5,6,5,5,6,5,6,6,6,5,6,6,5,6,6,6,4,6,6,6,6,6,6,6,6,6,6,6,6,5,6,6,6,6,6,5,6,6,6,6,6,6,6,6,5,Default,
35714,6,6,6,6,6,6,6,6,6,6,5,5,5,6,6,5,6,5,6,6,5,6,6,6,5,6,6,6,6,6,6,5,6,6,4,5,6,6,6,6,6,4,5,6,6,Default,
35730,6,6,6,5,5,6,6,5,6,6,6,5,6,6,6,6,5,6,5,5,6,6,6,6,6,6,5,6,6,6,6,6,6,6,6,5,5,6,6,6,6,6,6,6,6,Default,
35746,6,5,6,6,6,6,6,5,6,5,6,6,5,6,6,6,5,6,6,6,6,6,6,6,6,6,5,6,6,5,6,6,6,6,5,6,4,6,6,5,6,6,6,6,6,Default,
35762,6,6,6,6,6,6,5,6,6,6,6,6,6,6,6,6,6,6,6,5,6,6,5,6,6,5,6,5,6,5,6,6,5,6,6,5,6,6,6,6,6,5,5,6,6,Default,
35778,6,6,6,6,6,6,6,6,6,6,5,6,6,6,6,6,6,6,6,5,6,6,6,6,6,6,6,6,6,6,5,5,5,6,6,6,5,6,6,6,6,6,5,6,5,Default,
35794,5,6,6,6,6,6,6,5,6,6,5,5,6,6,6,6,6,6,6,6,6,6,5,5,6,6,6,5,6,5,6,5,6,6,6,5,5,6,5,6,6,4,6,6,5,Default,
35810,6,6,6,6,5,6,5,6,5,6,6,6,6,6,6,6,5,6,6,4,5,6,5,5,6,6,5,6,6,6,6,6,5,6,6,5,6,6,6,6,6,6,6,6,6,Default,
35826,6,6,5,6,5,6,6,6,6,6,6,6,6,6,5,6,6,6,6,5,6,5,6,6,6,6,5,6,6,5,5,6,6,6,6,6,6,6,5,5,5,6,6,5,5,Default,
35842,6,6,5,5,6,6,6,6,6,6,6,6,6,5,6,6,5,6,6,6,5,6,6,6,6,6,5,6,6,6,6,6,5,6,6,6,6,6,6,4,5,5,5,6,6,Default,
35858,6,6,5,6,6,6,6,6,5,5,6,6,5,6,6,7,6,6,6,6,6,6,6,5,4,6,6,5,6,6,6,6,6,6,6,6,6,5,6,5,6,6,6,6,6,Default,
35874,6,6,6,6,6,6,5,6,6,6,6,6,5,6,5,6,5,6,6,6,6,6,6,6,5,6,5,5,6,6,6,6,6,6,6,6,5,6,6,5,5,6,6,6,6,Default,
35890,5,6,6,6,6,5,6,6,6,6,6,6,6,6,5,6,5,6,6,6,6,6,6,5,5,5,5,5,6,4,5,6,6,6,6,6,4,6,6,6,6,6,5,6,6,Default,
35906,5,5,6,6,6,5,6,6,6,6,6,6,6,6,6,6,6,5,6,6,5,5,6,6,5,6,6,6,6,6,5,5,6,6,4,6,6,6,6,6,6,6,6,6,6,Default,
35922,5,6,6,6,6,6,6,6,5,5,6,6,6,6,7,6,4,6,6,5,6,6,6,6,6,6,6,6,5,5,6,6,6,6,6,6,5,6,6,5,6,5,5,6,6,Default,
35938,6,5,7,6,6,6,6,6,6,6,6,6,6,6,6,6,6,6,5,5,6,6,5,5,6,5,5,5,6,6,5,6,6,6,5,6,4,6,6,6,5,5,6,6,6,Default,
35954,6,6,6,6,5,5,5,6,6,4,6,6,6,6,5,6,6,5,6,6,5,6,5,5,6,6,6,6,6,6,6,6,4,6,6,6,6,6,6,6,5,6,6,6,6,Default,
35970,5,6,6,6,6,6,6,6,5,6,5,5,6,6,6,7,5,5,6,6,6,5,6,6,6,5,4,6,6,4,6,5,6,5,6,6,6,5,6,5,6,6,6,6,6,Default,
35986,5,6,6,6,6,5,6,6,6,6,6,6,6,5,6,6,5,5,6,6,6,6,6,5,6,6,6,6,6,5,5,6,6,5,6,5,6,6,6,6,6,6,6,6,5,Default,
36002,6,6,6,5,5,6,6,5,5,6,6,5,6,6,6,6,6,6,6,6,6,6,6,6,6,6,6,6,6,5,6,6,6,6,5,6,6,6,5,5,6,5,6,6,6,Default,
36018,5,6,6,5,6,6,6,6,6,6,5,6,6,5,6,6,5,6,6,5,6,6,6,6,6,6,6,6,6,6,6,6,5,5,6,6,5,5,6,6,6,6,5,6,6,Default,
36034,5,6,6,6,6,6,6,6,6,6,6,6,5,6,6,6,6,6,6,6,6,6,6,5,6,6,5,6,6,6,6,5,5,6,6,6,6,6,5,6,5,6,6,6,5,Default,
36050,6,5,5,6,6,6,6,5,5,6,6,6,6,6,5,5,5,5,6,6,6,6,6,6,6,5,6,6,6,6,6,6,6,6,5,6,6,6,5,5,5,6,6,6,6,Default,
36066,5,5,6,6,5,6,6,6,5,6,6,6,5,6,5,6,6,6,5,6,5,6,6,5,6,6,5,6,6,5,6,5,5,6,6,4,6,6,5,5,6,6,6,6,6,Default,
36082,5,6,6,6,5,6,5,6,6,6,6,6,6,6,6,6,5,6,6,6,6,6,6,5,6,6,5,6,6,6,6,6,6,6,6,6,5,6,6,5,6,6,6,6,6,Default,
36098,6,6,6,6,6,6,6,6,5,6,5,6,6,6,5,6,5,6,6,4,6,6,6,6,6,6,6,6,6,5,5,6,6,6,6,6,6,6,5,5,6,6,5,6,5,Default,
36114,6,6,6,5,6,6,5,6,6,6,5,6,6,5,5,6,6,6,5,4,6,6,6,5,6,6,5,5,5,6,5,5,6,6,6,6,6,5,6,5,6,6,5,6,5,Default,
36130,5,6,6,6,6,6,6,6,6,6,6,6,6,6,6,6,4,5,6,6,6,6,5,6,6,6,6,6,6,6,6,6,4,6,6,6,6,5,6,5,5,6,6,6,6,Default,
36146,6,6,5,6,6,5,6,6,6,6,6,6,6,6,5,6,6,5,6,5,6,6,6,6,6,5,6,5,6,5,6,6,6,6,6,6,6,6,6,5,6,6,5,6,6,Default,
36162,5,6,6,6,6,6,6,6,5,6,6,5,6,6,6,5,5,5,6,6,6,6,5,6,6,6,6,6,6,6,6,6,5,6,6,6,6,5,5,6,6,6,6,6,6,Default,
36178,4,6,6,6,6,5,4,6,6,5,6,6,5,6,6,6,6,5,5,6,6,6,6,6,5,5,5,5,6,6,6,6,6,6,6,6,4,6,6,6,6,6,6,6,6,Default,
36194,6,6,6,5,7,6,6,5,6,6,6,6,6,5,5,6,6,6,6,6,6,6,6,5,6,6,6,6,6,6,6,6,6,6,6,6,5,6,5,6,5,5,6,6,5,Default,
36210,4,6,6,6,6,6,5,6,6,5,6,6,6,6,6,6,5,6,6,6,6,6,5,5,6,6,6,6,6,5,6,6,6,6,6,6,6,6,6,6,6,6,6,6,5,Default,
36226,6,6,6,6,6,6,4,6,5,6,6,5,6,6,6,6,5,6,6,6,6,6,6,6,6,5,5,6,6,6,6,6,6,5,6,5,5,6,6,6,6,6,6,6,6,Default,
36242,6,5,5,6,6,6,6,6,6,6,6,5,6,6,5,6,6,6,6,5,5,6,6,6,6,6,5,4,6,6,5,6,6,6,5,6,6,5,6,5,6,6,6,6,6,Default,
36258,5,6,6,6,6,6,5,5,6,6,6,6,5,5,6,5,6,5,5,4,6,6,6,6,5,6,6,5,6,6,6,6,6,6,5,6,6,6,6,6,6,5,6,6,6,Default,
36274,5,6,6,6,6,6,6,6,6,6,6,6,6,6,6,6,6,5,6,6,6,5,6,6,6,6,6,6,5,4,6,6,5,6,6,6,6,6,5,5,6,6,6,6,4,Default,
36290,5,6,6,6,5,6,6,6,5,6,6,6,6,6,6,6,5,6,6,5,5,5,5,6,6,6,6,6,6,5,6,6,7,5,6,6,6,5,5,6,6,6,6,6,5,Default,
36306,5,6,5,6,5,6,6,6,5,6,6,5,6,6,6,6,5,6,6,6,6,6,6,6,6,5,5,6,6,5,6,5,6,6,6,5,6,6,6,6,6,4,6,6,5,Default,
36322,6,6,6,5,6,5,4,5,6,5,6,6,6,6,5,6,5,6,6,5,6,6,5,6,6,6,6,6,6,5,6,6,6,6,6,6,4,6,6,4,6,6,6,6,6,Default,
36338,6,5,6,5,6,6,6,6,6,6,6,5,6,6,6,5,5,6,6,4,6,5,6,5,5,6,6,6,6,4,5,6,6,5,6,6,6,6,5,5,6,6,5,6,6,Default,
36354,6,6,6,5,6,6,5,5,6,6,6,6,6,4,6,6,5,6,5,6,6,6,6,6,6,6,5,6,6,5,6,6,6,6,6,5,5,6,6,6,6,6,5,6,5,Default,
36370,6,6,6,6,6,6,5,6,5,6,6,6,6,6,6,6,5,5,6,6,6,6,5,6,6,6,5,6,6,6,6,6,6,5,6,6,6,6,6,5,5,6,6,6,6,Default,
36386,5,4,8,5,8,4,6,7,4,6,7,7,6,8,7,5,6,6,6,7,6,4,6,6,4,7,5,6,5,6,7,5,6,4,7,4,7,7,4,6,6,6,6,6,6,Default,
36402,6,6,6,6,5,6,6,6,6,6,6,6,5,6,6,6,6,6,6,6,6,6,6,6,6,6,5,6,6,6,6,6,6,6,6,6,5,6,5,5,6,6,6,5,6,Default,
36418,5,6,6,5,5,6,6,6,5,6,6,6,6,6,5,6,4,6,6,6,6,5,6,6,6,6,5,6,6,5,6,6,6,5,6,6,6,6,6,5,6,6,6,6,6,Default,
36434,6,6,6,6,6,6,6,5,5,6,6,6,6,6,6,6,6,6,6,4,6,6,6,6,6,6,6,5,6,6,6,6,6,6,6,6,5,6,6,5,5,5,6,6,6,Default,
36450,5,6,6,5,5,6,5,6,6,6,6,6,5,6,6,5,5,6,6,5,6,6,5,5,6,6,4,5,6,6,6,6,6,5,6,6,6,5,6,6,6,6,6,6,6,Default,
36466,5,5,6,6,6,6,6,5,6,6,6,6,6,5,6,5,5,6,6,5,5,6,6,5,6,5,5,5,6,6,5,6,6,5,6,6,6,6,6,5,6,6,6,5,6,Default,
36482,5,6,6,6,6,5,6,6,5,6,5,6,6,6,6,6,6,6,5,5,5,6,6,6,6,7,7,7,6,4,6,4,7,7,7,7,5,6,6,5,7,5,5,7,6,Default,
36498,5,5,5,5,6,6,6,6,5,6,6,6,6,5,4,6,6,6,6,5,6,6,6,6,5,6,6,6,6,5,6,6,6,6,6,6,5,6,6,5,6,6,4,6,6,Default,
36514,7,6,6,6,6,6,6,6,6,6,6,6,5,6,6,6,6,6,6,5,6,6,6,4,5,6,5,5,6,5,6,6,6,6,6,6,6,6,5,6,6,6,6,5,4,Default,
36530,5,6,6,6,6,5,6,5,6,6,6,4,6,6,6,6,6,6,6,6,5,4,6,6,5,5,5,6,6,5,6,6,6,6,5,5,6,6,6,6,6,6,6,5,5,Default,
36546,6,6,5,5,6,6,6,6,6,5,6,6,6,6,6,6,6,6,6,6,6,6,5,4,6,6,6,6,6,5,6,6,6,5,6,6,6,6,6,6,6,4,5,6,5,Default,
36562,5,6,6,5,6,5,6,6,6,6,6,6,6,5,6,6,5,6,5,6,5,6,6,6,6,6,6,6,6,6,6,6,6,5,5,5,6,6,6,6,6,6,6,6,6,Default,
36578,5,6,6,6,5,6,6,6,5,6,6,6,6,6,5,6,5,5,6,6,6,5,6,6,5,6,6,6,6,5,5,5,6,5,4,6,6,6,6,6,6,6,6,6,5,Default,
36594,6,6,6,5,6,6,6,6,6,6,6,6,5,5,6,6,6,6,6,5,6,6,6,6,6,5,5,6,5,6,6,6,6,6,6,6,5,6,6,4,6,6,6,6,6,Default,
36610,5,6,6,6,6,6,6,6,6,6,5,6,5,5,6,6,4,6,6,6,6,6,6,6,6,6,5,5,5,6,5,6,6,6,6,5,5,6,6,6,6,6,6,5,5,Default,
36626,6,6,6,6,6,5,4,6,6,6,6,6,6,6,6,5,5,6,6,6,6,5,6,6,6,6,6,6,5,5,6,5,4,6,6,6,6,6,6,6,6,6,6,6,6,Default,
36642,5,6,6,5,6,5,6,6,6,6,6,6,6,6,6,5,6,6,6,5,5,6,6,5,5,6,6,6,6,4,5,6,6,6,6,5,5,6,6,5,6,6,6,6,5,Default,
36658,6,6,6,5,6,5,6,6,6,6,6,6,5,5,6,6,5,6,6,5,6,5,5,6,6,6,6,6,5,6,5,6,6,6,6,5,4,5,6,6,6,5,6,6,6,Default,
36674,5,6,6,6,6,5,5,6,5,6,6,6,5,6,6,6,5,5,5,5,6,6,6,6,6,6,6,6,6,6,6,6,6,6,6,6,5,6,6,5,5,5,6,6,6,Default,
36690,5,6,6,6,5,5,6,6,6,6,6,5,6,6,6,6,5,6,6,6,6,6,5,6,5,6,5,6,6,6,6,6,6,5,6,6,5,6,6,4,6,6,6,6,6,Default,
36706,5,6,5,5,6,6,5,6,6,5,6,6,6,6,6,6,5,6,6,6,6,6,6,6,6,6,5,5,6,6,6,6,5,6,6,6,6,5,6,6,6,6,6,6,6,Default,
36722,6,6,6,6,6,6,6,6,6,5,6,6,6,6,6,6,6,5,6,5,6,5,5,6,6,6,5,5,6,6,6,6,6,6,6,6,6,6,5,6,6,6,6,6,6,Default,
36738,6,6,6,4,5,6,5,6,6,6,6,6,6,6,6,5,5,6,6,5,6,6,6,5,5,6,6,6,6,6,5,6,6,6,5,6,5,6,6,5,6,5,6,5,6,Default,
36754,6,6,6,5,5,6,6,6,6,5,6,6,5,6,5,6,6,6,6,6,6,6,6,6,6,6,6,5,6,5,6,6,5,6,6,5,6,5,5,6,5,5,6,5,6,Default,
36770,5,6,6,6,5,5,6,6,6,6,6,5,5,6,6,6,5,6,6,5,6,6,6,6,4,6,5,4,6,6,5,6,6,6,5,6,5,6,6,6,5,6,6,5,6,Default,
36786,6,6,6,6,6,6,6,6,6,6,5,5,6,6,6,6,6,6,6,6,6,5,5,6,6,6,6,6,6,6,6,5,5,6,6,4,6,6,4,6,6,6,6,6,6,Default,
36802,6,6,6,4,6,6,7,6,6,6,5,6,5,5,6,6,5,6,6,6,6,6,6,5,6,6,4,6,5,6,6,5,6,4,6,5,5,6,6,6,6,6,6,6,6,Default,
36818,6,6,6,6,6,6,6,6,6,5,5,6,6,6,6,5,5,6,6,5,6,6,6,6,6,6,6,6,6,6,5,5,6,5,5,6,6,5,6,4,6,6,5,6,6,Default,
36834,4,6,6,6,5,5,6,6,6,6,6,6,6,5,6,6,6,6,6,6,5,5,5,6,6,6,5,5,6,6,6,5,6,6,6,6,5,6,6,4,6,6,5,6,6,Default,
36850,5,6,6,6,6,6,6,6,6,6,6,6,6,6,6,6,6,6,6,6,5,6,6,5,6,6,4,6,6,6,6,6,5,5,5,6,6,6,6,5,5,5,6,5,6,Default,
36866,5,6,6,6,6,5,5,6,6,6,6,6,6,6,6,6,5,6,6,5,5,5,6,6,6,6,5,6,6,6,6,6,6,6,6,6,6,6,6,5,6,6,4,5,6,Default,
36882,6,6,6,5,6,6,6,6,6,6,6,6,6,6,6,6,6,6,6,6,6,6,6,6,6,5,5,6,6,6,4,6,5,6,6,5,4,6,6,5,6,6,6,6,6,Default,
36898,5,6,6,6,6,5,6,6,6,5,6,6,6,6,6,6,6,6,6,6,5,6,5,6,6,6,6,6,6,6,6,6,6,6,6,5,5,6,6,6,6,6,6,6,5,Default,
36914,6,6,6,5,6,7,6,5,6,6,6,4,6,6,6,5,6,6,6,6,5,5,6,6,5,6,6,6,6,6,6,6,5,6,6,6,6,6,6,6,6,6,6,6,6,Default,
36930,5,6,6,5,6,5,7,6,5,5,6,6,6,6,6,5,5,6,6,6,6,5,6,6,5,5,6,5,6,5,6,6,6,6,6,6,6,6,5,5,5,6,6,6,6,Default,
36946,6,6,6,6,6,6,6,6,6,6,6,6,5,4,5,5,6,6,6,6,6,6,5,5,6,6,5,6,6,6,6,6,6,5,6,5,5,6,5,6,6,6,6,6,5,Default,
36962,4,6,6,6,6,5,6,5,6,4,6,6,6,6,6,6,6,6,6,6,5,6,6,6,6,6,5,6,5,6,6,6,6,6,6,6,6,6,6,6,5,5,6,6,5,Default,
36978,6,6,5,5,6,6,6,6,5,6,6,7,6,6,6,6,6,6,5,5,6,6,6,6,6,6,6,6,5,5,6,6,5,6,6,6,6,6,5,5,5,5,6,5,5,Default,
36994,5,6,5,6,6,6,6,4,6,5,6,6,5,6,6,6,6,5,6,6,6,6,6,6,6,6,4,6,6,5,6,6,6,6,6,5,6,6,6,6,5,6,6,6,4,Default,
37010,6,6,6,5,5,6,5,6,5,6,5,5,6,6,6,6,5,6,6,4,6,6,6,5,6,6,6,6,5,4,6,5,5,6,6,6,6,6,6,6,5,6,5,6,6,Default,
37026,5,6,6,6,5,6,6,6,6,6,6,6,6,6,6,6,6,6,5,6,5,6,5,5,6,5,6,6,6,6,6,5,6,6,6,6,6,6,6,6,6,5,6,6,5,Default,
37042,6,6,6,5,6,6,5,5,6,6,6,6,6,6,6,5,4,6,6,6,5,5,6,6,6,6,5,6,5,6,6,6,6,6,6,6,5,6,6,6,6,6,6,6,6,Default,
37058,6,5,6,6,6,6,6,6,6,6,6,5,5,6,6,6,6,6,6,6,6,5,6,6,6,5,6,5,6,6,6,6,6,6,6,6,6,6,6,6,5,6,6,6,6,Default,
37074,5,6,6,6,5,6,6,6,6,6,6,6,6,6,6,6,6,6,6,6,6,6,6,6,6,6,4,5,5,6,6,6,6,5,6,6,5,6,6,5,5,5,6,6,5,Default,
37090,5,6,6,6,6,6,5,6,6,6,5,6,6,6,6,6,4,6,6,6,6,6,6,5,6,6,5,6,5,6,6,6,6,7,5,6,4,6,5,4,5,5,6,6,6,Default,
37106,5,6,5,6,6,6,6,6,6,6,5,6,6,6,6,6,6,6,6,5,6,6,6,6,6,6,6,6,6,6,6,6,6,6,5,6,6,5,6,6,5,6,6,6,6,Default,
37122,5,6,5,6,6,6,6,6,6,6,6,6,6,5,6,6,5,5,6,6,6,6,6,5,6,5,5,6,6,5,6,6,6,6,6,6,4,6,5,4,6,6,6,6,6,Default,
37138,6,6,6,4,6,5,6,6,6,6,5,6,6,6,6,5,5,6,6,6,5,6,5,6,6,6,5,6,6,6,6,6,6,6,6,6,5,5,6,6,6,6,6,6,6,Default,
37154,5,6,6,6,5,6,5,5,6,5,6,6,6,5,6,5,5,6,6,5,6,6,6,6,6,6,6,5,6,6,6,6,6,5,6,6,5,5,5,5,6,5,4,6,6,Default,
37170,4,5,5,6,6,6,5,6,6,6,6,6,6,6,6,6,6,6,6,6,6,6,6,5,6,6,5,5,6,6,6,6,6,5,6,5,5,6,6,4,5,6,6,6,6,Default,
37186,5,5,6,6,6,6,6,5,5,5,6,6,6,5,5,6,5,6,6,6,6,6,6,5,6,6,5,6,6,6,6,5,6,6,6,6,5,6,6,5,6,6,5,6,5,Default,
37202,5,5,6,6,6,5,5,6,6,6,6,6,6,6,5,6,6,6,5,5,5,5,6,6,6,5,6,6,5,4,6,6,4,6,5,6,6,6,6,6,5,5,5,5,6,Default,
37218,5,6,6,6,5,6,5,6,6,5,5,6,6,6,5,6,6,6,6,6,6,6,6,6,6,5,6,6,6,6,6,6,6,5,5,6,5,6,5,6,6,6,6,6,6,Default,
37234,5,6,5,7,6,6,6,5,6,6,6,5,6,5,6,6,6,6,6,6,6,6,6,6,5,6,5,5,6,5,6,6,5,6,5,6,6,6,4,5,6,5,6,6,4,Default,
37250,6,6,6,6,6,6,6,6,6,5,6,5,5,6,4,6,6,6,6,6,5,6,6,6,4,6,6,6,5,6,6,5,6,6,6,6,6,6,5,5,5,6,5,6,5,Default,
37266,5,6,6,6,6,6,6,6,6,6,6,6,6,5,6,6,6,6,6,6,5,6,6,6,5,6,5,6,5,5,6,6,5,6,6,6,6,6,6,6,6,6,6,6,5,Default,
37282,6,5,6,6,6,6,5,6,6,6,6,6,5,4,6,6,5,6,5,6,6,6,5,6,6,6,5,6,6,6,6,6,6,6,6,6,5,6,6,5,6,6,5,5,5,Default,
37298,5,6,6,5,5,6,5,6,6,5,6,6,6,6,5,6,5,6,5,4,6,6,6,6,6,6,5,5,6,6,6,6,5,6,6,6,6,5,5,6,6,6,6,6,5,Default,
37314,5,5,6,6,6,5,6,5,6,6,5,6,5,5,6,6,6,6,6,6,5,6,5,6,6,5,6,6,6,5,6,6,6,6,6,6,5,6,6,5,6,6,6,6,6,Default,
37330,4,6,6,6,5,6,5,6,6,6,6,6,5,5,5,6,4,6,6,6,6,5,6,6,6,6,6,6,6,6,6,6,6,6,5,6,5,6,6,5,5,6,6,6,5,Default,
37346,6,6,6,6,6,5,5,6,6,6,6,6,6,6,6,5,5,6,6,5,6,6,6,6,6,6,6,6,6,5,6,6,4,6,5,6,5,6,6,5,6,6,6,5,5,Default,
37362,5,6,6,6,6,6,4,5,6,6,5,6,6,5,6,6,6,6,6,6,6,6,6,6,6,6,5,6,6,6,5,6,6,6,6,6,4,6,6,5,6,6,6,5,6,Default,
37378,5,5,6,6,6,6,6,6,6,5,6,6,6,6,6,6,6,6,6,6,6,6,6,6,6,6,6,6,5,6,6,6,6,5,6,6,5,6,6,6,6,6,5,6,6,Default,
37394,5,6,6,6,6,6,6,6,6,6,6,5,5,5,6,6,6,6,6,6,6,6,6,6,4,5,6,6,6,6,6,5,6,6,5,6,6,6,6,6,6,6,6,5,5,Default,
37410,5,6,6,5,6,5,5,6,6,5,6,6,6,6,5,6,5,5,6,6,6,6,5,6,6,6,6,6,6,6,6,6,6,6,6,6,6,6,6,5,6,6,6,6,6,Default,
37426,6,6,6,4,6,6,6,6,6,6,6,6,6,6,6,6,6,6,5,6,5,5,6,6,6,6,5,5,6,5,5,6,6,6,6,6,6,6,6,4,6,6,6,6,6,Default,
37442,6,6,6,6,6,6,6,5,6,6,6,6,6,6,6,6,6,6,6,6,5,6,6,6,5,6,6,5,6,6,6,6,6,5,5,6,6,6,6,6,6,6,6,5,6,Default,
37458,5,6,6,4,6,6,7,6,6,6,5,6,6,5,6,6,6,6,6,6,6,6,6,6,6,6,6,6,6,6,6,6,6,6,6,6,5,6,6,4,6,6,6,6,6,Default,
37474,6,5,5,6,6,6,6,6,5,6,5,6,6,6,6,6,6,6,6,6,5,5,6,6,6,6,5,6,6,5,6,6,6,5,5,6,6,6,5,5,6,5,6,6,4,Default,
37490,5,6,5,6,5,6,6,6,5,5,6,6,6,6,5,6,5,5,5,6,6,6,6,6,6,5,6,6,6,6,6,6,5,6,5,6,6,6,6,6,6,5,5,6,6,Default,
37506,6,6,6,6,6,6,6,6,5,6,6,6,6,6,5,6,6,6,5,6,6,5,6,6,5,5,5,6,6,4,5,6,5,6,6,6,5,5,6,6,6,4,6,6,5,Default,
37522,6,6,6,6,6,6,5,6,6,5,6,5,6,6,5,6,5,6,6,6,5,6,6,6,6,5,5,6,6,6,6,6,6,6,6,6,6,5,6,6,6,6,6,6,6,Default,
37538,5,6,6,6,6,6,6,6,6,6,6,5,5,6,6,6,6,6,5,4,6,6,6,6,5,6,6,6,6,6,6,6,5,5,6,6,6,6,6,5,5,6,5,6,6,Default,
37554,5,6,6,4,6,6,5,6,6,6,6,6,5,5,6,6,5,5,6,5,6,6,6,6,6,6,6,5,6,6,5,6,6,6,6,6,5,6,6,5,5,6,6,6,6,Default,
37570,6,6,6,6,6,6,6,6,6,6,6,6,6,6,6,6,6,6,6,6,5,5,6,6,5,6,6,6,5,5,6,6,6,6,6,6,5,5,6,5,6,6,6,6,6,Default,
37586,5,6,6,6,5,6,6,6,6,5,6,5,5,6,6,6,6,6,5,6,6,6,6,6,5,6,6,6,6,5,6,6,5,6,5,6,5,5,6,6,6,6,6,6,6,Default,
37602,5,5,6,5,6,6,5,6,6,6,6,6,6,6,6,6,5,6,6,5,6,6,6,6,6,5,5,5,6,6,6,6,5,6,6,6,6,6,6,5,6,6,5,6,6,Default,
