Timestamp,AccX,AccY,AccZ,AngleX,AngleY,AngleZ,AngularVelX,AngularVelY,AngularVelZ,QW,QX,QY,QZ,MagX,MagY,MagZ,Height,AirPressure
23000,9.8335,0.0334961,0,81.524,-89.7198,-158.016,-0.183105,0.671387,-0.732422,0.554443,-0.436218,-0.556152,-0.439178,8385,-19177,231,-8911,-28672
23006,9.81436,0.00957031,0.0191406,80.4968,-89.7089,-156.786,-0.549316,0.671387,-0.976562,0.555237,-0.43515,-0.556915,-0.438263,8641,-19177,-3354,-8911,-28672
23012,9.80479,0.090918,0,79.7168,-89.7034,-155.896,-0.244141,0.976562,-1.09863,0.555634,-0.434601,-0.557312,-0.437805,9153,-19689,-3610,-8911,-28672
23018,9.76172,0.114844,0.0239258,78.6896,-89.6979,-154.764,-0.427246,1.2207,-0.854492,0.556061,-0.434021,-0.557709,-0.437317,9665,-19689,-3098,-8911,-28672
23024,9.77607,0.110059,0,77.5525,-89.6924,-153.512,-0.366211,1.34277,-0.671387,0.556519,-0.433411,-0.558136,-0.436798,10177,-20457,-2330,-8911,-28672
23030,9.7665,0.100488,0.00478516,76.0858,-89.6924,-151.919,-0.244141,1.77002,0.244141,0.557037,-0.4328,-0.558563,-0.436218,10433,-20457,-1562,-8911,-28672
23036,9.78086,0.0813477,0,72.323,-89.6924,-147.887,-0.12207,2.01416,1.0376,0.558167,-0.431427,-0.559479,-0.434937,10177,-19689,-538,-8911,-28672
23042,9.80957,0.0430664,0.00957031,70.1862,-89.6979,-145.607,-0.183105,1.95312,1.28174,0.558777,-0.430725,-0.559937,-0.434265,9409,-19177,231,-8911,-28672
23048,9.78086,-0.0287109,0.0526367,67.6263,-89.6979,-142.905,-0.244141,2.31934,1.46484,0.559418,-0.429993,-0.560394,-0.433563,8641,-19433,743,-8911,-28672
23054,9.8,0.0287109,0.0526367,65.1489,-89.6979,-140.284,-0.915527,2.38037,1.0376,0.560028,-0.429291,-0.560852,-0.432892,8385,-19945,1255,-8911,-28672
23060,9.84307,0.0478516,0.0478516,62.9956,-89.6979,-137.983,-0.427246,2.0752,0.549316,0.560638,-0.428558,-0.56134,-0.43219,7617,-20969,3047,-8911,-28672
23066,9.77129,0.0430664,0.129199,59.5514,-89.6924,-134.258,-0.488281,1.64795,0.305176,0.561829,-0.427124,-0.562286,-0.430847,8385,-21481,5607,-8911,-28672
23072,9.80957,0.0239258,0.0765625,58.0353,-89.6869,-132.61,-0.183105,1.64795,0.427246,0.562378,-0.426453,-0.562714,-0.430237,8897,-21481,6375,-8911,-28672
23078,9.79521,0.0287109,0.0669922,56.8707,-89.6869,-131.32,-0.0610352,1.09863,0.610352,0.562866,-0.425812,-0.563141,-0.429626,9921,-21225,5607,-8911,-28672
23084,9.81436,0.0382813,0.0382813,56.1127,-89.6869,-130.441,0,0.610352,0.549316,0.563354,-0.425232,-0.563568,-0.429016,10433,-20457,4071,-8911,-28672
23090,9.81436,0.0430664,0,55.6128,-89.6869,-129.814,-0.0610352,0.610352,-0.305176,0.563843,-0.424622,-0.564026,-0.428436,10433,-19945,2791,-8911,-28672
23096,9.81436,0.0574219,0.0861328,54.8987,-89.6814,-128.859,-0.244141,0.549316,0,0.564758,-0.42337,-0.564911,-0.427246,10177,-18153,3559,-8911,-28672
23102,9.82393,0.0574219,0.0526367,54.7998,-89.6814,-128.644,0,0.244141,-0.183105,0.565216,-0.422791,-0.565338,-0.426697,9665,-17897,4583,-8911,-28672
23108,9.8,0.0478516,0.0239258,54.7943,-89.6814,-128.518,0.305176,0,0,0.565643,-0.422211,-0.565765,-0.426117,9665,-18665,5863,-8911,-28672
23114,9.79521,0.0478516,0.062207,54.9976,-89.6814,-128.606,0.244141,-0.244141,-0.0610352,0.566071,-0.421631,-0.566193,-0.425537,9153,-19689,6119,-8911,-28672
23120,9.77607,0.0717773,0.0669922,55.3162,-89.6814,-128.815,0.305176,-0.366211,0.305176,0.566467,-0.421112,-0.56662,-0.424988,8897,-20457,5607,-8911,-28672
23126,9.80957,0.0478516,0.0191406,55.4755,-89.6869,-128.749,0.427246,-0.0610352,-0.0610352,0.567291,-0.420013,-0.567444,-0.423859,8385,-21737,4327,-8911,-28672
23132,9.81436,0.0478516,0.0430664,55.7007,-89.6869,-128.864,0.305176,-0.366211,0.0610352,0.567688,-0.419464,-0.567841,-0.423309,8897,-21737,4327,-8911,-28672
23138,9.80479,0.0526367,0.0526367,56.1017,-89.6814,-129.155,0.244141,-0.183105,-0.549316,0.568085,-0.418945,-0.568237,-0.422791,8897,-21737,4839,-8911,-28672
23144,9.81914,0.0526367,0.0669922,56.4423,-89.6814,-129.397,0.12207,-0.244141,-0.366211,0.568451,-0.418396,-0.568634,-0.422272,9921,-22249,5863,-8911,-28672
23150,9.79521,0.0669922,0.0430664,57.074,-89.6814,-129.93,0.12207,-0.671387,-0.549316,0.568787,-0.417908,-0.569031,-0.421783,9921,-23529,7911,-8911,-28672
23156,9.8335,0.0334961,0.00478516,58.4363,-89.6814,-131.094,0.183105,-0.610352,-0.366211,0.569458,-0.416931,-0.569794,-0.420807,10689,-26345,11495,-8911,-28672
23162,9.80479,0.0430664,0.0191406,59.0515,-89.6814,-131.616,0.0610352,-0.427246,-0.671387,0.569794,-0.416443,-0.57016,-0.420349,11201,-27369,11751,-8911,-28672
23168,9.81914,0.0430664,0.0382813,59.7052,-89.6759,-132.171,0.183105,-0.305176,-0.976562,0.570129,-0.415955,-0.570526,-0.419891,10945,-27881,12263,-8911,-28672
23174,9.8,0.0717773,0.0239258,60.3534,-89.6704,-132.726,0.183105,-0.183105,-1.2207,0.570435,-0.415466,-0.570892,-0.419464,10689,-27625,12263,-8911,-28672
23180,9.78086,0.0669922,0.0239258,61.6827,-89.6594,-133.868,0.12207,-0.183105,-1.09863,0.57074,-0.414978,-0.571259,-0.419006,10177,-27113,12007,-8911,-28672
23186,9.80957,0.0813477,0.0382813,62.1167,-89.6594,-134.209,-0.0610352,-0.12207,-0.915527,0.571381,-0.414001,-0.571991,-0.418121,10433,-25833,12007,-8911,-28672
23192,9.79521,0.0765625,0.0430664,62.6276,-89.6539,-134.626,0.12207,-0.183105,-1.0376,0.571716,-0.413513,-0.572357,-0.417694,10945,-25065,11495,-8911,-28672
23198,9.80479,0.062207,0.062207,63.1494,-89.6484,-135.055,0.183105,-0.244141,-0.976562,0.572021,-0.413025,-0.572693,-0.417236,11713,-24041,11239,-8911,-28672
23204,9.78564,0.129199,0.0526367,63.6768,-89.6484,-135.494,0.244141,-0.366211,-0.793457,0.572327,-0.412567,-0.573059,-0.416809,12481,-22761,10471,-8911,-28672
23210,9.8,0.0813477,0.0430664,64.5062,-89.6484,-136.143,0.366211,-0.671387,0.0610352,0.572632,-0.412109,-0.573395,-0.416351,12481,-21481,9447,-8911,-28672
23216,9.77129,0.0717773,0.0430664,64.9896,-89.6484,-136.533,0.0610352,-0.732422,0.0610352,0.573273,-0.411224,-0.574066,-0.415436,11969,-19689,7143,-8911,-28672
23222,9.78564,0.0861328,0.0526367,65.6598,-89.6539,-137.115,0.244141,-0.976562,0.0610352,0.573578,-0.410797,-0.574402,-0.414978,11969,-19945,5863,-8911,-28672
23228,9.81914,0.0574219,0.0287109,66.0718,-89.6539,-137.439,0.488281,-0.793457,0.427246,0.573883,-0.41037,-0.574738,-0.41452,11457,-20201,4071,-8911,-28672
23234,9.80957,0.0765625,0.0143555,66.7749,-89.6594,-138.06,0.427246,-1.15967,0.427246,0.574158,-0.409973,-0.575073,-0.414032,11201,-20713,3047,-8911,-28672
23240,9.79521,0.062207,0.0143555,68.0603,-89.6704,-139.164,0.305176,-1.2207,0.671387,0.574463,-0.409576,-0.575409,-0.413574,11201,-21225,1511,-8911,-28672
23246,9.79521,0.0478516,0.00957031,68.5327,-89.6759,-139.548,0.427246,-0.976562,0.854492,0.575104,-0.408722,-0.57608,-0.412598,11713,-22505,-282,-8911,-28672
23252,9.80479,0.0191406,-0.0143555,68.736,-89.6759,-139.658,0.366211,-0.488281,0.488281,0.575439,-0.408264,-0.576416,-0.412109,11713,-23273,-538,-8911,-28672
23258,9.8335,0.0478516,0.0334961,68.7689,-89.6814,-139.592,0.12207,-0.366211,0.732422,0.575775,-0.407806,-0.576721,-0.411591,12225,-24041,-26,-8911,-28672
23264,9.80479,0.0191406,0.00957031,68.736,-89.6814,-139.471,0.12207,-0.0610352,0.12207,0.576111,-0.407349,-0.577057,-0.411133,12737,-24297,231,-8911,-28672
23270,9.82871,0.0430664,0.0382813,68.5712,-89.6814,-139.12,0.12207,0.12207,-0.183105,0.576447,-0.406891,-0.577393,-0.410645,12737,-24297,231,-8911,-28672
23276,9.81436,0.0478516,0.0574219,68.6151,-89.6759,-139.07,0.12207,0,-0.244141,0.577087,-0.405945,-0.578033,-0.40976,12481,-24553,1511,-8911,-28672
23282,9.82393,0.0287109,0.0191406,68.8513,-89.6759,-139.224,0.0610352,-0.12207,-0.549316,0.577393,-0.405518,-0.578339,-0.409363,11713,-24809,999,-8911,-28672
23288,9.81914,0.0334961,0.0143555,69.2523,-89.6704,-139.543,0.366211,-0.183105,-0.915527,0.577667,-0.40506,-0.578674,-0.408936,11457,-25321,743,-8911,-28672
23294,9.79043,0.062207,0.00957031,69.7192,-89.6649,-139.927,0.244141,-0.183105,-1.15967,0.577942,-0.404633,-0.578979,-0.408569,11201,-25321,487,-8911,-28672
23300,9.8,0.0574219,0.00957031,70.6915,-89.6539,-140.729,0,-0.244141,-1.52588,0.578217,-0.404175,-0.579285,-0.408173,10945,-25321,-26,-8911,-28672
23306,9.81436,0.0717773,0.062207,71.142,-89.6484,-141.103,-0.12207,-0.183105,-1.28174,0.578735,-0.40329,-0.579926,-0.40741,11457,-24553,-26,-8911,-28672
23312,9.80957,0.090918,0.0143555,71.6583,-89.6429,-141.542,0.0610352,-0.244141,-1.40381,0.578979,-0.402863,-0.580231,-0.407074,11713,-24297,-538,-8911,-28672
23318,9.77607,0.090918,0.0526367,72.3175,-89.6375,-142.125,0.183105,-0.610352,-0.915527,0.579224,-0.402466,-0.580536,-0.406677,11457,-24041,-1050,-8911,-28672
23324,9.8,0.062207,0,73.0316,-89.6375,-142.762,0.244141,-0.671387,-1.0376,0.579468,-0.402069,-0.580841,-0.406311,10945,-24041,-1818,-8911,-28672
23330,9.81436,0.062207,0,74.0094,-89.6265,-143.586,0.244141,-0.183105,-1.2207,0.579712,-0.401672,-0.581116,-0.405945,9665,-24553,-2842,-8911,-28672
23336,9.82393,0.0813477,0,74.0918,-89.621,-143.591,0.183105,0.12207,-0.976562,0.580231,-0.400818,-0.581726,-0.405182,9921,-25065,-3354,-8911,-28672
23342,9.79043,0.0765625,-0.0287109,74.0918,-89.6155,-143.509,-0.0610352,0.366211,-1.40381,0.580505,-0.40036,-0.582001,-0.404816,10177,-25065,-5914,-8911,-28672
23348,9.77129,0.0957031,-0.00478516,73.6908,-89.61,-143.015,-0.183105,0.854492,-1.09863,0.580811,-0.399872,-0.582336,-0.404419,10689,-24809,-7962,-8911,-28672
23354,9.78564,0.105273,0.0334961,73.1635,-89.599,-142.394,-0.12207,1.09863,-1.2207,0.581146,-0.399323,-0.582642,-0.403961,11457,-24809,-9498,-8911,-28672
23360,9.80479,0.110059,0.062207,72.1582,-89.5935,-141.202,-0.183105,0.854492,-0.732422,0.581512,-0.398804,-0.582977,-0.403534,12737,-24553,-11034,-8911,-28672
23366,9.81436,0.0717773,0.0813477,71.8671,-89.588,-140.817,-0.12207,0.610352,-0.610352,0.582184,-0.397797,-0.583588,-0.402649,12737,-25065,-10522,-8911,-28672
23372,9.82871,0.0669922,0.0334961,71.8451,-89.5825,-140.707,0,0.244141,-0.732422,0.582458,-0.397339,-0.583893,-0.402252,12225,-25321,-10522,-8911,-28672
23378,9.80957,0.0526367,0.0861328,71.8616,-89.5825,-140.641,-0.183105,0.12207,-0.549316,0.582764,-0.396881,-0.584198,-0.401825,11969,-25577,-8986,-8911,-28672
23384,9.80957,0.0526367,0.0574219,72.2186,-89.577,-140.922,-0.244141,-0.183105,-1.28174,0.582977,-0.396484,-0.584473,-0.401489,11201,-25833,-8474,-8911,-28672
23390,9.82871,0.0478516,0.062207,73.0646,-89.5605,-141.636,-0.183105,-0.305176,-1.70898,0.583221,-0.396088,-0.584747,-0.401154,11713,-26857,-5914,-8911,-28672
23396,9.81914,0.100488,0.0813477,73.9435,-89.5496,-142.46,0,-0.854492,-2.13623,0.583527,-0.395386,-0.585266,-0.400604,12737,-27113,-5658,-8911,-28672
23402,9.81436,0.0861328,0.0382813,75.0311,-89.5441,-143.498,0,-1.34277,-1.83105,0.583649,-0.395111,-0.58551,-0.400391,13761,-27625,-6170,-8911,-28672
23408,9.80479,0.0957031,0,76.1957,-89.5386,-144.608,0,-1.52588,-1.83105,0.583771,-0.394836,-0.585724,-0.400146,13505,-27625,-6170,-8911,-28672
23414,9.78564,0.110059,0.00478516,77.2229,-89.5276,-145.591,0.12207,-1.34277,-1.89209,0.583862,-0.394562,-0.585968,-0.399933,13249,-27369,-5402,-8911,-28672
23420,9.79043,0.110059,0.0143555,78.9972,-89.5166,-147.255,0.244141,-1.0376,-1.52588,0.583984,-0.394257,-0.586212,-0.399689,12481,-27113,-2842,-8911,-28672
23426,9.80957,0.114844,0.00478516,79.6674,-89.5111,-147.87,0.244141,-0.976562,-1.28174,0.58429,-0.393646,-0.5867,-0.399139,12481,-27369,-1050,-8911,-28672
23432,9.72822,0.100488,0,79.92,-89.5056,-148.063,0.366211,-0.366211,-0.732422,0.584473,-0.393341,-0.586914,-0.398865,12737,-27625,-538,-8911,-28672
23438,9.80479,0.0574219,-0.0239258,79.8926,-89.5056,-147.969,0.244141,0.0610352,-0.366211,0.584686,-0.393005,-0.587158,-0.398529,12737,-28137,-1050,-8911,-28672
23444,9.76172,0.105273,-0.0191406,79.6289,-89.5056,-147.634,0.12207,0.427246,-0.0610352,0.58493,-0.392639,-0.587372,-0.398193,12737,-27369,-2330,-8911,-28672
23450,9.8,0.110059,0.00478516,78.4808,-89.5056,-146.338,0.183105,1.15967,0.366211,0.585205,-0.392242,-0.587616,-0.397827,12737,-26601,-2330,-8911,-28672
23456,9.79043,0.114844,0.0287109,77.7502,-89.5056,-145.519,0.12207,1.2207,0.183105,0.585846,-0.391388,-0.588074,-0.397034,12225,-26089,-1306,-8911,-28672
23462,9.78086,0.119629,0.0478516,77.0416,-89.5056,-144.728,0.0610352,1.09863,0.549316,0.586182,-0.390961,-0.588318,-0.396606,11969,-26601,743,-8911,-28672
23468,9.80957,0.105273,0.0574219,76.311,-89.5111,-143.915,0,0.976562,1.15967,0.586517,-0.390533,-0.588562,-0.396179,10945,-27113,2791,-8911,-28672
23474,9.80479,0.100488,0.0526367,75.7892,-89.5166,-143.311,0.12207,0.610352,1.09863,0.586823,-0.390137,-0.588806,-0.395721,10433,-27369,4071,-8911,-28672
23480,9.78564,0.0813477,0.0717773,75.1904,-89.5276,-142.553,0.12207,0.0610352,1.52588,0.587128,-0.38974,-0.589081,-0.395294,10177,-28393,6119,-8911,-28672
23486,9.7665,0.0957031,0.110059,75.2179,-89.5331,-142.504,0.0610352,-0.488281,1.52588,0.587708,-0.389008,-0.589569,-0.394409,10177,-28905,6119,-8911,-28672
23492,9.86221,0.0765625,0.0526367,75.3992,-89.5441,-142.614,0.183105,-0.854492,1.89209,0.587982,-0.388702,-0.589783,-0.393982,9921,-29673,6375,-8911,-28672
23498,9.79521,0.0574219,0.0574219,75.7947,-89.5551,-142.938,0.427246,-1.09863,1.58691,0.588196,-0.388397,-0.590027,-0.393555,9409,-30441,5095,-8911,-28672
23504,9.82871,0.0813477,0.00478516,76.322,-89.5605,-143.399,0.671387,-1.28174,1.52588,0.58844,-0.388123,-0.590271,-0.393158,7873,-30441,3815,-8911,-28672
23510,9.80957,0.0813477,0.0239258,77.3053,-89.5715,-144.25,0.366211,-1.09863,0.915527,0.588867,-0.387512,-0.590729,-0.392395,4801,-29417,3047,-8911,-28672
23516,9.82871,0.0957031,0.0334961,77.6733,-89.577,-144.547,0.610352,-0.793457,0.793457,0.589111,-0.387207,-0.590973,-0.392029,4033,-28905,3815,-8911,-28672
23522,9.8335,0.0478516,0.0478516,78.0963,-89.5825,-144.904,0.488281,-0.915527,0.976562,0.589325,-0.386871,-0.591187,-0.391632,3777,-27369,4839,-8911,-28672
23528,9.85742,0.0334961,0.0191406,78.4698,-89.588,-145.212,0.671387,-0.732422,0.549316,0.589539,-0.386566,-0.591431,-0.391266,4033,-26345,6119,-8911,-28672
23534,9.85264,0,-0.0334961,78.8654,-89.588,-145.541,0.854492,-0.671387,0.12207,0.589752,-0.386261,-0.591644,-0.39093,5313,-25065,6375,-8911,-28672
23540,9.85264,0,-0.0717773,79.6619,-89.577,-146.212,0.183105,-0.183105,-1.83105,0.590118,-0.385529,-0.592163,-0.39032,7617,-23529,8423,-8911,-28672
23546,9.81436,0.0957031,0.0191406,79.8541,-89.5605,-146.327,-0.183105,0.183105,-2.80762,0.590332,-0.385071,-0.592438,-0.390045,8129,-22761,8935,-8911,-28672
23552,9.78564,0.110059,0.00957031,79.7552,-89.5496,-146.162,0,0.610352,-2.74658,0.590546,-0.384644,-0.592712,-0.38974,8129,-21737,8423,-8911,-28672
23558,9.77607,0.090918,0.0574219,79.8102,-89.5331,-146.146,-0.305176,0.427246,-3.05176,0.590729,-0.384186,-0.592987,-0.389496,8129,-20713,8423,-8911,-28672
23564,9.8,0.105273,0.0526367,79.7498,-89.5166,-146.019,-0.0610352,0.549316,-2.68555,0.590942,-0.383759,-0.593231,-0.389221,8385,-20713,9959,-8911,-28672
23570,9.80479,0.14834,0.0334961,80.0958,-89.4946,-146.239,0,0,-2.31934,0.591278,-0.382965,-0.593719,-0.388702,8897,-21737,11495,-8911,-28672
23576,9.74736,0.153125,0.0191406,80.1727,-89.4891,-146.25,0.12207,0.0610352,-1.40381,0.591492,-0.382599,-0.593964,-0.388397,9153,-22505,11495,-8911,-28672
23582,9.73779,0.15791,0,80.387,-89.4836,-146.398,-0.0610352,-0.305176,-0.732422,0.591705,-0.382233,-0.594208,-0.388062,8897,-22249,10215,-8911,-28672
23588,9.77129,0.186621,0.00957031,80.5353,-89.4836,-146.475,0.366211,-0.305176,0,0.591919,-0.381866,-0.594452,-0.387695,8641,-22249,9191,-8911,-28672
23594,9.77607,0.153125,0.00957031,80.4474,-89.4891,-146.31,0.12207,0,0.732422,0.592194,-0.3815,-0.594696,-0.387299,8129,-21993,7399,-8911,-28672
23600,9.75215,0.143555,0.0287109,80.0793,-89.5056,-145.789,0.366211,0.0610352,1.95312,0.592773,-0.380798,-0.595154,-0.386383,6849,-22761,7143,-8911,-28672
23606,9.81436,0.0669922,0.0191406,79.7498,-89.5166,-145.388,0.305176,0.0610352,2.62451,0.593079,-0.380463,-0.595367,-0.385925,6593,-23017,5863,-8911,-28672
23612,9.8335,0.0717773,0.0191406,79.3597,-89.5276,-144.915,0.12207,0.183105,2.38037,0.593384,-0.380096,-0.595581,-0.385468,6081,-23017,5351,-8911,-28672
23618,9.80479,0.0957031,0.0334961,79.0192,-89.5386,-144.498,0.183105,0.0610352,2.44141,0.593689,-0.379761,-0.595795,-0.38501,5825,-23273,4327,-8911,-28672
23624,9.8,0.100488,0.062207,78.7006,-89.5496,-144.097,0.0610352,0,2.44141,0.593994,-0.379425,-0.596008,-0.384552,5057,-23529,3303,-8911,-28672
23630,9.82393,0.0765625,0.0526367,78.1512,-89.577,-143.399,0.427246,-0.183105,2.68555,0.594574,-0.378754,-0.596436,-0.383636,4289,-24041,3815,-8911,-28672
23636,9.81914,0.062207,-0.0191406,78.1512,-89.588,-143.328,0.549316,-0.610352,2.68555,0.594849,-0.378448,-0.596649,-0.383148,4033,-24041,4071,-8911,-28672
23642,9.82871,0.0334961,-0.0191406,78.1952,-89.599,-143.295,0.549316,-0.549316,2.13623,0.595154,-0.378113,-0.596893,-0.38269,4033,-23785,4071,-8911,-28672
23648,9.82393,0.0382813,-0.0239258,78.1403,-89.61,-143.152,0.488281,-0.305176,1.70898,0.595428,-0.377747,-0.597137,-0.382233,4033,-23785,3815,-8911,-28672
23654,9.80957,0.0430664,-0.0143555,77.8217,-89.6155,-142.756,0.183105,0.549316,0.854492,0.595734,-0.377319,-0.597382,-0.381775,4289,-23785,4071,-8911,-28672
23660,9.80479,0.0574219,-0.0191406,76.3824,-89.6155,-141.141,0.12207,1.09863,0.427246,0.596375,-0.376434,-0.59787,-0.380859,5569,-24553,3303,-8911,-28672
23666,9.82871,0.0526367,0,74.9982,-89.6155,-139.669,0.12207,1.77002,0.488281,0.596741,-0.375916,-0.598145,-0.380402,6337,-24809,2279,-8911,-28672
23672,9.83828,0.0191406,-0.00957031,73.4216,-89.6155,-137.994,0,2.19727,0,0.597107,-0.375366,-0.598389,-0.379913,6849,-24553,1511,-8911,-28672
23678,9.86699,0,0.00478516,71.7078,-89.6045,-136.176,-0.183105,2.62451,-0.549316,0.597504,-0.374786,-0.598663,-0.379456,7361,-23785,2535,-8911,-28672
23684,9.84785,0.0239258,-0.00478516,69.8236,-89.5935,-134.182,-0.244141,3.72314,-2.01416,0.597931,-0.374115,-0.598969,-0.378967,7873,-23273,4583,-8911,-28672
23690,9.81436,0.0478516,0.0382813,66.2366,-89.5551,-130.358,-0.427246,4.02832,-2.80762,0.598816,-0.37265,-0.599609,-0.378021,8641,-22249,8423,-8911,-28672
23696,9.82393,0.105273,0.0861328,64.9677,-89.5331,-128.969,-0.549316,3.84521,-3.479,0.599274,-0.371857,-0.599976,-0.377533,8897,-22761,9703,-8911,-28672
23702,9.81436,0.119629,0.0526367,63.5999,-89.5111,-127.48,-0.549316,4.15039,-3.23486,0.599731,-0.371063,-0.600311,-0.377045,8897,-22761,10215,-8911,-28672
23708,9.82871,0.0669922,0.0430664,62.5452,-89.4836,-126.299,-0.305176,3.84521,-3.35693,0.600159,-0.37027,-0.600647,-0.376556,8641,-22761,9447,-8911,-28672
23714,9.78086,0.0861328,0.062207,61.6992,-89.4617,-125.332,-0.610352,3.23486,-3.35693,0.600616,-0.369476,-0.601013,-0.376038,8641,-22761,8167,-8911,-28672
23720,9.7665,0.162695,0.119629,60.4962,-89.4177,-123.882,-0.427246,3.23486,-3.23486,0.601471,-0.367889,-0.601746,-0.375031,8385,-23017,3047,-8911,-28672
23726,9.78086,0.177051,0.114844,60.0677,-89.4012,-123.333,-0.366211,2.86865,-3.11279,0.601898,-0.367126,-0.602112,-0.374512,8129,-23017,487,-8911,-28672
23732,9.75215,0.172266,0.129199,59.447,-89.3848,-122.591,0,2.80762,-2.0752,0.602325,-0.366394,-0.602478,-0.373993,8385,-23273,-1306,-8911,-28672
23738,9.75693,0.172266,0.119629,58.8593,-89.3738,-121.888,0.0610352,2.31934,-1.28174,0.602753,-0.365723,-0.602814,-0.373444,8897,-22505,-1818,-8911,-28672
23744,9.79043,0.13877,0.114844,58.2495,-89.3683,-121.163,0.183105,1.28174,0.610352,0.60318,-0.365082,-0.603119,-0.372864,9665,-21993,-2586,-8911,-28672
23750,9.77129,0.124414,0.129199,57.1344,-89.3683,-119.817,0.366211,0.610352,1.15967,0.603973,-0.363892,-0.60379,-0.371643,11969,-21481,-4378,-8911,-28672
23756,9.77607,0.15791,0.0957031,56.6895,-89.3738,-119.262,0.244141,0.12207,1.64795,0.60437,-0.363342,-0.604095,-0.371033,12481,-21993,-5402,-8911,-28672
23762,9.79521,0.15791,0.100488,56.1127,-89.3848,-118.575,0.488281,-0.0610352,2.38037,0.604767,-0.362823,-0.604401,-0.370361,12737,-22761,-6170,-8911,-28672
23768,9.77129,0.114844,0.0813477,55.5249,-89.3958,-117.872,0.671387,-0.366211,2.80762,0.605164,-0.362305,-0.604736,-0.36972,12225,-23785,-6938,-8911,-28672
23774,9.77129,0.0861328,0.090918,54.0198,-89.4342,-116.147,0.671387,-0.915527,3.78418,0.60556,-0.361816,-0.605042,-0.369019,11969,-24553,-7450,-8911,-28672
23780,9.84307,0.0765625,0.0526367,53.2123,-89.4507,-115.23,0.854492,-1.0376,4.08936,0.606354,-0.360901,-0.605652,-0.367615,12993,-26601,-7450,-8911,-28672
23786,9.84307,-0.00478516,0.0478516,52.4652,-89.4672,-114.379,0.976562,-1.28174,4.02832,0.60672,-0.360443,-0.605988,-0.366913,12993,-26857,-5914,-8911,-28672
23792,9.82871,0.00957031,-0.00957031,51.6302,-89.4891,-113.434,0.671387,-1.09863,3.90625,0.607086,-0.359985,-0.606293,-0.366241,12737,-27369,-4634,-8911,-28672
23798,9.82393,0.00957031,0.0334961,50.9161,-89.5001,-112.61,0.671387,-0.610352,2.80762,0.607483,-0.359497,-0.606598,-0.365601,11713,-27369,-3354,-8911,-28672
23804,9.80479,0.0239258,0.0239258,49.3286,-89.5166,-110.808,0.366211,0.12207,1.83105,0.607849,-0.359009,-0.606903,-0.36496,10945,-27881,-3354,-8911,-28672
23810,9.78564,0.062207,0.0526367,48.4497,-89.5221,-109.825,0.183105,0.610352,1.58691,0.608612,-0.357941,-0.607483,-0.363739,10945,-28649,-4122,-8911,-28672
23816,9.79521,0.0574219,0.0526367,47.7301,-89.5221,-108.995,0.427246,0.610352,1.15967,0.608978,-0.357391,-0.607788,-0.363129,11201,-28649,-4890,-8911,-28672
23822,9.78564,0.0765625,0.062207,46.9611,-89.5221,-108.111,0.488281,0.732422,1.15967,0.609375,-0.356812,-0.608093,-0.362549,11457,-28393,-4634,-8911,-28672
23828,9.8,0.0574219,0.0526367,46.2854,-89.5221,-107.325,0.610352,0.671387,0.976562,0.609741,-0.356232,-0.608429,-0.361938,11713,-27625,-4122,-8911,-28672
23834,9.81914,0.0526367,0.062207,44.3793,-89.5276,-105.2,0.427246,1.0376,1.2207,0.610168,-0.355652,-0.608734,-0.361328,11457,-26857,-4634,-8911,-28672
23840,9.82393,0.0430664,0.0382813,43.418,-89.5221,-104.128,0.488281,1.2207,1.09863,0.610962,-0.354492,-0.609314,-0.360107,10945,-24553,-6682,-8911,-28672
23846,9.8335,0.0526367,0.0478516,42.5446,-89.5221,-103.14,0.305176,1.28174,0.854492,0.611359,-0.353912,-0.609619,-0.359497,10433,-23273,-8474,-8911,-28672
23852,9.82393,0.0574219,0.0334961,41.6162,-89.5166,-102.096,0.427246,1.58691,0.732422,0.611755,-0.353271,-0.609924,-0.358887,9921,-22505,-9242,-8911,-28672
23858,9.81914,0.0478516,0.0143555,40.567,-89.5111,-100.931,0.183105,2.01416,0.671387,0.612183,-0.352661,-0.610229,-0.358276,9665,-21737,-9754,-8911,-28672
23864,9.8,0.0526367,0.0239258,38.2269,-89.4946,-98.3496,0,2.99072,0.549316,0.61264,-0.35199,-0.610535,-0.357666,9153,-21481,-9754,-8911,-28672
23870,9.82393,0.062207,0.0382813,36.8976,-89.4836,-96.8829,-0.183105,3.479,0.427246,0.613617,-0.350525,-0.611115,-0.356384,9153,-20969,-9498,-8911,-28672
23876,9.78564,0.062207,0.0526367,35.5518,-89.4672,-95.4053,0,3.90625,0.305176,0.614136,-0.349762,-0.61145,-0.355682,9921,-21481,-9754,-8911,-28672
23882,9.82393,0.0717773,0.0861328,34.1016,-89.4562,-93.8123,0,3.90625,0.732422,0.614685,-0.348969,-0.611755,-0.35498,10689,-21737,-10522,-8911,-28672
23888,9.84307,0.0765625,0.0765625,32.9095,-89.4342,-92.4719,-0.183105,4.39453,0,0.615265,-0.348114,-0.612091,-0.354279,11713,-22505,-12058,-8911,-28672
23894,9.8,0.0430664,0.181836,30.6354,-89.4012,-89.9121,0,3.96729,0.244141,0.615814,-0.34729,-0.612396,-0.353546,11969,-22761,-13082,-8911,-28672
23900,9.79521,0.0717773,0.129199,29.7784,-89.3903,-88.9124,0.854492,3.41797,0.244141,0.616913,-0.345642,-0.613068,-0.352112,13505,-23273,-13338,-8911,-28672
23906,9.76172,0.0957031,0.186621,28.905,-89.3793,-87.8961,-0.0610352,2.86865,0.671387,0.617401,-0.344879,-0.613403,-0.35141,13249,-23017,-11546,-8911,-28672
23912,9.77129,0.110059,0.177051,27.7679,-89.3683,-86.6217,0.366211,2.74658,1.46484,0.61792,-0.344116,-0.613739,-0.350647,13761,-23017,-9754,-8911,-28672
23918,9.79521,0.090918,0.14834,26.5265,-89.3628,-85.2429,0.671387,1.95312,2.19727,0.618439,-0.343384,-0.614075,-0.349854,14017,-22761,-7706,-8911,-28672
23924,9.80957,0.0765625,0.133984,24.0436,-89.3683,-82.4744,0.854492,0.671387,2.68555,0.618958,-0.342682,-0.61441,-0.34903,14529,-22505,-7706,-8911,-28672
23930,9.8,0.00957031,0.177051,22.6154,-89.3683,-80.8978,0.549316,0.915527,3.17383,0.619965,-0.341248,-0.615143,-0.347351,15297,-22505,-8730,-8911,-28672
23936,9.84307,0.00478516,0.124414,21.3574,-89.3683,-79.5026,0.427246,1.0376,2.68555,0.620453,-0.340546,-0.615509,-0.346527,15809,-22761,-9754,-8911,-28672
23942,9.81436,0.0191406,0.143555,20.3632,-89.3683,-78.3655,0.671387,0.854492,2.13623,0.620911,-0.339844,-0.615875,-0.345734,15809,-22249,-9242,-8911,-28672
23948,9.82393,0.0287109,0.110059,19.6765,-89.3683,-77.547,0.488281,0.366211,1.58691,0.621368,-0.339172,-0.616241,-0.344971,15553,-21481,-8986,-8911,-28672
23954,9.79521,0.0430664,0.119629,18.2812,-89.3683,-75.8826,0.793457,0.244141,1.70898,0.621796,-0.33847,-0.616608,-0.344238,15297,-20457,-6170,-8911,-28672
23960,9.8,0,0.105273,17.4792,-89.3738,-74.9487,0.976562,0.366211,1.83105,0.62265,-0.337128,-0.61731,-0.342712,15297,-20713,-4890,-8911,-28672
23966,9.85742,-0.00478516,0.133984,16.6882,-89.3738,-74.0259,0.854492,0.488281,1.77002,0.623077,-0.336456,-0.617645,-0.341949,15297,-20713,-4122,-8911,-28672
23972,9.84307,0.00478516,0.0957031,16.1774,-89.3683,-73.3887,0.915527,0.549316,1.09863,0.623474,-0.335815,-0.618011,-0.341248,15553,-20713,-3610,-8911,-28672
23978,9.80957,0.00478516,0.105273,15.9137,-89.3683,-73.0042,0.671387,0.488281,0.549316,0.623871,-0.335144,-0.618347,-0.340576,15809,-21225,-3866,-8911,-28672
23984,9.81436,0,0.100488,16.1554,-89.3628,-73.0151,0.12207,0.671387,-0.488281,0.624237,-0.334503,-0.618652,-0.339966,16065,-21737,-5146,-8911,-28672
23990,9.77607,0.0669922,0.105273,16.3477,-89.3573,-73.0975,0.183105,0.793457,-0.610352,0.624908,-0.333252,-0.619293,-0.338806,16577,-21737,-7450,-8911,-28672
23996,9.79043,0.0765625,0.14834,16.4301,-89.3518,-73.0756,-0.12207,0.793457,-0.366211,0.625244,-0.332642,-0.619598,-0.338226,16833,-21225,-10010,-8911,-28672
24002,9.79043,0.0526367,0.16748,16.441,-89.3463,-72.9767,-0.0610352,0.549316,-0.12207,0.62558,-0.332031,-0.619904,-0.337646,17345,-20201,-12570,-8911,-28672
24008,9.80479,0.0813477,0.181836,16.4026,-89.3518,-72.8284,0.12207,0.12207,0.12207,0.625916,-0.331421,-0.620209,-0.337036,17345,-18665,-14362,-8911,-28672
24014,9.79521,0.0813477,0.215332,16.1005,-89.3573,-72.3065,0.549316,-1.40381,0.793457,0.626251,-0.330841,-0.620544,-0.336426,16577,-16617,-17690,-8911,-28672
24020,9.72822,0.114844,0.13877,15.7654,-89.3683,-71.8561,0.427246,-2.01416,1.40381,0.626831,-0.329742,-0.621246,-0.335114,16833,-16617,-18458,-8911,-28672
24026,9.75693,0.090918,0.124414,15.2051,-89.3848,-71.1804,0.671387,-2.44141,2.01416,0.627136,-0.329224,-0.621613,-0.334381,16833,-16361,-18202,-8911,-28672
24032,9.77129,0.0526367,0.110059,14.2328,-89.3958,-70.0928,0.671387,-2.31934,2.80762,0.627441,-0.328674,-0.621979,-0.333649,16577,-16361,-17690,-8911,-28672
24038,9.79521,0.0430664,0.105273,12.887,-89.4122,-68.6261,0.854492,-2.19727,3.479,0.627777,-0.328156,-0.622314,-0.332855,17345,-15849,-17690,-8911,-28672
24044,9.8,0.0287109,0.090918,9.15161,-89.4397,-64.6436,0.732422,-2.0752,4.3335,0.628143,-0.327637,-0.62265,-0.332062,18113,-14057,-19994,-8911,-28672
24050,9.85742,-0.0957031,0.0669922,7.26196,-89.4507,-62.6331,0.732422,-1.70898,4.02832,0.628876,-0.326569,-0.623352,-0.330444,18625,-13289,-21530,-8911,-28672
24056,9.86699,-0.100488,0.0574219,5.71289,-89.4617,-60.9631,0.671387,-1.64795,3.23486,0.629211,-0.326019,-0.623688,-0.329681,19393,-13545,-21786,-8911,-28672
24062,9.84785,-0.062207,0.0861328,4.99329,-89.4672,-60.1337,0.305176,-0.976562,1.52588,0.629517,-0.3255,-0.623993,-0.329041,19905,-13289,-21274,-8911,-28672
24068,9.85264,-0.0574219,0.0861328,4.99878,-89.4672,-60.0403,0.183105,-0.793457,0.12207,0.629791,-0.324951,-0.624298,-0.328461,19905,-13289,-20506,-8911,-28672
24074,9.8,-0.0143555,0.0765625,6.28967,-89.4672,-61.1554,-0.244141,0.12207,-1.46484,0.630066,-0.324432,-0.624573,-0.327972,19393,-13033,-15642,-8911,-28672
24080,9.80479,0.0143555,0.129199,7.39929,-89.4617,-62.1826,-0.244141,0.244141,-2.0752,0.630493,-0.323395,-0.625092,-0.327179,18369,-13033,-13594,-8911,-28672
24086,9.80479,0.0287109,0.110059,8.55286,-89.4617,-63.2593,-0.0610352,0.244141,-2.19727,0.630707,-0.322906,-0.625336,-0.326813,18369,-13033,-12058,-8911,-28672
24092,9.79521,0.0526367,0.14834,9.6405,-89.4562,-64.27,-0.183105,0.12207,-2.0752,0.63089,-0.322449,-0.625549,-0.326447,18625,-12521,-11546,-8911,-28672
24098,9.82393,0.0574219,0.186621,10.7227,-89.4562,-65.2808,-0.12207,-0.305176,-2.01416,0.631042,-0.321991,-0.625793,-0.326111,19393,-12265,-11802,-8911,-28672
24104,9.77607,0.0717773,0.114844,12.3376,-89.4617,-66.7474,0.244141,-1.09863,-1.15967,0.631226,-0.321564,-0.626068,-0.325714,20929,-11241,-11034,-8911,-28672
24110,9.79043,0.0478516,0.090918,12.6508,-89.4672,-66.9836,0.12207,-0.732422,-0.427246,0.631592,-0.320709,-0.626526,-0.324921,20929,-10985,-10010,-8911,-28672
24116,9.82393,0.0478516,0.114844,12.9639,-89.4672,-67.2198,0.793457,-0.427246,-0.488281,0.631775,-0.320282,-0.62677,-0.324493,20673,-10729,-9754,-8911,-28672
24122,9.80479,0.0143555,0.0334961,13.1396,-89.4672,-67.3132,1.0376,-0.305176,-0.244141,0.631989,-0.319855,-0.627014,-0.324066,20417,-10729,-10010,-8911,-28672
24128,9.79521,0.0287109,0.0526367,13.3594,-89.4672,-67.4561,0.610352,-0.183105,-0.366211,0.632202,-0.319397,-0.627228,-0.323639,20161,-11497,-11290,-8911,-28672
24134,9.73779,0.0717773,0.0717773,13.4912,-89.4562,-67.4341,0.488281,1.0376,-0.183105,0.632446,-0.31897,-0.627441,-0.323242,18881,-11753,-13594,-8911,-28672
24140,9.72344,0.0765625,0.119629,13.0847,-89.4562,-66.9397,0.488281,0.915527,0.610352,0.632965,-0.318024,-0.627838,-0.322327,18369,-12265,-14106,-8911,-28672
24146,9.73779,0.090918,0.0717773,12.1564,-89.4507,-65.9125,0.488281,0.671387,1.70898,0.63327,-0.317535,-0.628052,-0.321777,18113,-12521,-14106,-8911,-28672
24152,9.77129,0.0717773,0.0526367,10.6952,-89.4507,-64.3524,0.305176,0.427246,2.80762,0.633606,-0.317078,-0.628296,-0.321167,18369,-13289,-13850,-8911,-28672
24158,9.74258,0.0765625,0.0287109,8.77258,-89.4507,-62.3309,-0.183105,0.732422,3.66211,0.633972,-0.316589,-0.62851,-0.320496,18625,-13545,-14362,-8911,-28672
24164,9.78564,0.0382813,0.0191406,3.78479,-89.4397,-57.1069,-1.2207,1.77002,5.00488,0.634399,-0.316071,-0.628723,-0.319763,19393,-14569,-17178,-8911,-28672
24170,9.78564,0.0478516,0.0430664,1.03271,-89.4287,-54.2285,-1.77002,2.44141,5.43213,0.635315,-0.314941,-0.62912,-0.318207,19649,-14825,-18202,-8911,-28672
24176,9.77129,0.00957031,0.0813477,-1.70288,-89.4122,-51.3556,-2.01416,3.23486,5.67627,0.635864,-0.314301,-0.629333,-0.317352,20161,-15081,-18458,-8903,-28673
24182,9.78086,-0.00478516,0.110059,-4.50989,-89.3903,-48.4003,-2.01416,3.90625,6.22559,0.636444,-0.313629,-0.629517,-0.316437,20417,-15337,-18458,-8903,-28673
24188,9.82393,-0.0478516,0.143555,-7.11365,-89.3683,-45.6537,-2.2583,4.08936,6.22559,0.637054,-0.312958,-0.62973,-0.315521,20673,-15081,-17946,-8911,-28672
24194,9.84785,-0.0526367,0.119629,-11.7169,-89.3298,-40.7648,-3.96729,2.92969,5.85938,0.637634,-0.312286,-0.629944,-0.314606,20161,-14569,-18202,-8911,-28672
24200,9.8957,-0.110059,0.186621,-13.5352,-89.3079,-38.8147,-4.5166,2.50244,5.12695,0.638672,-0.311005,-0.630402,-0.312836,20161,-14057,-18202,-8911,-28672
24206,9.87178,-0.129199,0.153125,-14.8755,-89.2914,-37.348,-4.27246,2.62451,4.15039,0.63913,-0.310364,-0.630615,-0.312073,19905,-13289,-17690,-8911,-28672
24212,9.84307,-0.0813477,0.100488,-15.6335,-89.2749,-36.4691,-3.90625,2.44141,2.74658,0.639587,-0.309723,-0.630829,-0.31134,20417,-12521,-15898,-8911,-28672
24218,9.81914,-0.0669922,0.124414,-16.2378,-89.2639,-35.744,-3.84521,2.13623,2.31934,0.639984,-0.309113,-0.631073,-0.310638,20929,-12521,-14362,-8911,-28672
24224,9.79521,-0.00478516,0.172266,-16.8091,-89.2419,-34.9475,-3.84521,1.89209,1.34277,0.640381,-0.308502,-0.631287,-0.309998,22721,-11497,-14618,-8911,-28672
24230,9.73301,0.0191406,0.224902,-17.2101,-89.231,-34.4257,-3.41797,1.58691,1.70898,0.641113,-0.307281,-0.631775,-0.308685,23489,-10985,-14362,-8911,-28672
24236,9.71865,0.0287109,0.177051,-17.8088,-89.2255,-33.7061,-2.92969,1.0376,2.13623,0.64151,-0.306641,-0.63205,-0.307953,24001,-10217,-13338,-8911,-28672
24242,9.8,0.0143555,0.162695,-18.7921,-89.22,-32.6019,-3.54004,0,2.92969,0.641876,-0.30603,-0.632324,-0.30719,24257,-9961,-12570,-8911,-28672
24248,9.81914,-0.0765625,0.124414,-20.3961,-89.22,-30.8771,-5.24902,-1.34277,4.27246,0.642212,-0.305511,-0.632629,-0.306396,24001,-9705,-12826,-8911,-28672
24254,9.80479,-0.0861328,0.0765625,-23.7964,-89.22,-27.2571,-7.38525,-2.13623,4.21143,0.642517,-0.305023,-0.632935,-0.305603,23233,-8425,-13594,-8911,-28672
24260,9.84307,-0.0813477,0.0669922,-25.4828,-89.2255,-25.4663,-8.91113,-2.31934,4.02832,0.643066,-0.304169,-0.633514,-0.304138,23489,-7401,-13850,-8911,-28672
24266,9.87656,-0.153125,0.0287109,-27.2571,-89.2255,-23.6096,-10.9253,-3.05176,3.84521,0.64328,-0.303802,-0.633789,-0.303497,24513,-6377,-13594,-8911,-28672
24272,9.86699,-0.215332,0.0669922,-28.7677,-89.2365,-22.0276,-12.8174,-3.17383,2.86865,0.643402,-0.303528,-0.634033,-0.302979,25281,-5353,-13594,-8911,-28672
24278,9.92441,-0.253613,0.062207,-29.8938,-89.2474,-20.8411,-13.6719,-3.05176,1.64795,0.643494,-0.303314,-0.634247,-0.302582,26305,-4841,-13338,-8911,-28672
24284,9.91963,-0.200977,0.124414,-29.4873,-89.2749,-21.1816,-14.0991,-2.13623,-3.35693,0.643494,-0.302917,-0.634583,-0.302246,26561,-3049,-12314,-8911,-28672
24290,9.86699,-0.0813477,0.277539,-28.125,-89.2969,-22.5275,-13.855,-2.56348,-5.43213,0.643372,-0.302704,-0.634766,-0.302277,26049,-1769,-11802,-8911,-28672
24296,9.8,0.0191406,0.291895,-26.521,-89.3298,-24.115,-13.4277,-3.72314,-6.40869,0.64325,-0.30246,-0.63501,-0.302307,25281,-489,-11290,-8911,-28672
24302,9.71865,0.0861328,0.287109,-25.0928,-89.3683,-25.5157,-12.4512,-5.24902,-6.28662,0.643097,-0.302216,-0.635315,-0.302246,25281,536,-11546,-8911,-28672
24308,9.75693,0.0957031,0.258398,-24.0985,-89.4122,-26.4716,-11.9019,-7.20215,-5.7373,0.642914,-0.301941,-0.635681,-0.302094,26305,1304,-10266,-8911,-28672
24314,9.72822,0.0526367,0.248828,-26.0596,-89.5166,-24.4171,-12.0239,-11.5356,-2.13623,0.642517,-0.301544,-0.636597,-0.301453,27073,2072,-7706,-8911,-28672
24320,9.73779,0.00957031,0.119629,-29.2401,-89.5715,-21.1707,-11.0474,-12.207,-0.732422,0.642334,-0.301331,-0.637115,-0.300964,27585,2328,-6426,-8911,-28672
24326,9.78086,0.0287109,0.0813477,-33.7665,-89.621,-16.5729,-10.3149,-12.085,0.0610352,0.642212,-0.301086,-0.637604,-0.300415,27841,1560,-4634,-8911,-28672
24332,9.80957,0.0239258,0.00957031,-39.9683,-89.6649,-10.2887,-9.09424,-12.085,0.610352,0.64209,-0.300812,-0.638153,-0.299774,27841,280,-2586,-8911,-28672
24338,9.78564,0,-0.00478516,-47.6697,-89.7034,-2.49939,-8.36182,-11.2915,1.0376,0.642029,-0.300507,-0.638672,-0.299103,28609,-745,-282,-8911,-28672
24344,9.8,0,-0.062207,-65.0555,-89.7363,15.0842,-5.85938,-8.30078,1.95312,0.64212,-0.299713,-0.639648,-0.297607,28609,-1257,6375,-8911,-28672
24350,9.81914,-0.0669922,-0.105273,-72.4548,-89.7418,22.5989,-4.3335,-6.83594,1.77002,0.642273,-0.299194,-0.640106,-0.296844,28097,-745,9959,-8911,-28672
24356,9.8,-0.110059,-0.14834,-78.3655,-89.7363,28.6249,-4.15039,-5.43213,1.52588,0.642426,-0.298676,-0.640533,-0.296082,27585,-745,14311,-8911,-28672
24362,9.81436,-0.110059,-0.114844,-81.9305,-89.7363,32.2888,-3.90625,-3.35693,1.2207,0.642639,-0.298157,-0.640869,-0.29541,26305,-233,17383,-8911,-28672
24368,9.86221,-0.105273,-0.0669922,-82.8754,-89.7308,33.3325,-3.17383,-1.09863,0.183105,0.642883,-0.297638,-0.641144,-0.294861,25281,24,20455,-8911,-28672
24374,9.83828,-0.110059,-0.0478516,-78.4039,-89.7473,29.0204,-0.976562,2.19727,-2.0752,0.643341,-0.2966,-0.64151,-0.294098,24513,792,26087,-8911,-28672
24380,9.8,-0.0765625,-0.0478516,-74.0369,-89.7528,24.7028,-0.732422,3.05176,-2.74658,0.643524,-0.296204,-0.641571,-0.293915,24001,1816,27879,-8911,-28672
24386,9.79521,-0.0287109,-0.00957031,-67.9395,-89.7638,18.6383,-0.671387,4.02832,-3.479,0.643677,-0.295868,-0.641602,-0.293915,23745,2328,28647,-8911,-28672
24392,9.86221,-0.153125,0.062207,-60.4193,-89.7693,11.1346,-0.610352,4.88281,-3.60107,0.643799,-0.295654,-0.64151,-0.294006,24001,3352,29671,-8911,-28672
24398,9.85264,0.114844,-0.0574219,-52.1411,-89.7693,2.84546,-0.0610352,5.12695,-4.02832,0.64389,-0.295502,-0.641418,-0.29422,24257,4376,29671,-8911,-28672
24404,9.86699,0.0478516,0.272754,-36.6833,-89.7528,-12.6178,-0.549316,5.43213,-2.62451,0.644104,-0.295227,-0.641144,-0.294617,25793,4888,30951,-8911,-28672
24410,9.5751,0.129199,0.13877,-33.2281,-89.7418,-16.04,0,3.11279,-1.40381,0.644226,-0.295013,-0.641144,-0.294525,26561,5144,30695,-8903,-28673
24416,9.78086,0.13877,-0.0430664,-33.4863,-89.7418,-15.7434,-0.427246,0,0.366211,0.644348,-0.294769,-0.641235,-0.294281,26817,5144,30695,-8903,-28673
24422,9.71865,-0.0478516,-0.15791,-36.4856,-89.7418,-12.6837,-1.58691,-1.09863,2.62451,0.644501,-0.294525,-0.641388,-0.293854,27073,4888,29671,-8903,-28673
24428,9.9292,-0.215332,-0.119629,-39.5563,-89.7253,-9.5636,-5.37109,0.915527,2.62451,0.644684,-0.294342,-0.641479,-0.293488,26305,4888,28903,-8903,-28673
24434,9.93877,-0.200977,0.00957031,-41.0339,-89.7144,-8.12439,-7.44629,0.610352,0.549316,0.644684,-0.294617,-0.641296,-0.29361,26561,5400,29671,-8903,-28673
24440,9.85742,-0.0669922,0.100488,-39.6936,-89.7198,-9.54163,-9.09424,0.12207,-1.70898,0.64447,-0.294983,-0.641113,-0.294098,26305,5656,31463,-8903,-28673
24446,9.72344,0.0526367,0.229688,-38.1335,-89.7253,-11.1786,-9.76562,-0.305176,-2.2583,0.644226,-0.29538,-0.640961,-0.294617,25793,5656,-32025,-8903,-28673
24452,9.79043,0.0813477,0.13877,-37.1008,-89.7363,-12.2662,-8.97217,-1.2207,-2.19727,0.644012,-0.295624,-0.640869,-0.294952,24769,5912,-29721,-8903,-28673
24458,9.73301,0.0382813,0.090918,-37.5183,-89.7473,-11.8762,-6.40869,-2.0752,-0.488281,0.64389,-0.295776,-0.640869,-0.295105,23745,5912,-28697,-8903,-28673
24464,9.82871,-0.0430664,-0.0239258,-39.3256,-89.7638,-10.08,-5.67627,-1.77002,-0.549316,0.643738,-0.295898,-0.64093,-0.295166,21953,7192,-28953,-8903,-28673
24470,9.73301,-0.0143555,0.0143555,-39.2761,-89.7693,-10.1459,-5.43213,-0.854492,-0.732422,0.643677,-0.295959,-0.64093,-0.295258,21953,7448,-28185,-8903,-28673
24476,9.79521,0.0287109,0.090918,-38.5565,-89.7693,-10.882,-5.85938,0.0610352,-0.671387,0.643616,-0.296051,-0.6409,-0.29538,22209,7448,-27673,-8903,-28673
24482,9.73301,0.00957031,0.0574219,-38.172,-89.7693,-11.2775,-5.24902,0.305176,-0.12207,0.643616,-0.296051,-0.640869,-0.29541,21953,7704,-26393,-8903,-28673
24488,9.82393,-0.0143555,0.0813477,-37.8699,-89.7638,-11.5686,-1.89209,1.46484,0,0.643677,-0.296021,-0.640869,-0.29538,21697,8216,-25625,-8903,-28673
24494,9.84785,0.0191406,0.177051,-35.4968,-89.7528,-13.8922,-0.12207,1.52588,-0.12207,0.64389,-0.295685,-0.6409,-0.295135,20417,7960,-24089,-8903,-28673
24500,9.80957,0,0.177051,-34.6344,-89.7528,-14.7052,1.2207,0.732422,-0.305176,0.644012,-0.29541,-0.641022,-0.294891,19649,7960,-24345,-8903,-28673
24506,9.76172,0.0430664,0.0861328,-34.6234,-89.7528,-14.6558,2.2583,-0.488281,-0.244141,0.644165,-0.295074,-0.641174,-0.294556,19137,7704,-23321,-8903,-28673
24512,9.77607,0.0813477,0.105273,-35.4199,-89.7528,-13.7933,3.23486,-0.915527,0.305176,0.644318,-0.294708,-0.641388,-0.294128,18625,7704,-22297,-8903,-28673
24518,9.77129,0.0239258,0.0957031,-37.0514,-89.7528,-12.0685,4.69971,-1.46484,1.95312,0.644562,-0.29422,-0.641632,-0.293579,17601,7960,-20505,-8903,-28673
24524,9.80957,-0.0526367,0,-43.1378,-89.7528,-5.77881,4.57764,-1.70898,2.56348,0.64505,-0.293243,-0.642151,-0.292267,17601,8216,-17177,-8903,-28673
24530,9.8,-0.0478516,0.0430664,-45.8514,-89.7473,-2.96082,4.15039,-1.28174,2.2583,0.645294,-0.292755,-0.642426,-0.291626,17857,7960,-17945,-8903,-28673
24536,9.7665,0.0334961,0.0861328,-47.796,-89.7418,-0.917358,3.96729,-0.732422,1.95312,0.645569,-0.292267,-0.64267,-0.291016,18369,7704,-19993,-8903,-28673
24542,9.77607,0.100488,0.100488,-50.5096,-89.7363,1.90063,3.90625,-1.34277,2.44141,0.645844,-0.291718,-0.642944,-0.290314,18369,7704,-22297,-8903,-28673
24548,9.78086,0.0239258,0.0191406,-54.0088,-89.7308,5.52612,3.66211,-2.50244,4.21143,0.646149,-0.291107,-0.64328,-0.28949,18881,7448,-24089,-8903,-28673
24554,9.77129,-0.0143555,0.0478516,-62.6331,-89.7034,14.4415,3.479,-2.44141,4.63867,0.646851,-0.289795,-0.644043,-0.287537,19905,8472,-25625,-8903,-28673
24560,9.79043,-0.0287109,0.00957031,-66.9067,-89.6869,18.869,2.92969,-2.80762,5.12695,0.647247,-0.289093,-0.64444,-0.286499,19905,8984,-26905,-8903,-28673
24566,9.79043,-0.0717773,0.0526367,-71.1749,-89.6649,23.2965,2.38037,-3.23486,5.5542,0.647614,-0.288391,-0.644867,-0.2854,20161,9752,-26905,-8903,-28673
24572,9.82393,-0.0478516,0.0143555,-75.2838,-89.6429,27.5647,2.0752,-3.66211,5.67627,0.64798,-0.287689,-0.645294,-0.284302,20417,9752,-27161,-8903,-28673
24578,9.79043,-0.0957031,0.00478516,-82.6117,-89.599,35.2332,2.01416,-3.96729,5.85938,0.648376,-0.286957,-0.645752,-0.283142,20673,9752,-27673,-8903,-28673
24584,9.80957,-0.0574219,0,-84.8035,-89.5715,37.5897,2.50244,-2.86865,5.12695,0.64917,-0.285431,-0.646637,-0.280853,21953,9240,-28185,-8903,-28673
24590,9.80479,-0.0478516,0.00478516,-86.3086,-89.5496,39.2706,3.17383,-2.19727,4.57764,0.649597,-0.284607,-0.647064,-0.279694,21953,9240,-27929,-8903,-28673
24596,9.80479,-0.14834,0.0191406,-87.7917,-89.5276,40.9351,3.2959,-2.38037,4.88281,0.650024,-0.283722,-0.647522,-0.278503,21697,9752,-27929,-8903,-28673
24602,9.86221,-0.129199,0.00478516,-89.0552,-89.5056,42.3798,3.90625,-2.2583,4.82178,0.650452,-0.282867,-0.647949,-0.277344,21185,10008,-27161,-8903,-28673
24608,9.79521,-0.124414,0.0574219,-90.4834,-89.4727,44.165,6.04248,-1.28174,3.17383,0.650879,-0.281982,-0.648407,-0.276215,20929,10264,-26649,-8903,-28673
24614,9.88135,-0.14834,0.105273,-91.1206,-89.4562,45,7.20215,-1.52588,2.86865,0.651794,-0.280029,-0.649323,-0.273865,20161,11544,-25113,-8903,-28673
24620,9.85264,-0.16748,0.0526367,-92.3456,-89.4452,46.4282,7.8125,-2.74658,2.80762,0.652252,-0.278992,-0.649841,-0.272614,20673,12312,-23833,-8903,-28673
24626,9.84785,-0.181836,-0.0191406,-93.6145,-89.4342,47.9004,8.78906,-2.92969,2.13623,0.652679,-0.277924,-0.650391,-0.271362,21185,13592,-22809,-8903,-28673
24632,9.87656,-0.14834,-0.0717773,-94.5868,-89.4287,49.0649,9.58252,-2.31934,0.976562,0.653107,-0.276886,-0.650909,-0.270203,22465,13848,-22297,-8903,-28673
24638,9.85264,-0.153125,-0.100488,-96.1578,-89.4287,50.9766,8.48389,-1.58691,-0.427246,0.653473,-0.275879,-0.651398,-0.269135,22977,14872,-22809,-8903,-28673
24644,9.81914,-0.143555,-0.0861328,-96.5259,-89.4342,51.4874,7.56836,-0.793457,-1.46484,0.654114,-0.274139,-0.652191,-0.267456,22721,16408,-24345,-8903,-28673
24650,9.78086,0,-0.0239258,-96.9049,-89.4507,51.9928,7.14111,-0.610352,-2.80762,0.654358,-0.273346,-0.652527,-0.266815,23233,16664,-23577,-8903,-28673
24656,9.76172,-0.0143555,0.0143555,-97.196,-89.4617,52.3938,6.34766,-0.427246,-2.44141,0.654572,-0.272614,-0.652832,-0.266235,24001,16664,-23577,-8903,-28673
24662,9.68516,-0.0239258,0.0430664,-97.8223,-89.4672,53.1409,5.61523,-1.15967,-1.46484,0.654785,-0.271942,-0.653168,-0.265625,25281,16152,-23577,-8903,-28673
24668,9.70908,0.0239258,0.119629,-100.261,-89.4672,55.838,5.18799,-3.17383,0.183105,0.655029,-0.271271,-0.653503,-0.264923,27329,16408,-25113,-8903,-28673
24674,9.7043,0.114844,-0.0191406,-102.464,-89.4507,58.2056,4.63867,-5.00488,2.62451,0.655548,-0.269684,-0.654388,-0.263031,27841,16408,-24857,-8903,-28673
24680,9.74258,-0.00957031,-0.0287109,-104.799,-89.4232,60.7214,3.90625,-6.10352,4.63867,0.655853,-0.268829,-0.654938,-0.26178,28609,16152,-24345,-8903,-28673
24686,9.8335,-0.110059,-0.0765625,-106.65,-89.3848,62.7704,3.35693,-6.04248,6.22559,0.656189,-0.267975,-0.655487,-0.260406,29377,16152,-23833,-8903,-28673
24692,9.83828,-0.16748,-0.16748,-108.254,-89.3408,64.5721,3.05176,-6.04248,6.46973,0.656555,-0.26709,-0.656036,-0.259033,30145,16408,-23577,-8903,-28673
24698,9.84785,-0.15791,-0.13877,-109.885,-89.2804,66.5387,2.19727,-3.60107,4.88281,0.656891,-0.266296,-0.656525,-0.257812,31169,18712,-24345,-8903,-28673
24704,9.8957,-0.330176,-0.129199,-110.165,-89.2584,66.9617,1.46484,-2.2583,3.66211,0.657501,-0.264862,-0.657288,-0.255768,31169,19480,-25625,-8903,-28673
24710,9.94355,-0.31582,-0.0861328,-110.22,-89.2529,67.1484,1.0376,-0.915527,1.70898,0.657776,-0.26416,-0.657593,-0.254944,31425,20504,-27673,-8903,-28673
24716,9.95791,-0.29668,-0.0191406,-110.231,-89.2584,67.2858,1.28174,0.12207,-0.732422,0.658081,-0.263397,-0.657867,-0.254242,31681,21272,-29977,-8903,-28673
24722,9.93398,-0.334961,0.0143555,-110.325,-89.2694,67.5055,1.83105,0.732422,-2.99072,0.658356,-0.262543,-0.658173,-0.253601,31681,22040,-32025,-8903,-28673
24728,9.88135,-0.291895,0.0287109,-111.66,-89.3408,69.1315,3.54004,0.793457,-8.36182,0.65863,-0.261566,-0.658539,-0.25296,31681,22808,31975,-8903,-28673
24734,34.9938,11.5083,14.4464,67.5934,-89.6539,-109.116,150.818,74.4019,-190.43,0.661194,-0.248505,-0.661072,-0.252777,30913,22296,32487,-8903,-28673
24740,29.8498,17.284,-0.540723,94.7516,-89.1211,-136.648,-134.521,-43.7012,-115.723,0.657959,-0.247925,-0.662659,-0.25766,29889,21528,31975,-8903,-28673
24746,23.4616,-7.46484,-3.88076,161.851,-89.1541,155.891,-137.451,-149.658,119.141,0.654327,-0.255127,-0.664703,-0.254578,28353,20760,31463,-8903,-28673
24752,9.94834,-7.34043,1.73701,-148.881,-88.83,106.93,-4.88281,-41.5039,169.434,0.655762,-0.258759,-0.664581,-0.247437,26561,19224,31975,-8903,-28673
24758,-1.58389,-4.32578,1.24414,-135.67,-88.5059,94.8395,47.7295,-31.25,4.02832,0.658264,-0.257538,-0.664581,-0.242004,24513,19992,-29977,-8903,-28673
24764,5.21104,2.78018,-3.29219,-143.053,-88.396,102.634,18.0054,-45.0439,-19.8364,0.658112,-0.252563,-0.668823,-0.235931,25537,21272,-27161,-8903,-28673
24770,9.51289,0.368457,-2.16289,-143.855,-88.3136,103.832,15.564,-18.1274,2.62451,0.658508,-0.25058,-0.670105,-0.233276,27585,23320,-24857,-8903,-28673
24776,11.7715,-1.70352,-0.832617,-138.906,-88.3136,99.2944,17.4561,16.2964,19.5312,0.660126,-0.248627,-0.670227,-0.230469,29377,24856,-24089,-8903,-28673
24782,11.0681,-1.55039,0.0287109,-135.39,-88.3466,96.1194,5.79834,17.0898,8.05664,0.661469,-0.246735,-0.670319,-0.228363,30657,26136,-22809,-8903,-28673
24788,9.01045,-0.224902,0.253613,-136.132,-88.4949,97.4323,-2.68555,5.7373,-17.7002,0.662292,-0.24472,-0.670685,-0.227112,-32063,26904,-19737,-8903,-28673
24794,9.30234,0.421094,-0.526367,-136.577,-88.5498,98.1848,0.671387,4.45557,-10.8643,0.663605,-0.240387,-0.671814,-0.224487,-31295,27416,-18969,-8903,-28673
24800,10.044,0,-0.62207,-135.643,-88.5718,97.5696,1.58691,5.5542,-2.13623,0.664398,-0.238464,-0.672272,-0.222748,-30527,27928,-18201,-8903,-28673
24806,9.87178,-0.44502,-0.220117,-133.759,-88.5938,95.9821,-1.77002,7.93457,2.2583,0.665283,-0.236755,-0.672577,-0.221008,-29503,28440,-17433,-8903,-28673
24812,10.0536,-0.392383,-0.162695,-132.039,-88.6102,94.5428,-4.57764,7.26318,1.77002,0.666107,-0.235138,-0.672882,-0.219391,-29759,28696,-16665,-8903,-28673
24818,9.70908,-0.15791,-0.153125,-129.809,-88.6597,92.8455,-5.61523,5.92041,-2.13623,0.66684,-0.233459,-0.673218,-0.217896,-30015,29208,-13593,-8903,-28673
24824,9.82393,-0.205762,-0.16748,-128.655,-88.6871,91.9611,-4.08936,6.89697,-2.44141,0.668274,-0.230133,-0.673889,-0.214996,-29503,29208,-12569,-8903,-28673
24830,10.0967,-0.29668,-0.224902,-127.397,-88.7201,90.9668,-3.54004,7.38525,-2.56348,0.669006,-0.228455,-0.674194,-0.213562,-29247,29464,-10265,-8903,-28673
24836,10.044,-0.287109,-0.153125,-126.299,-88.7585,90.1318,-2.86865,7.50732,-4.21143,0.669708,-0.226746,-0.6745,-0.212219,-28991,29208,-8473,-8903,-28673
24842,9.7043,-0.287109,-0.129199,-125.425,-88.8025,89.5056,-3.35693,6.95801,-5.37109,0.670349,-0.225067,-0.674805,-0.210968,-28991,29208,-6681,-8903,-28673
24848,9.87178,-0.373242,-0.282324,-124.662,-88.9069,89.2035,-3.90625,6.95801,-10.1929,0.670959,-0.223389,-0.67511,-0.209839,-30015,29464,-3353,-8903,-28673
24854,9.75693,-0.0669922,-0.143555,-124.321,-88.9783,89.0662,-3.78418,8.36182,-11.5967,0.672058,-0.220093,-0.675659,-0.208069,-30271,29976,-3865,-8903,-28673
24860,9.66123,0.0239258,-0.062207,-123.904,-89.0497,88.8464,-3.84521,8.66699,-11.7798,0.672577,-0.218536,-0.675873,-0.207336,-30527,31000,-3353,-8903,-28673
24866,9.63252,0.133984,-0.0143555,-123.497,-89.1156,88.6322,-3.96729,7.62939,-10.5591,0.673065,-0.217041,-0.676086,-0.206604,-31039,31000,-3097,-8903,-28673
24872,9.71387,0.205762,0.00478516,-122.882,-89.1705,88.2037,-2.99072,6.95801,-8.66699,0.673553,-0.215607,-0.6763,-0.20578,-31039,29976,-3865,-8903,-28673
24878,9.69951,0.162695,0.0526367,-120.839,-89.2365,86.5613,-0.732422,4.21143,-2.56348,0.674072,-0.214233,-0.676514,-0.204865,-30271,27928,-4377,-8903,-28673
24884,9.67559,0.129199,0.00957031,-119.68,-89.2419,85.611,-0.183105,2.86865,-0.244141,0.675018,-0.21167,-0.677063,-0.202576,-30015,26136,-4633,-8903,-28673
24890,9.70908,0.0717773,-0.00957031,-118.575,-89.2365,84.7211,0.0610352,1.46484,1.95312,0.675476,-0.210449,-0.677368,-0.201263,-29247,24600,-5913,-8903,-28673
24896,9.73301,0.0287109,-0.0143555,-117.592,-89.22,83.963,0.366211,0,4.15039,0.675934,-0.209259,-0.677704,-0.199829,-29247,23320,-5657,-8903,-28673
24902,9.68994,0.0526367,-0.0334961,-116.873,-89.1925,83.4686,0.549316,-1.52588,5.85938,0.676331,-0.208099,-0.678101,-0.198303,-30015,22296,-5401,-8903,-28673
24908,9.85742,-0.00957031,-0.0574219,-116.219,-89.1101,83.2983,1.34277,-3.66211,8.23975,0.676727,-0.206909,-0.678528,-0.196686,-31551,22040,-3097,-8903,-28673
24914,9.86221,-0.191406,-0.0957031,-116.235,-89.0607,83.562,1.09863,-4.88281,8.30078,0.67749,-0.204559,-0.679474,-0.193207,-32575,22296,-2329,-8903,-28673
24920,9.76172,-0.196191,-0.129199,-116.455,-89.0167,84.0234,1.2207,-5.43213,7.87354,0.677826,-0.2034,-0.679993,-0.191467,-32319,22552,-2073,-8903,-28673
24926,9.85264,-0.14834,-0.205762,-116.818,-88.9728,84.6277,1.46484,-5.61523,6.95801,0.678162,-0.202209,-0.680511,-0.189789,-32063,23576,-2841,-8903,-28673
24932,9.82393,-0.0861328,-0.177051,-117.175,-88.9343,85.2155,1.58691,-5.24902,6.16455,0.678436,-0.20105,-0.681,-0.188202,-32575,25368,-5145,-8903,-28673
24938,9.81914,-0.186621,-0.215332,-117.576,-88.8574,86.0559,1.52588,-4.45557,5.92041,0.678741,-0.199951,-0.681458,-0.186615,-32319,27672,-8729,-8903,-28673
24944,9.75215,-0.14834,-0.282324,-117.526,-88.83,86.2042,2.13623,-3.2959,5.7373,0.679291,-0.197906,-0.682281,-0.183807,-32319,28440,-10009,-8903,-28673
24950,9.77129,-0.177051,-0.301465,-117.224,-88.8025,86.0779,2.56348,-1.95312,5.61523,0.679565,-0.197052,-0.682556,-0.182587,-32063,28952,-9241,-8903,-28673
24956,9.83828,-0.210547,-0.282324,-116.686,-88.775,85.6824,2.44141,-0.671387,5.67627,0.67984,-0.19632,-0.68277,-0.181549,-31807,29464,-8729,-8903,-28673
24962,9.88613,-0.244043,-0.263184,-115.955,-88.7585,85.0781,2.68555,0.671387,5.12695,0.680115,-0.195709,-0.682922,-0.180664,-31807,30488,-8217,-8903,-28673
24968,9.80957,-0.16748,-0.234473,-114.28,-88.7366,83.595,2.0752,2.19727,3.2959,0.680634,-0.194733,-0.683044,-0.179352,-31551,32024,-8473,-8903,-28673
24974,9.79043,-0.153125,-0.258398,-113.417,-88.7256,82.8094,2.01416,2.62451,3.23486,0.680847,-0.194366,-0.683075,-0.178864,-31039,32536,-9497,-8903,-28673
24980,9.88613,-0.239258,-0.244043,-112.407,-88.7201,81.8591,2.50244,3.54004,3.05176,0.681061,-0.194061,-0.683014,-0.178436,-31039,32536,-10777,-8903,-28673
24986,9.91484,-0.282324,-0.234473,-111.226,-88.7201,80.7275,2.74658,4.63867,2.56348,0.681305,-0.193787,-0.682953,-0.178101,-30015,-32744,-11033,-8903,-28673
24992,9.80479,-0.181836,-0.14834,-110.023,-88.7256,79.5685,2.38037,5.37109,1.0376,0.681549,-0.193512,-0.682861,-0.177887,-29247,-31720,-11545,-8903,-28673
24998,9.78564,-0.181836,-0.14834,-107.677,-88.7476,77.2778,2.2583,5.5542,-0.427246,0.681946,-0.193054,-0.682617,-0.177643,-26687,-30952,-10777,-8911,-28672
25004,9.79521,-0.090918,-0.0813477,-106.556,-88.7531,76.1792,2.56348,5.18799,0.12207,0.682159,-0.192871,-0.682526,-0.177551,-26175,-30696,-10777,-8911,-28672
25010,9.78564,-0.129199,-0.062207,-105.529,-88.7585,75.1794,2.86865,4.57764,0.488281,0.682312,-0.192719,-0.682434,-0.177429,-25151,-30952,-11545,-8911,-28672
25016,9.77129,-0.191406,-0.100488,-104.628,-88.764,74.3005,3.11279,3.90625,0.854492,0.682465,-0.192566,-0.682343,-0.177338,-24639,-30952,-12569,-8911,-28672
25022,9.8335,-0.191406,-0.16748,-103.771,-88.764,73.4601,3.2959,3.60107,1.34277,0.682617,-0.192474,-0.682251,-0.177216,-24127,-30440,-14105,-8911,-28672
25028,9.79521,-0.162695,-0.220117,-102.184,-88.7585,71.889,2.31934,3.60107,1.40381,0.682861,-0.192383,-0.682068,-0.177124,-23359,-31208,-14617,-8911,-28672
25034,9.86221,-0.220117,-0.263184,-101.173,-88.7585,70.8673,1.58691,4.45557,1.2207,0.682983,-0.192444,-0.681915,-0.177185,-22591,-31464,-13337,-8911,-28672
25040,9.87178,-0.30625,-0.172266,-99.9261,-88.7585,69.5984,0.732422,5.5542,1.2207,0.683105,-0.192535,-0.681702,-0.177307,-22591,-30952,-12313,-8911,-28672
25046,9.91963,-0.31582,-0.124414,-98.6407,-88.764,68.2855,-0.0610352,5.92041,0.244141,0.683228,-0.192657,-0.681488,-0.177521,-22591,-30696,-12313,-8911,-28672
25052,-78.3952,-6.2207,-12.1974,-97.3224,-88.775,66.9397,-0.549316,6.34766,-2.0752,0.68335,-0.192719,-0.681305,-0.177795,-22335,-30184,-13337,-8911,-28672
25058,156.795,-30.7303,-81.9171,71.4825,-86.7371,-101.184,29.3579,269.348,-515.625,0.684448,-0.161102,-0.681885,-0.201202,-24383,-32232,-19225,-8911,-28672
25064,18.643,6.51738,24.4856,67.0111,-86.0065,-97.8003,-190.796,102.722,-127.075,0.68454,-0.163177,-0.67804,-0.211975,-28223,28184,-23321,-8911,-28672
25070,20.8298,-8.66113,4.11523,62.5616,-87.16,-94.0924,-113.953,-50.5371,224.609,0.683807,-0.174896,-0.676727,-0.209167,31681,20760,-27929,-8911,-28672
25076,0.090918,-8.06299,4.60811,60.5511,-88.2092,-92.1588,17.334,-80.2612,188.782,0.682861,-0.181824,-0.677643,-0.203247,24513,12568,32743,-8911,-28672
25082,-5.37852,-2.1916,-1.01924,75.6573,-88.8135,-107.073,67.3828,-111.816,79.1626,0.68045,-0.184082,-0.680817,-0.1987,17857,4888,28647,-8911,-28672
25088,5.36895,2.51221,-5.58906,119.685,-88.8464,-150.458,77.4536,-50.1709,21.9727,0.676666,-0.182556,-0.686737,-0.192627,9665,-5097,25319,-8911,-28672
25094,11.0824,0.842188,-3.2874,134.039,-89.0552,-164.855,25.5127,-11.6577,61.0352,0.676636,-0.184875,-0.686646,-0.190796,6849,-7657,25831,-8911,-28672
25100,13.4606,-1.38291,-0.430664,145.261,-89.2639,-176.309,-10.376,15.9912,48.9502,0.677002,-0.187714,-0.685516,-0.190674,5057,-9193,26599,-8911,-28672
25106,9.38848,-1.00967,2.04805,147.887,-89.4067,-179.214,-23.1323,24.9634,17.4561,0.677307,-0.18985,-0.684296,-0.191925,3265,-10473,27879,-8911,-28672
25112,10.111,0.531152,1.75137,150.485,-89.4342,177.88,-16.1133,-10.1318,2.44141,0.67691,-0.191864,-0.683685,-0.193512,1985,-10985,27623,-8903,-28673
25118,9.91484,0.985742,-0.483301,163.998,-89.3243,163.949,0.305176,-13.3057,11.0474,0.675446,-0.19516,-0.683746,-0.19516,1985,-11497,27879,-8903,-28673
25124,9.93398,-0.0765625,-0.507227,175.21,-89.2859,152.6,8.54492,-9.15527,22.8271,0.675049,-0.196838,-0.683655,-0.195099,1985,-10985,27879,-8903,-28673
25130,10.3264,-0.803906,-0.583789,-175.402,-89.2419,143.058,3.66211,-4.63867,21.7896,0.674713,-0.198578,-0.683411,-0.195282,2241,-10985,28903,-8903,-28673
25136,9.8957,-0.397168,-0.287109,-170.519,-89.2145,137.988,-1.28174,-0.976562,11.6577,0.674408,-0.200134,-0.683105,-0.195923,2753,-10985,29671,-8903,-28673
25142,9.9292,0.186621,-0.172266,-168.486,-89.2035,135.769,-3.78418,3.17383,2.13623,0.674072,-0.201447,-0.68277,-0.196838,3521,-11241,30695,-8903,-28673
25148,9.60381,0.349316,-0.0287109,-164.597,-89.198,131.495,-2.19727,4.21143,5.12695,0.673553,-0.204041,-0.681946,-0.198792,5057,-10473,32487,-8903,-28673
25154,9.87656,0.200977,-0.0334961,-160.455,-89.1925,127.172,0.12207,5.5542,9.70459,0.673431,-0.205414,-0.681458,-0.199554,5313,-9449,32743,-8903,-28673
25160,9.63731,0.0813477,-0.0143555,-155.209,-89.1815,121.745,1.09863,6.10352,13.1836,0.67334,-0.206879,-0.680908,-0.200195,5825,-7913,32487,-8903,-28673
25166,9.66123,-0.0430664,-0.0957031,-149.81,-89.1595,116.169,1.83105,6.22559,14.3433,0.673279,-0.208374,-0.680328,-0.200806,6849,-6633,32231,-8903,-28673
25172,9.86221,0,-0.181836,-144.624,-89.1321,110.808,1.46484,7.69043,14.9536,0.673218,-0.209839,-0.679749,-0.201385,7873,-5353,31975,-8903,-28673
25178,9.89092,-0.239258,-0.105273,-134.962,-89.0717,100.778,-0.12207,7.44629,13.5498,0.673126,-0.21286,-0.678497,-0.202759,11201,-3561,31207,-8903,-28673
25184,9.78564,-0.177051,0.0430664,-131.199,-89.0442,96.817,-1.58691,7.87354,11.1084,0.673065,-0.214325,-0.677856,-0.203583,12993,-2025,30183,-8903,-28673
25190,9.87656,-0.133984,0.133984,-128.167,-89.0222,93.587,-2.01416,7.32422,8.8501,0.672943,-0.215729,-0.677246,-0.204498,14529,-489,28647,-8903,-28673
25196,9.91006,-0.100488,0.143555,-125.744,-89.0002,90.9668,-2.44141,5.79834,8.11768,0.672791,-0.217133,-0.676666,-0.205444,15809,1304,27111,-8903,-28673
25202,9.85742,-0.0382813,0.129199,-123.761,-88.9728,88.786,-1.2207,3.2959,7.69043,0.672577,-0.218536,-0.676147,-0.20636,16833,2328,24551,-8903,-28673
25208,9.78564,-0.0813477,0,-120.833,-88.9069,85.4736,-0.793457,2.68555,7.62939,0.672119,-0.221252,-0.675171,-0.20816,19393,3864,19431,-8903,-28673
25214,9.82871,-0.105273,-0.0239258,-119.702,-88.8739,84.1553,-0.488281,2.0752,7.50732,0.671844,-0.222595,-0.674713,-0.209015,20929,3864,17127,-8903,-28673
25220,9.73301,-0.0957031,0.062207,-118.592,-88.8409,82.8534,-0.12207,2.31934,7.38525,0.6716,-0.223938,-0.674255,-0.2099,22721,4120,15335,-8903,-28673
25226,9.88135,-0.110059,-0.0287109,-117.548,-88.808,81.6284,-0.0610352,2.2583,7.32422,0.671356,-0.22525,-0.673798,-0.210785,24769,4632,14823,-8903,-28673
25232,9.82393,-0.0861328,0.0478516,-115.933,-88.7421,79.6344,-0.305176,1.77002,6.95801,0.671082,-0.226562,-0.67337,-0.21167,26561,4888,14567,-8911,-28672
25238,9.74258,-0.133984,0.100488,-115.312,-88.7091,78.8269,-0.244141,0.793457,7.32422,0.670502,-0.229218,-0.672455,-0.213409,30657,6936,13799,-8911,-28672
25244,9.78086,-0.196191,0.0861328,-114.879,-88.6707,78.2062,-0.183105,0,7.20215,0.670197,-0.23053,-0.672058,-0.214294,-32575,8216,13287,-8911,-28672
25250,9.8957,-0.205762,0.0574219,-114.642,-88.6377,77.7887,0.0610352,-0.793457,6.83594,0.669861,-0.231842,-0.671692,-0.215118,-31039,9240,12263,-8911,-28672
25256,9.87656,-0.248828,0.090918,-114.609,-88.5992,77.5745,0.12207,-1.58691,6.22559,0.669495,-0.233093,-0.671326,-0.215973,-29759,10264,10983,-8911,-28672
25262,9.86221,-0.215332,0.0574219,-115.318,-88.5443,77.937,0.12207,-3.479,3.54004,0.669098,-0.234314,-0.671021,-0.216827,-28991,10520,9447,-8911,-28672
25268,9.84307,-0.200977,0.0430664,-115.961,-88.5223,78.4094,0.488281,-3.96729,2.56348,0.668243,-0.236572,-0.670532,-0.218506,-27967,11800,6631,-8911,-28672
25274,9.90049,-0.181836,-0.00957031,-116.708,-88.5059,78.9972,0.671387,-4.3335,1.70898,0.667816,-0.23761,-0.670319,-0.21936,-27199,13336,6375,-8911,-28672
25280,9.87178,-0.215332,-0.0287109,-117.488,-88.4894,79.6234,0.854492,-4.3335,1.0376,0.667389,-0.238586,-0.670135,-0.220184,-26687,14360,6119,-8911,-28672
25286,9.87178,-0.229688,-0.00478516,-118.306,-88.4784,80.2936,0.732422,-4.3335,0.305176,0.666931,-0.239502,-0.669983,-0.220978,-25663,15640,6631,-8911,-28672
25292,9.80957,-0.205762,-0.0478516,-119.894,-88.4674,81.601,0.793457,-3.35693,-1.46484,0.666534,-0.240356,-0.66983,-0.221771,-25151,16920,6631,-8911,-28672
25298,9.7665,-0.105273,-0.0239258,-120.602,-88.4674,82.1777,0.488281,-2.56348,-2.0752,0.665771,-0.241882,-0.669495,-0.223389,-25151,19480,4839,-8911,-28672
25304,9.79043,-0.100488,-0.0574219,-121.212,-88.4729,82.6611,0.488281,-2.01416,-2.01416,0.665436,-0.242584,-0.669312,-0.224152,-25919,20504,4583,-8911,-28672
25310,9.79043,-0.0669922,-0.00478516,-121.696,-88.4729,83.0182,0.427246,-1.52588,-1.52588,0.6651,-0.243286,-0.669128,-0.224915,-26431,21272,4327,-8911,-28672
25322,9.76172,-0.0669922,0.0191406,-122.487,-88.4619,83.4576,0.976562,-1.46484,1.28174,0.664551,-0.244659,-0.668732,-0.226318,-27711,23320,4839,-8911,-28672
25328,9.76172,-0.0334961,0.0143555,-122.602,-88.4509,83.4631,1.40381,-1.70898,2.19727,0.664001,-0.246094,-0.668335,-0.227478,-27455,23832,4327,-8911,-28672
25334,9.74736,-0.0669922,0.0574219,-122.662,-88.429,83.4137,1.40381,-2.44141,3.90625,0.663757,-0.246857,-0.668121,-0.227997,-26175,23576,5607,-8911,-28672
25340,9.80957,-0.133984,0.00957031,-122.756,-88.396,83.4027,1.09863,-3.66211,5.37109,0.663483,-0.247681,-0.667938,-0.228424,-25151,23320,6631,-8911,-28672
25346,9.79043,-0.177051,0.00478516,-122.926,-88.363,83.4631,0.976562,-4.3335,5.5542,0.663177,-0.248505,-0.667786,-0.228851,-24127,23320,8423,-8911,-28672
25352,8.14912,-0.559863,0.124414,-123.157,-88.3466,83.5236,2.68555,1.77002,-2.86865,0.662903,-0.249268,-0.667664,-0.229218,-22847,23064,10215,-8911,-28672
25358,58.7569,-13.4128,-25.3805,134.879,-89.2914,-174.331,48.4619,82.5806,-380.188,0.661621,-0.236786,-0.669495,-0.240509,-21567,22552,12007,-8911,-28672
25364,-2.27773,48.598,12.1687,65.0446,-86.1713,-104.046,99.3652,432.861,-599.976,0.668365,-0.212402,-0.663879,-0.259399,-22847,19736,10215,-8911,-28672
25370,24.1842,0.224902,17.8391,57.5958,-85.5505,-97.9871,-228.027,146.362,-67.3218,0.668884,-0.217102,-0.657288,-0.270721,-26687,13848,5863,-8911,-28672
25376,18.2314,-7.45049,10.0823,48.7408,-86.5778,-89.9451,-103.455,-26.7944,232.605,0.669006,-0.228943,-0.654114,-0.268402,32705,5144,487,-8911,-28672
25382,1.10059,-7.79023,4.34492,52.8223,-88.6871,-94.043,35.6445,-158.203,100.403,0.66626,-0.239441,-0.654846,-0.264252,19905,-13545,-10522,-8911,-28672
25388,8.15391,2.78975,-6.39297,84.4574,-89.0112,-124.904,88.8062,-139.343,11.7188,0.661926,-0.238525,-0.664978,-0.250275,15553,-20713,-15130,-8911,-28672
25394,3.15342,2.67969,-6.1585,105.425,-89.1046,-145.712,101.868,-63.2935,24.8413,0.660614,-0.238983,-0.666992,-0.247955,12737,-24553,-17946,-8911,-28672
25400,11.5896,1.27764,-3.38789,126.238,-89.4122,-166.558,59.6313,-18.4326,78.2471,0.660767,-0.241669,-0.666748,-0.245636,11201,-27113,-20762,-8911,-28672
25406,13.2453,-1.11973,-0.712988,167.053,-89.6484,152.287,-4.08936,3.66211,78.6743,0.660889,-0.24588,-0.665161,-0.245331,10177,-28649,-22042,-8911,-28672
25412,10.0153,-1.81836,1.89492,-137.252,-89.6869,95.7568,-26.6724,6.28662,18.3105,0.661011,-0.249115,-0.663361,-0.246674,9665,-30185,-22810,-8911,-28672
25418,8.55586,0.837402,1.34941,-139.982,-89.5935,98.031,-25.0854,-14.6484,10.5591,0.658997,-0.25528,-0.661407,-0.250946,9921,-29417,-23066,-8911,-28672
25424,9.57031,1.17715,0.325391,-141.85,-89.4507,99.5251,-6.40869,-22.583,16.5405,0.657654,-0.258148,-0.661102,-0.25235,10689,-27113,-22554,-8911,-28672
25430,9.69473,0.736914,-0.30625,-137.598,-89.2529,94.9768,7.75146,-22.3389,33.8745,0.656647,-0.261108,-0.660736,-0.252838,11713,-25065,-21018,-8911,-28672
25436,10.2689,-0.416309,-0.373242,-133.358,-89.0442,90.434,8.30078,-18.6157,38.7573,0.655823,-0.26413,-0.660217,-0.253204,13505,-22761,-18970,-8911,-28672
25442,10.2498,-0.62207,-0.382812,-130.474,-88.7695,86.9128,1.95312,-9.70459,19.5923,0.654968,-0.266968,-0.659637,-0.253998,18625,-18153,-16922,-8911,-28672
25448,10.0153,-0.105273,-0.133984,-130.215,-88.7036,86.3141,-0.12207,-6.16455,11.9019,0.653259,-0.271881,-0.658264,-0.256683,21185,-15081,-16410,-8911,-28672
25454,9.57988,0.267969,-0.119629,-130.095,-88.6542,85.8472,-2.99072,-4.15039,8.66699,0.652405,-0.27417,-0.657501,-0.258392,24001,-11753,-15642,-8911,-28672
25460,9.73779,0.272754,-0.0382813,-129.073,-88.6047,84.4794,-1.15967,-0.488281,11.1694,0.651672,-0.276459,-0.656647,-0.26001,26561,-8681,-13594,-8911,-28672
25466,9.56074,0.114844,0.062207,-127.403,-88.5443,82.4744,0.305176,0.671387,15.564,0.651062,-0.278809,-0.65567,-0.261475,28353,-4841,-11802,-8911,-28672
25472,9.57031,-0.0765625,-0.0526367,-122.948,-88.396,77.3712,3.17383,3.54004,20.9351,0.650513,-0.281189,-0.654633,-0.262848,29889,1816,-7706,-8911,-28672
25478,9.78086,-0.239258,-0.172266,-120.536,-88.3081,74.6411,3.17383,4.63867,22.2778,0.649658,-0.28598,-0.652405,-0.26535,30913,4888,-6170,-8911,-28672
25484,9.89092,-0.401953,-0.133984,-118.191,-88.2257,71.9714,2.13623,5.85938,22.1558,0.649292,-0.288361,-0.651215,-0.266602,31681,7960,-5914,-8911,-28672
25490,9.77129,-0.373242,0.0143555,-116.082,-88.1543,69.538,0.793457,6.7749,19.8364,0.648895,-0.29068,-0.649994,-0.267975,-32063,10776,-5146,-8911,-28672
25496,9.91006,-0.421094,0.0861328,-114.077,-88.0939,67.2034,0.0610352,8.17871,17.6392,0.648499,-0.292938,-0.648773,-0.26944,-29759,14104,-5402,-8911,-28672
25502,10.111,-0.507227,0.162695,-110.951,-87.995,63.4241,-0.305176,7.01904,12.3291,0.648102,-0.295105,-0.647583,-0.270935,-24895,21016,-5914,-8911,-28672
25508,9.97705,-0.488086,0.196191,-109.957,-87.962,62.1112,-0.12207,5.49316,9.52148,0.647095,-0.299225,-0.645355,-0.27417,-22591,24344,-6170,-8911,-28672
25514,9.87656,-0.488086,0.13877,-109.325,-87.9346,61.1499,-0.0610352,3.78418,7.08008,0.646454,-0.301178,-0.644348,-0.275848,-21055,27416,-6426,-8911,-28672
25520,9.92441,-0.468945,0.100488,-108.94,-87.9236,60.4468,-0.183105,2.92969,3.90625,0.645752,-0.30307,-0.643402,-0.277588,-18751,30232,-6682,-8911,-28672
25526,9.82393,-0.425879,0.119629,-108.853,-87.9236,60.0403,-0.671387,1.58691,1.09863,0.64502,-0.30484,-0.642548,-0.279388,-16703,32280,-6938,-8911,-28672
25532,9.82393,-0.30625,0.0669922,-108.704,-87.9565,60.1501,-0.549316,0.427246,-2.68555,0.645355,-0.304016,-0.642883,-0.278717,-13119,-28392,-8986,-8911,-28672
25538,9.85264,-0.344531,0.0382813,-108.754,-87.9785,60.3094,-1.0376,0.244141,-3.05176,0.645905,-0.30246,-0.643524,-0.277618,-12351,-26344,-9498,-8911,-28672
25544,9.76172,-0.368457,0.0861328,-108.814,-88.0005,60.4742,-0.854492,0.366211,-3.66211,0.646149,-0.301727,-0.643829,-0.277191,-11839,-24296,-10778,-8911,-28672
25550,9.82393,-0.339746,0.0765625,-108.864,-88.028,60.6281,-0.854492,0.732422,-4.39453,0.646362,-0.300995,-0.644135,-0.276764,-11327,-23016,-11546,-8911,-28672
25556,9.8957,-0.282324,0.0287109,-108.962,-88.0609,60.8203,-0.915527,0.854492,-5.7373,0.646576,-0.300232,-0.64444,-0.276398,-10303,-22760,-12058,-8911,-28672
25562,9.8,-0.229688,0.0861328,-109.072,-88.1268,61.1224,-1.2207,1.28174,-5.79834,0.646759,-0.2995,-0.644714,-0.276093,-7487,-22760,-11034,-8911,-28672
25568,9.73779,-0.239258,0.090918,-109.028,-88.1598,61.1719,-1.09863,1.95312,-5.98145,0.647186,-0.298035,-0.645233,-0.275452,-6463,-22760,-10266,-8911,-28672
25574,9.73301,-0.172266,0.119629,-108.995,-88.1927,61.2323,-0.732422,1.70898,-5.5542,0.6474,-0.297302,-0.645508,-0.275146,-5951,-22248,-10522,-8911,-28672
25580,9.74258,-0.0861328,0.129199,-108.962,-88.2257,61.2927,-0.915527,1.52588,-5.06592,0.647614,-0.2966,-0.645752,-0.274811,-5183,-22760,-11290,-8911,-28672
25586,9.81436,-0.119629,0.16748,-108.935,-88.2477,61.3641,-0.793457,1.09863,-4.02832,0.647827,-0.295898,-0.646027,-0.274384,-4927,-22760,-11546,-8911,-28672
25592,9.74258,-0.100488,0.186621,-109.045,-88.2697,61.6882,-0.671387,-0.732422,-1.40381,0.648071,-0.295227,-0.646301,-0.273895,-5695,-23272,-12058,-8911,-28672
25598,9.72822,-0.0765625,0.210547,-109.27,-88.2697,62.0398,-0.610352,-2.01416,-0.0610352,0.64859,-0.293823,-0.646973,-0.272583,-6463,-23528,-11546,-8911,-28672
25604,9.75693,-0.090918,0.205762,-109.556,-88.2587,62.4683,0,-3.17383,1.89209,0.648895,-0.293091,-0.6474,-0.271698,-6975,-23784,-11290,-8911,-28672
25610,9.82393,-0.186621,0.124414,-109.957,-88.2367,63.0286,0.12207,-4.57764,3.35693,0.64917,-0.292328,-0.647858,-0.27066,-7231,-24296,-10778,-8911,-28672
25616,9.82393,-0.200977,0.13877,-110.435,-88.2092,63.6658,0,-5.5542,4.39453,0.649475,-0.291595,-0.648346,-0.269562,-7999,-24296,-10778,-8911,-28672
25622,9.77607,-0.267969,0.129199,-111.478,-88.1488,65.05,0.488281,-6.46973,5.00488,0.650085,-0.290039,-0.649414,-0.267242,-8511,-23016,-8474,-8911,-28672
25628,9.86699,-0.30625,0.0526367,-112.072,-88.1158,65.8246,0.671387,-6.83594,4.39453,0.650391,-0.289215,-0.649963,-0.266022,-7999,-22504,-7962,-8911,-28672
25634,9.86221,-0.320605,0,-112.725,-88.0884,66.6595,0.915527,-7.14111,3.78418,0.650665,-0.288391,-0.650543,-0.264832,-7231,-22504,-6938,-8911,-28672
25640,9.8335,-0.30625,0.0334961,-113.461,-88.0664,67.5714,0.793457,-7.32422,2.50244,0.650909,-0.287537,-0.651154,-0.263672,-7231,-22504,-5914,-8911,-28672
25646,9.8335,-0.378027,0.0287109,-114.219,-88.0444,68.4998,0.427246,-7.20215,1.58691,0.651154,-0.286652,-0.651733,-0.262573,-7487,-22504,-5658,-8911,-28672
25652,9.22578,-0.13877,0.349316,-115.543,-88.0389,70.1862,0.976562,-3.84521,-3.54004,0.651703,-0.284637,-0.652924,-0.260498,-8255,-22504,-2842,-8911,-28672
25658,56.1825,-13.6042,-42.0759,171.041,-89.0662,144.371,126.404,-16.0522,-389.465,0.648621,-0.269501,-0.65979,-0.266846,-8511,-23016,-2074,-8911,-28672
25664,2.58877,43.253,17.3749,79.2279,-87.2095,-123.475,70.3125,296.448,-527.649,0.651428,-0.249329,-0.658203,-0.283081,-9791,-25064,-2842,-8911,-28672
25670,18.5329,2.26338,18.3846,69.9664,-86.2921,-115.516,-220.032,141.846,-154.602,0.650482,-0.250732,-0.652679,-0.296417,-13375,-30184,-5402,-8911,-28672
25676,19.1741,-8.2209,6.63223,64.5447,-87.0996,-110.836,-85.9375,-8.11768,171.57,0.650665,-0.259979,-0.649231,-0.295685,-17727,28952,-8730,-8911,-28672
25682,6.67529,-4.04346,4.51719,81.947,-88.3466,-128.287,31.5552,-119.263,62.0117,0.647308,-0.268311,-0.652618,-0.287994,-31807,10520,-15386,-8911,-28672
25688,4.88086,1.3542,-2.30645,106.309,-88.4235,-151.957,74.1577,-132.507,21.9727,0.645508,-0.266693,-0.657776,-0.281769,26817,2584,-17434,-8911,-28672
25694,6.17764,2.22988,-6.94805,128.21,-88.3466,-173.161,73.5474,-114.075,39.2456,0.644409,-0.265289,-0.66217,-0.275238,21697,-3049,-17690,-8911,-28672
25700,10.0297,1.40684,-4.29707,142.899,-88.4454,172.073,54.4434,-42.8467,71.8384,0.64386,-0.268219,-0.662415,-0.273071,17089,-7401,-17434,-8911,-28672
25706,13.0443,1.08145,-2.65098,155.665,-88.6102,159.109,13.3667,-3.96729,73.6084,0.644135,-0.271576,-0.661224,-0.272095,14017,-10217,-16666,-8911,-28672
25712,9.78086,-1.44033,0.842188,164.097,-88.764,149.941,-32.1655,4.15039,13.6108,0.643372,-0.276947,-0.658508,-0.275055,10689,-13801,-13594,-8911,-28672
25718,9.05352,0.531152,1.42598,166.141,-88.7256,147.48,-30.6396,-9.52148,7.87354,0.642151,-0.279663,-0.657654,-0.2771,11201,-13545,-12058,-8911,-28672
25724,9.37891,1.24893,0.535937,169.849,-88.6487,143.383,-14.8315,-17.6392,14.7095,0.640869,-0.282471,-0.657043,-0.278656,12225,-12521,-11034,-8911,-28672
25730,9.69473,1.11016,-0.00478516,176.732,-88.5663,136.159,-2.19727,-19.9585,32.2876,0.639862,-0.285553,-0.656403,-0.279419,13505,-12009,-10266,-8911,-28672
25736,10.4269,0.00478516,-0.224902,-176.188,-88.4839,128.771,3.17383,-16.1133,37.5366,0.639038,-0.288574,-0.65564,-0.279938,14529,-11241,-9242,-8911,-28672
25742,10.1062,-0.397168,-0.392383,-168.272,-88.3466,120.234,3.2959,-7.38525,19.9585,0.637512,-0.293701,-0.654053,-0.281799,16065,-10985,-6938,-8911,-28672
25748,9.87178,-0.0765625,-0.244043,-166.339,-88.3081,117.982,-0.549316,-4.39453,13.7939,0.636749,-0.295959,-0.653198,-0.283173,17857,-10729,-5402,-8911,-28672
25754,9.6708,0.196191,-0.153125,-164.773,-88.2861,116.082,-2.80762,-1.34277,11.2915,0.635986,-0.298157,-0.652283,-0.284698,19393,-9705,-3866,-8911,-28672
25760,9.72344,0.277539,0.062207,-162.762,-88.2806,113.747,-2.44141,2.62451,13.1226,0.635376,-0.300323,-0.651215,-0.286194,21185,-8681,-2330,-8911,-28672
25766,9.43633,0.263184,0.16748,-160.087,-88.2642,110.742,-1.89209,3.54004,17.2119,0.634827,-0.302612,-0.650055,-0.287598,22721,-7145,-1306,-8911,-28672
25772,9.61816,0.110059,0,-153.133,-88.2037,103.151,1.58691,3.90625,24.9023,0.633942,-0.307404,-0.647614,-0.289978,24769,-2281,-3354,-8911,-28672
25778,9.82393,-0.239258,-0.210547,-149.227,-88.1598,98.9319,1.58691,4.69971,27.2827,0.633606,-0.309845,-0.646332,-0.291046,26305,24,-3610,-8911,-28672
25784,9.91484,-0.401953,-0.133984,-145.481,-88.1104,94.8669,1.0376,6.28662,26.6113,0.63327,-0.312256,-0.644989,-0.292145,28609,1560,-2842,-8911,-28672
25790,9.89092,-0.478516,-0.0574219,-142.042,-88.0719,91.1151,-0.183105,7.62939,24.5361,0.632965,-0.314575,-0.643616,-0.293304,30913,3608,-1050,-8911,-28672
25796,9.97705,-0.507227,0.0382813,-138.961,-88.0334,87.7203,-0.854492,8.54492,21.8506,0.63266,-0.316803,-0.642273,-0.294556,-32063,5656,-26,-8911,-28672
25802,10.1015,-0.583789,0.0765625,-134.198,-87.9895,82.359,-1.28174,8.8501,14.0991,0.631958,-0.32074,-0.63974,-0.297241,-27711,11288,-26,-8911,-28672
25808,9.95791,-0.521582,0.119629,-132.561,-87.9895,80.4584,-1.64795,7.99561,9.70459,0.631622,-0.322357,-0.638672,-0.298584,-25663,14104,-1306,-8911,-28672
25814,9.91484,-0.492871,0.0957031,-131.364,-87.995,79.0576,-1.95312,7.26318,5.61523,0.631348,-0.323517,-0.637817,-0.299683,-23871,16920,-3354,-8911,-28672
25820,9.93877,-0.449805,0.14834,-130.551,-88.0115,78.1073,-1.77002,6.28662,2.0752,0.631195,-0.324219,-0.637238,-0.300476,-22591,19736,-4890,-8911,-28672
25826,9.80479,-0.349316,0.253613,-130.067,-88.0389,77.536,-1.34277,3.96729,-3.90625,0.631104,-0.324554,-0.636871,-0.301117,-20543,22552,-6426,-8911,-28672
25832,9.8,-0.229688,0.244043,-130.139,-88.1049,77.536,-0.976562,2.38037,-4.5166,0.630981,-0.324615,-0.636566,-0.30191,-17215,26904,-6682,-8911,-28672
25838,9.81914,-0.244043,0.181836,-130.512,-88.1268,77.9041,-0.610352,0.732422,-5.00488,0.630951,-0.324463,-0.636597,-0.302094,-15423,28440,-6170,-8911,-28672
25844,9.75693,-0.253613,0.220117,-130.995,-88.1488,78.3984,-0.183105,-0.610352,-4.57764,0.63089,-0.324249,-0.636688,-0.302185,-14143,29720,-4378,-8911,-28672
25850,9.8335,-0.224902,0.220117,-131.644,-88.1653,79.0686,0,-1.89209,-4.76074,0.630859,-0.324005,-0.636871,-0.302185,-14143,30744,-2842,-8911,-28672
25856,9.8957,-0.200977,0.220117,-132.49,-88.1763,79.953,1.09863,-4.57764,-4.94385,0.630829,-0.323669,-0.637115,-0.302094,-14399,32024,-1818,-8911,-28672
25862,9.82871,-0.248828,0.133984,-134.506,-88.1873,82.0844,1.40381,-5.61523,-4.69971,0.630768,-0.322845,-0.637787,-0.301636,-13631,-31464,-1562,-8911,-28672
25868,9.81914,-0.287109,0.110059,-135.665,-88.1873,83.3148,2.0752,-6.10352,-5.24902,0.630737,-0.322388,-0.638214,-0.301331,-12607,-30952,-794,-8911,-28672
25874,9.79043,-0.277539,0.105273,-137.038,-88.1873,84.7595,2.19727,-6.95801,-6.40869,0.630676,-0.321899,-0.638641,-0.301025,-12351,-29928,-794,-8911,-28672
25880,9.80479,-0.215332,0.100488,-138.543,-88.1927,86.3361,2.19727,-7.14111,-7.38525,0.630615,-0.32135,-0.63913,-0.300751,-11583,-29160,-538,-8911,-28672
25886,9.82393,-0.15791,0.0813477,-140.158,-88.1927,88.028,2.38037,-8.11768,-7.93457,0.630524,-0.320801,-0.639618,-0.300446,-11071,-28648,999,-8911,-28672
25892,9.75693,-0.100488,0.0382813,-143.416,-88.1818,91.4502,2.31934,-8.60596,-7.20215,0.630371,-0.319672,-0.640686,-0.299774,-11839,-28648,3047,-8911,-28672
25898,9.75693,-0.105273,0.00957031,-144.915,-88.1708,93.0377,2.68555,-8.66699,-6.5918,0.63031,-0.319092,-0.641235,-0.299347,-12351,-29160,4583,-8911,-28672
25904,9.7665,-0.0717773,-0.0143555,-146.294,-88.1543,94.5099,2.74658,-8.66699,-5.79834,0.630249,-0.318512,-0.641754,-0.298889,-13119,-29928,5351,-8911,-28672
25910,9.79521,-0.062207,-0.0526367,-147.519,-88.1378,95.8282,2.31934,-8.36182,-5.00488,0.630219,-0.317963,-0.642273,-0.298431,-13887,-29928,6119,-8911,-28672
25916,9.72344,-0.0669922,-0.0669922,-148.568,-88.1158,96.9653,1.70898,-7.50732,-2.99072,0.630219,-0.317444,-0.642792,-0.297943,-14143,-30184,7399,-8911,-28672
25922,9.7043,-0.0430664,-0.110059,-150.051,-88.0774,98.6298,1.64795,-6.7749,-1.77002,0.63031,-0.316467,-0.643677,-0.296906,-14399,-30184,9959,-8911,-28672
25928,9.75693,-0.0717773,-0.0957031,-150.469,-88.0554,99.1351,1.46484,-5.98145,-0.671387,0.630371,-0.31604,-0.644043,-0.296387,-13887,-30696,10983,-8911,-28672
25934,9.8,-0.110059,-0.0813477,-150.65,-88.0389,99.3933,1.34277,-4.94385,0.610352,0.630493,-0.315643,-0.644348,-0.295868,-13631,-31720,12263,-8911,-28672
25940,9.75693,-0.114844,-0.0287109,-150.677,-88.0225,99.5032,1.09863,-4.45557,1.52588,0.630615,-0.315277,-0.644653,-0.295319,-13631,32280,12519,-8911,-28672
25946,9.79043,-0.16748,-0.062207,-150.579,-88.0005,99.4867,0.732422,-3.60107,2.56348,0.630768,-0.314941,-0.644897,-0.2948,-13887,31256,12519,-8911,-28672
25952,9.77607,-0.14834,-0.00957031,-150.194,-87.9675,99.2505,0.488281,-3.479,3.11279,0.631104,-0.314301,-0.645386,-0.293701,-13887,28952,14311,-8911,-28672
25958,9.80957,-0.177051,0,-149.996,-87.951,99.1351,0.305176,-3.66211,2.99072,0.631287,-0.313995,-0.64563,-0.293152,-13887,28184,15591,-8911,-28672
25964,9.87178,-0.253613,0,-149.766,-87.9291,98.9868,0.732422,-3.479,3.17383,0.63147,-0.313629,-0.645874,-0.292572,-13631,27672,16871,-8911,-28672
25970,9.88613,-0.291895,-0.0287109,-149.606,-87.9126,98.9154,0.976562,-3.60107,2.62451,0.631653,-0.313263,-0.646149,-0.291992,-13375,27672,16871,-8911,-28672
25976,-91.4683,-8.91953,-16.4466,-174.424,-88.0884,124.03,54.6875,-13.9771,-182.19,0.631805,-0.312836,-0.646454,-0.291443,-13375,27416,16359,-8911,-28672
25982,9.70908,42.1955,22.7438,113.599,-88.0994,-163.647,84.5947,237,-394.775,0.631836,-0.29129,-0.649384,-0.306763,-14399,26648,13031,-8911,-28672
25988,23.4855,0.0239258,9.14443,90.8514,-87.9565,-141.96,-164.917,146.667,-60.791,0.632202,-0.293701,-0.643402,-0.316223,-17215,23832,10215,-8911,-28672
25994,20.0833,-12.1878,5.63691,117.757,-89.1156,-169.607,-88.0737,-73.9136,251.526,0.6315,-0.305847,-0.640289,-0.312317,-20799,19480,6375,-8911,-28672
26000,7.55576,-8.28311,3.04814,179.659,-88.9728,128.068,-23.3765,-120.972,155.518,0.629059,-0.314178,-0.640472,-0.308655,-24639,14360,3047,-8911,-28672
26006,1.02402,-1.40205,-2.77539,178.857,-87.7203,128.919,59.9976,-114.014,-38.3911,0.625427,-0.3172,-0.643585,-0.306427,-27199,10264,2023,-8911,-28672
26012,4.53154,4.45977,-4.35449,176.402,-87.4237,131.473,65.1245,-57.8613,-26.2451,0.620331,-0.316589,-0.649719,-0.304443,-30015,6168,2791,-8911,-28672
26018,10.4843,0.837402,-2.41172,179.615,-87.3523,128.238,47.4854,-12.3291,26.3672,0.62027,-0.317719,-0.649658,-0.303589,-31295,5656,4583,-8911,-28672
26024,12.116,-2.04805,-0.957031,-176.166,-87.3743,123.81,9.21631,7.38525,37.8418,0.620361,-0.319946,-0.648407,-0.303741,-32575,4632,6887,-8911,-28672
26030,11.0776,-1.90928,0.832617,-173.749,-87.4237,121.152,1.28174,14.5264,20.3247,0.620331,-0.321716,-0.647095,-0.304626,31425,4120,8935,-8911,-28672
26036,9.80957,-0.607715,1.01445,-176.385,-87.3798,123.217,-12.6953,-11.2305,-16.9678,0.619537,-0.323151,-0.646332,-0.306366,30401,4120,10471,-8911,-28672
26042,9.17793,1.61738,-0.512012,-177.462,-87.2919,124.03,-6.65283,-16.8457,-8.8501,0.616852,-0.325928,-0.645966,-0.309631,29121,5656,14311,-8911,-28672
26048,9.36455,0.77998,-0.435449,-176.594,-87.2205,122.915,0.488281,-12.3291,9.09424,0.615936,-0.327759,-0.645508,-0.310516,28865,5912,16359,-8911,-28672
26054,10.0249,-0.119629,-0.248828,-174.54,-87.171,120.613,2.2583,-7.01904,20.9351,0.615295,-0.329834,-0.644714,-0.311157,28609,5656,18663,-8911,-28672
26060,10.111,-0.401953,-0.435449,-172.678,-87.1326,118.504,1.89209,-5.18799,19.5312,0.614716,-0.331848,-0.64389,-0.311859,28609,5400,19943,-8911,-28672
26066,10.0201,-0.16748,-0.411523,-170.332,-87.0886,115.642,-1.09863,-0.183105,10.9253,0.614136,-0.33371,-0.643066,-0.312775,29121,4888,23527,-8911,-28672
26072,9.47461,0.153125,-0.172266,-169.371,-87.0886,114.423,-1.95312,2.74658,10.0098,0.613007,-0.337158,-0.641235,-0.315033,29377,4376,25575,-8911,-28672
26078,9.82871,0.31582,-0.172266,-168.162,-87.0996,112.95,-1.40381,5.06592,12.207,0.612549,-0.338898,-0.640198,-0.316162,29377,4632,27623,-8911,-28672
26084,9.5751,0.15791,-0.105273,-166.553,-87.1106,111.083,-0.12207,6.71387,15.8691,0.612213,-0.340698,-0.639038,-0.31723,29121,5400,29415,-8911,-28672
26090,9.57988,0.0239258,-0.129199,-164.575,-87.1161,108.842,0.427246,7.20215,19.5312,0.611938,-0.34259,-0.637817,-0.318176,28609,6168,29671,-8911,-28672
26096,9.86221,-0.0957031,-0.210547,-160.164,-87.1161,103.914,1.34277,8.23975,22.0337,0.611694,-0.344482,-0.636566,-0.319092,28097,8472,29671,-8911,-28672
26102,9.8,-0.205762,-0.062207,-157.89,-87.1161,101.371,0.183105,8.72803,22.2168,0.611237,-0.348358,-0.633942,-0.320953,28353,9752,28903,-8911,-28672
26108,9.77129,-0.205762,-0.0239258,-155.693,-87.1051,98.8989,-0.183105,8.54492,21.6064,0.610992,-0.350311,-0.632599,-0.32196,28865,10776,27623,-8911,-28672
26114,9.89092,-0.29668,0.0574219,-153.567,-87.0996,96.5094,0.12207,8.36182,20.9961,0.610748,-0.352234,-0.631287,-0.322937,29633,12312,26599,-8911,-28672
26120,10.0488,-0.406738,0,-151.573,-87.0831,94.2517,0.732422,7.32422,20.2026,0.610443,-0.354126,-0.630005,-0.323914,30913,14360,25831,-8911,-28672
26126,9.94834,-0.401953,0,-148.255,-87.0392,90.412,0.854492,5.24902,16.6016,0.610107,-0.355957,-0.628784,-0.324921,-30527,18456,24807,-8911,-28672
26132,9.87178,-0.421094,-0.0669922,-146.959,-87.0227,88.8629,0.671387,4.82178,14.0381,0.609314,-0.359436,-0.626495,-0.326996,-28735,20760,24039,-8911,-28672
26138,9.92441,-0.44502,-0.0574219,-145.953,-87.0117,87.5995,0.305176,4.21143,11.0474,0.608856,-0.361023,-0.625458,-0.328125,-27455,22552,22503,-8911,-28672
26144,9.85742,-0.435449,-0.0430664,-145.157,-87.0007,86.5558,0,3.78418,8.66699,0.608337,-0.362549,-0.624451,-0.329285,-26175,24600,21223,-8911,-28672
26150,9.91006,-0.430664,-0.0334961,-144.531,-87.0007,85.6879,-0.12207,3.72314,6.53076,0.607819,-0.363953,-0.623505,-0.330475,-24639,26136,19687,-8911,-28672
26156,10.001,-0.44502,-0.0143555,-143.965,-87.0117,84.6606,-0.427246,2.62451,1.34277,0.607269,-0.365265,-0.62265,-0.331665,-21567,29976,17639,-8911,-28672
26162,9.8335,-0.358887,0.0382813,-143.998,-87.0227,84.4794,-0.610352,1.89209,-0.854492,0.606079,-0.367554,-0.621155,-0.334106,-19519,31512,18151,-8911,-28672
26168,9.74258,-0.344531,0.0239258,-144.163,-87.0337,84.4354,-0.427246,0.854492,-1.89209,0.605469,-0.368591,-0.620514,-0.335266,-17727,32280,19431,-8911,-28672
26174,9.88135,-0.320605,-0.0239258,-144.426,-87.0502,84.5123,0,0.183105,-2.80762,0.604858,-0.369537,-0.619934,-0.336395,-15679,-32232,20455,-8911,-28672
26180,9.87178,-0.272754,-0.0669922,-144.8,-87.0612,84.7046,0.0610352,-0.12207,-4.02832,0.604248,-0.370392,-0.619415,-0.337494,-14143,-31976,22247,-8911,-28672
26186,9.78086,-0.253613,-0.090918,-145.668,-87.0941,85.2209,-0.488281,-0.427246,-4.69971,0.603668,-0.371185,-0.618927,-0.338562,-12863,-31208,25575,-8911,-28672
26192,9.77607,-0.181836,-0.119629,-146.107,-87.1106,85.4956,-0.854492,-0.305176,-4.69971,0.602509,-0.372711,-0.618011,-0.340607,-12863,-31208,26855,-8911,-28672
26198,9.73779,-0.15791,-0.0861328,-146.508,-87.1216,85.7373,-0.854492,0,-4.39453,0.601959,-0.373444,-0.617554,-0.341614,-12863,-30440,26855,-8911,-28672
26204,9.75693,-0.133984,-0.114844,-146.794,-87.1381,85.8691,-0.976562,0.610352,-3.41797,0.60144,-0.374146,-0.617096,-0.34256,-12863,-29160,25831,-8911,-28672
26210,9.74258,-0.110059,-0.0813477,-146.964,-87.1545,85.8801,-1.34277,1.09863,-2.31934,0.600983,-0.374908,-0.616577,-0.343475,-12863,-28392,24551,-8911,-28672
26216,9.68516,-0.0957031,-0.0478516,-146.805,-87.182,85.4077,-1.2207,2.68555,0.732422,0.600555,-0.375641,-0.616028,-0.344391,-11327,-26600,24295,-8911,-28672
26222,9.72822,-0.119629,-0.0574219,-146.453,-87.193,84.9078,-0.427246,3.17383,2.44141,0.599854,-0.377228,-0.614838,-0.346069,-9535,-26600,24039,-8911,-28672
26228,9.77607,-0.172266,-0.0669922,-145.942,-87.204,84.2487,-0.0610352,3.66211,3.90625,0.599548,-0.378052,-0.614166,-0.346832,-8255,-26600,23783,-8911,-28672
26234,9.90527,-0.191406,-0.0813477,-145.289,-87.2095,83.4412,0.305176,4.27246,5.18799,0.599274,-0.378906,-0.613464,-0.347595,-7487,-26088,22759,-8911,-28672
26240,9.77129,-0.220117,-0.0478516,-144.613,-87.2205,82.6172,0.183105,4.63867,5.12695,0.59903,-0.379761,-0.612762,-0.348358,-6719,-25320,22247,-8911,-28672
26246,9.8335,-0.272754,-0.0334961,-143.174,-87.2424,80.8813,0.793457,5.61523,4.94385,0.598816,-0.380585,-0.612061,-0.349091,-5951,-24040,23271,-8911,-28672
26252,9.8335,-0.267969,-0.0143555,-142.482,-87.2534,80.0464,1.09863,5.5542,4.39453,0.598389,-0.382111,-0.610657,-0.350586,-5439,-23528,24807,-8911,-28672
26258,9.82393,-0.287109,0.0478516,-141.806,-87.2644,79.2334,1.0376,5.12695,4.39453,0.598175,-0.382874,-0.609985,-0.351318,-4927,-22760,24807,-8911,-28672
26264,9.82871,-0.29668,0.0574219,-141.202,-87.2754,78.4918,0.732422,4.27246,4.21143,0.597931,-0.383606,-0.609344,-0.35199,-4671,-21992,24551,-8911,-28672
26270,9.87178,-0.363672,0.0382813,-140.713,-87.2809,77.8711,0.793457,3.23486,3.479,0.597687,-0.384308,-0.608765,-0.352661,-4671,-21736,23527,-8911,-28672
26276,9.82871,-0.387598,0.0526367,-140.015,-87.2919,76.9373,0.854492,1.77002,1.95312,0.597412,-0.384979,-0.608215,-0.353302,-4671,-21224,21479,-8911,-28672
26282,9.89092,-0.382812,0.0143555,-139.911,-87.2974,76.723,0.671387,1.2207,0.183105,0.596863,-0.386139,-0.60733,-0.354523,-4671,-21224,20967,-8911,-28672
26288,9.87656,-0.406738,0.0143555,-139.894,-87.3083,76.6022,0.305176,0.976562,-0.732422,0.596558,-0.386627,-0.606934,-0.355133,-4159,-21224,20711,-8911,-28672
26294,9.86221,-0.354102,0,-140.004,-87.3248,76.6077,0.0610352,0.793457,-2.19727,0.596252,-0.387085,-0.606598,-0.355774,-3647,-20712,21223,-8911,-28672
26300,9.79521,-0.311035,0.0191406,-140.24,-87.3413,76.745,-0.183105,0.549316,-3.54004,0.595917,-0.387482,-0.606293,-0.356415,-3391,-20456,21479,-8911,-28672
26306,9.80479,-0.291895,0.00478516,-140.944,-87.3798,77.2559,-1.34277,-0.0610352,-4.76074,0.595581,-0.387848,-0.606018,-0.357056,-4415,-19176,21223,-8911,-28672
26312,9.80957,-0.224902,-0.00957031,-141.405,-87.4017,77.6294,-1.46484,-0.427246,-5.37109,0.594849,-0.388519,-0.60556,-0.358337,-4671,-18920,21223,-8911,-28672
26318,9.77607,-0.200977,-0.0239258,-141.795,-87.4182,77.9315,-1.89209,-0.366211,-4.5166,0.594513,-0.388855,-0.605316,-0.358917,-4927,-18152,20455,-8911,-28672
26324,9.75215,-0.15791,-0.00478516,-142.207,-87.4347,78.2501,-2.38037,-0.549316,-4.5166,0.594147,-0.389191,-0.605072,-0.359528,-4671,-17896,19431,-8911,-28672
26330,9.75693,-0.16748,-0.0143555,-142.553,-87.4512,78.5083,-2.50244,-0.671387,-3.66211,0.593811,-0.389557,-0.604858,-0.360107,-3647,-17384,18151,-8911,-28672
26336,9.74258,-0.215332,0,-143.157,-87.4677,78.9368,-3.23486,-1.2207,-2.44141,0.593475,-0.389923,-0.604614,-0.360657,-3903,-17640,16871,-8911,-28672
26342,9.80479,-0.191406,0.0957031,-143.432,-87.4731,79.129,-3.23486,-1.64795,-2.0752,0.592834,-0.390686,-0.604156,-0.361633,-4159,-18152,17383,-8911,-28672
26348,9.78086,-0.172266,0.0861328,-143.729,-87.4677,79.3488,-3.2959,-3.05176,-1.28174,0.592529,-0.391052,-0.603973,-0.36203,-4671,-18664,17895,-8911,-28672
26354,9.78564,-0.215332,0.0717773,-144.02,-87.4567,79.5795,-2.99072,-4.27246,-0.488281,0.592224,-0.391449,-0.603851,-0.362335,-5695,-18664,17895,-8911,-28672
26360,9.8335,-0.210547,0.0478516,-144.382,-87.4457,79.8871,-2.31934,-5.12695,-0.671387,0.591919,-0.391754,-0.60379,-0.362579,-5951,-19432,17639,-8911,-28672
26366,9.82393,-0.229688,0.0287109,-145.124,-87.4072,80.5463,-1.28174,-6.28662,-0.305176,0.59137,-0.392303,-0.60379,-0.362885,-6463,-21224,16359,-8911,-28672
26372,9.83828,-0.258398,-0.0334961,-145.519,-87.3853,80.9088,-1.28174,-6.53076,-0.427246,0.591125,-0.392548,-0.603821,-0.362976,-6975,-21992,14055,-8911,-28672
26378,9.78086,-0.291895,-0.0382813,-145.898,-87.3688,81.2659,-1.28174,-6.71387,-0.244141,0.590881,-0.392792,-0.603882,-0.363037,-7231,-22760,12775,-8911,-28672
26384,9.85742,-0.344531,-0.124414,-146.343,-87.3468,81.6888,-1.2207,-6.65283,-1.09863,0.590637,-0.392944,-0.603973,-0.363098,-7487,-22760,10471,-8911,-28672
26390,9.83828,-0.30625,-0.100488,-146.816,-87.3303,82.1338,-1.34277,-6.22559,-1.77002,0.590424,-0.393097,-0.604034,-0.363159,-7487,-23016,8679,-8911,-28672
26396,9.8,-0.277539,-0.14834,-147.876,-87.3193,83.139,-2.56348,-4.63867,-3.66211,0.589935,-0.393341,-0.604156,-0.363495,-6719,-23528,9447,-8911,-28672
26402,9.80479,-0.277539,-0.263184,-148.354,-87.3193,83.584,-3.54004,-3.54004,-3.60107,0.589691,-0.393463,-0.604156,-0.363739,-6207,-23272,11495,-8911,-28672
26408,9.8,-0.267969,-0.334961,-148.799,-87.3248,83.9795,-5.00488,-2.19727,-3.90625,0.589417,-0.393646,-0.604095,-0.364075,-6207,-23528,13799,-8911,-28672
26414,9.81436,-0.239258,-0.358887,-149.139,-87.3358,84.2487,-6.95801,0,-3.90625,0.589172,-0.39389,-0.603912,-0.364563,-6463,-23272,16103,-8911,-28672
26420,9.76172,-0.248828,-0.358887,-149.332,-87.3633,84.353,-9.8877,2.38037,-3.54004,0.588898,-0.394226,-0.603577,-0.365204,-6207,-23784,17895,-8911,-28672
26426,9.69951,-0.229688,-0.325391,-149.332,-87.4457,84.0948,-15.7471,7.62939,-3.05176,0.588318,-0.395111,-0.602478,-0.366974,-5951,-24296,20711,-8911,-28672
26432,9.75215,-0.177051,-0.196191,-149.09,-87.4951,83.6884,-17.9443,9.70459,-2.74658,0.588013,-0.395721,-0.601715,-0.368073,-6207,-24552,22247,-8911,-28672
26438,9.77607,-0.0765625,-0.14834,-148.694,-87.5555,83.1171,-19.4092,11.4136,-2.31934,0.587708,-0.396362,-0.600861,-0.369232,-6719,-24808,24551,-8911,-28672
26444,9.73779,-0.062207,-0.0334961,-148.156,-87.616,82.392,-20.3247,12.6343,-1.77002,0.587402,-0.397064,-0.599945,-0.370514,-7487,-25064,27879,-8911,-28672
26450,9.75215,-0.0574219,-0.0526367,-147.426,-87.6764,81.4691,-20.1416,13.1226,-0.488281,0.587097,-0.397827,-0.598938,-0.371765,-7999,-24808,29927,-8911,-28672
26456,9.76172,-0.13877,0.0239258,-145.399,-87.7917,79.0411,-19.2261,14.0991,1.58691,0.586548,-0.399445,-0.596832,-0.374268,-10047,-23272,31719,-8911,-28672
26462,9.79043,-0.124414,0.229688,-144.201,-87.8467,77.6404,-19.043,13.6108,2.19727,0.586243,-0.40033,-0.595734,-0.375549,-10815,-22504,31463,-8911,-28672
26468,9.79043,-0.14834,0.282324,-142.954,-87.8961,76.1902,-18.1274,13.0005,2.56348,0.585968,-0.401215,-0.594666,-0.37674,-12095,-22504,31975,-8911,-28672
26474,9.79043,-0.196191,0.287109,-141.68,-87.9346,74.729,-15.625,11.7188,3.17383,0.585724,-0.402008,-0.593658,-0.377838,-13375,-23016,32231,-8911,-28672
26480,9.84785,-0.282324,0.416309,-140.466,-87.9675,73.3557,-12.8174,10.0098,3.35693,0.58551,-0.40274,-0.592773,-0.378784,-13887,-23784,32743,-8911,-28672
26486,9.93877,-0.387598,0.320605,-138.823,-88.0115,71.4825,-5.7373,5.31006,1.2207,0.585144,-0.403778,-0.591553,-0.380127,-14143,-25832,32231,-8911,-28672
26492,9.90527,-0.378027,0.234473,-138.488,-88.0334,71.0815,-2.2583,3.60107,-0.610352,0.585022,-0.404022,-0.591217,-0.380585,-13631,-26600,31719,-8911,-28672
26498,9.8957,-0.325391,0.14834,-138.593,-88.0554,71.1255,-0.488281,1.77002,-3.17383,0.584869,-0.404175,-0.591034,-0.380981,-13887,-26856,32231,-8911,-28672
26504,9.84785,-0.320605,0.0861328,-139.032,-88.0774,71.5265,0.183105,0.366211,-5.06592,0.584656,-0.404266,-0.590912,-0.381378,-13375,-27368,-32537,-8911,-28672
26510,9.86221,-0.330176,0.0430664,-139.719,-88.0994,72.1692,-0.183105,-0.427246,-8.05664,0.584412,-0.404297,-0.590851,-0.381775,-12863,-27624,-32025,-8911,-28672
26516,9.8335,-0.234473,0.0526367,-141.702,-88.1543,74.0533,-0.854492,-0.854492,-9.21631,0.583832,-0.404358,-0.59082,-0.382721,-11583,-27368,-30489,-8911,-28672
26522,9.72822,-0.181836,0.0957031,-142.96,-88.1873,75.2563,-1.64795,-1.2207,-9.94873,0.583496,-0.404358,-0.59082,-0.38324,-10815,-26344,-29209,-8911,-28672
26528,9.86699,-0.177051,0.0478516,-144.36,-88.2092,76.6077,-2.62451,-1.83105,-10.3149,0.583099,-0.404388,-0.59082,-0.383759,-10559,-25064,-28953,-8911,-28672
26534,9.74736,-0.124414,0.0574219,-145.811,-88.2367,77.9974,-3.23486,-1.89209,-10.3149,0.582733,-0.404449,-0.59082,-0.384277,-9791,-24808,-27929,-8911,-28672
26540,9.72822,-0.0334961,0.0669922,-147.288,-88.2587,79.4202,-3.78418,-2.38037,-9.0332,0.582336,-0.40448,-0.59082,-0.384827,-9791,-24552,-26137,-8911,-28672
26546,9.68516,0.090918,0.15791,-149.87,-88.2861,81.9031,-3.60107,-2.80762,-7.26318,0.581635,-0.404663,-0.59082,-0.385681,-10047,-24040,-24345,-8911,-28672
26552,9.69473,0.110059,0.153125,-150.743,-88.2916,82.7435,-2.62451,-3.17383,-4.82178,0.58139,-0.404755,-0.590851,-0.385956,-10559,-24808,-21785,-8911,-28672
26558,9.7043,0.0957031,0.162695,-151.276,-88.2861,83.2599,-1.89209,-3.66211,-2.2583,0.581207,-0.404846,-0.590881,-0.386047,-11327,-25576,-19481,-8911,-28672
26564,9.68037,0.0334961,0.129199,-151.436,-88.2697,83.4137,-1.09863,-4.5166,0.732422,0.581116,-0.404938,-0.590942,-0.385986,-11839,-27112,-17689,-8911,-28672
26570,9.71865,-0.00957031,0.090918,-151.287,-88.2422,83.2764,0.183105,-5.31006,5.31006,0.581116,-0.404999,-0.591034,-0.385773,-11839,-28648,-17689,-8911,-28672
26576,9.75215,-0.124414,0.0430664,-150.293,-88.1818,82.3425,0.244141,-5.24902,6.22559,0.581299,-0.405121,-0.591248,-0.38504,-11071,-30696,-18713,-8911,-28672
26582,9.78564,-0.16748,0.0382813,-149.612,-88.1433,81.6998,-0.12207,-5.12695,7.26318,0.581451,-0.405182,-0.59137,-0.384583,-10815,-30696,-19737,-8911,-28672
26588,9.82871,-0.248828,0.0334961,-148.931,-88.1104,81.0681,0.488281,-4.88281,7.26318,0.581665,-0.405182,-0.591492,-0.384064,-10559,-30440,-20505,-8911,-28672
26594,9.8335,-0.239258,0.0669922,-148.332,-88.0774,80.5188,0.488281,-4.5166,6.5918,0.581848,-0.405151,-0.591644,-0.383575,-10815,-29416,-19225,-8911,-28672
26600,9.84785,-0.239258,0.0143555,-147.838,-88.0499,80.0793,1.2207,-4.08936,5.00488,0.582062,-0.40506,-0.591827,-0.383087,-11071,-28648,-18713,-8911,-28672
26606,9.86221,-0.272754,-0.062207,-147.107,-88.0005,79.4641,1.15967,-3.78418,4.15039,0.582458,-0.404816,-0.592194,-0.382172,-11071,-27880,-14873,-8911,-28672
26612,9.82393,-0.31582,-0.0574219,-146.876,-87.984,79.2883,0.915527,-3.2959,3.17383,0.582642,-0.404663,-0.592377,-0.381775,-11583,-28648,-14105,-8911,-28672
26618,9.83828,-0.291895,-0.0765625,-146.722,-87.9675,79.1785,0.732422,-2.80762,2.2583,0.582794,-0.40451,-0.59256,-0.381439,-11583,-28904,-14361,-8911,-28672
26624,9.8335,-0.267969,-0.0765625,-146.651,-87.962,79.151,0.488281,-1.70898,0.854492,0.582916,-0.404327,-0.592682,-0.381226,-12095,-29160,-15641,-8911,-28672
26630,9.80957,-0.239258,-0.0382813,-146.673,-87.973,79.2334,-0.244141,-0.244141,-0.732422,0.583038,-0.404144,-0.592804,-0.381073,-12863,-28392,-18201,-8911,-28672
26636,9.81914,-0.229688,-0.00478516,-146.744,-87.9785,79.3268,-0.488281,0.183105,-1.52588,0.583221,-0.403778,-0.592957,-0.38089,-13375,-26088,-21529,-8911,-28672
26642,9.80957,-0.181836,0,-146.876,-87.9895,79.4806,-0.732422,0.305176,-2.0752,0.583313,-0.403595,-0.593048,-0.380859,-13375,-25064,-22041,-8911,-28672
26648,9.81914,-0.172266,-0.00478516,-147.079,-88.006,79.7058,-0.976562,0.183105,-2.56348,0.583344,-0.403412,-0.593109,-0.380829,-13375,-24808,-21273,-8911,-28672
26654,9.82871,-0.181836,0,-147.283,-88.017,79.92,-1.0376,0.244141,-2.56348,0.583405,-0.403259,-0.593201,-0.380829,-13375,-25320,-19737,-8911,-28672
26660,9.81914,-0.143555,0.0143555,-147.519,-88.028,80.1782,-1.46484,0,-2.74658,0.583435,-0.403076,-0.593262,-0.380859,-12863,-25832,-16153,-8911,-28672
26666,9.7665,-0.14834,0.0143555,-148.019,-88.0499,80.7001,-1.77002,-0.305176,-2.50244,0.583466,-0.402802,-0.593384,-0.38089,-12863,-26600,-11545,-8911,-28672
26672,9.8,-0.177051,-0.0430664,-148.2,-88.0554,80.8923,-2.50244,-0.427246,-1.83105,0.583496,-0.40271,-0.593445,-0.38092,-13119,-26600,-8985,-8911,-28672
26678,9.79521,-0.162695,-0.0239258,-148.392,-88.0664,81.0846,-2.62451,-0.366211,-1.89209,0.583496,-0.402618,-0.593475,-0.380951,-14399,-26856,-6681,-8911,-28672
26684,9.80957,-0.191406,-0.0191406,-148.557,-88.0719,81.2494,-2.86865,0.0610352,-1.95312,0.583496,-0.402527,-0.593475,-0.381012,-15167,-27112,-5913,-8911,-28672
26690,9.78564,-0.14834,-0.0287109,-148.914,-88.0994,81.5955,-3.479,0.732422,-2.50244,0.583466,-0.402466,-0.593475,-0.381104,-15935,-28136,-5913,-8911,-28672
26696,9.8,-0.0861328,0.0430664,-149.024,-88.1104,81.7053,-3.41797,0.671387,-1.83105,0.583435,-0.402374,-0.593445,-0.381317,-17215,-29672,-7193,-8911,-28672
26702,9.77607,-0.119629,0.0239258,-149.03,-88.1158,81.7108,-3.11279,0.549316,-0.915527,0.583466,-0.402344,-0.593414,-0.381378,-18239,-29672,-7449,-8911,-28672
26714,9.87656,-0.229688,-0.0239258,-148.92,-88.1378,81.601,-2.13623,0.732422,-0.549316,0.583527,-0.402252,-0.593323,-0.38147,-19263,-29416,-7705,-8911,-28672
26720,9.92441,-0.215332,-0.0334961,-149.024,-88.1653,81.7053,-0.854492,2.01416,-2.50244,0.583557,-0.402161,-0.593323,-0.381531,-20287,-29416,-6681,-8911,-28672
26726,9.73779,-0.14834,0.0191406,-149.172,-88.1873,81.8481,-0.976562,2.0752,-2.92969,0.583618,-0.401947,-0.593231,-0.381805,-20799,-29672,-5401,-8911,-28672
26732,9.79043,-0.133984,0.00478516,-149.365,-88.2092,82.0349,-0.915527,2.0752,-3.23486,0.583618,-0.401825,-0.593201,-0.381958,-21311,-29672,-3353,-8911,-28672
26738,9.85264,-0.15791,-0.00957031,-149.524,-88.2312,82.1887,-0.549316,2.44141,-3.17383,0.583649,-0.401733,-0.59314,-0.382111,-21567,-29672,-2073,-8911,-28672
26744,9.8,-0.0957031,0.0239258,-149.65,-88.2532,82.3096,-0.183105,2.74658,-3.11279,0.583679,-0.401611,-0.593079,-0.382294,-21823,-29672,-1305,-8911,-28672
26750,9.79043,-0.110059,0.0287109,-149.908,-88.3026,82.5458,-0.488281,2.44141,-2.62451,0.583679,-0.40152,-0.593018,-0.382477,-22335,-29928,-1817,-8911,-28672
26756,9.82871,-0.119629,-0.00957031,-149.947,-88.3246,82.5732,-0.488281,2.80762,-2.44141,0.58371,-0.401398,-0.592834,-0.382874,-23359,-31720,-2841,-8911,-28672
26762,9.84785,-0.105273,0,-149.941,-88.3466,82.5513,-0.427246,3.17383,-2.31934,0.58371,-0.401367,-0.592712,-0.383087,-23359,-31976,-3353,-8911,-28672
26768,9.80479,-0.129199,0,-149.941,-88.3685,82.5293,-0.366211,3.23486,-2.38037,0.58371,-0.401337,-0.59259,-0.383301,-23615,-31976,-3353,-8911,-28672
26774,9.81914,-0.114844,0.0143555,-149.919,-88.3905,82.4854,-0.549316,3.2959,-2.2583,0.58371,-0.401337,-0.592438,-0.383575,-23615,-31720,-4633,-8911,-28672
26780,9.77129,-0.110059,0.0334961,-149.886,-88.4399,82.3975,-0.671387,3.2959,-2.2583,0.583679,-0.401337,-0.592285,-0.38385,-23359,-30440,-5657,-8911,-28672
26786,9.78086,-0.100488,0.0574219,-149.744,-88.4619,82.2217,-0.671387,3.2959,-1.46484,0.583618,-0.401428,-0.591919,-0.384399,-23615,-29928,-5657,-8911,-28672
26792,9.73301,-0.0478516,0.0861328,-149.573,-88.4839,82.0184,-0.793457,3.23486,-1.28174,0.583588,-0.401489,-0.591736,-0.384644,-24127,-29928,-4633,-8911,-28672
26798,9.76172,-0.0430664,0.0765625,-149.332,-88.5004,81.7493,-0.671387,2.68555,-0.549316,0.583588,-0.40155,-0.591553,-0.384888,-23871,-30696,-3865,-8911,-28672
26804,9.79521,-0.0334961,0.129199,-148.958,-88.5114,81.3483,-0.305176,2.13623,0.549316,0.583588,-0.401642,-0.59137,-0.38504,-23103,-31208,-3353,-8911,-28672
26810,9.75215,-0.0765625,0.0669922,-148.151,-88.5223,80.5133,0.183105,0.976562,1.64795,0.583588,-0.401703,-0.591248,-0.385162,-22847,-31720,-4121,-8911,-28672
26816,9.76172,-0.0526367,0.124414,-147.634,-88.5223,79.9915,0.305176,0.12207,2.56348,0.583679,-0.401855,-0.591034,-0.385193,-22591,32536,-4889,-8911,-28672
26822,9.79043,-0.090918,0.133984,-147.09,-88.5114,79.4531,0.732422,-0.732422,3.2959,0.583771,-0.401917,-0.591003,-0.385071,-23103,32024,-5657,-8911,-28672
26828,9.80479,-0.124414,0.100488,-146.519,-88.5004,78.8983,0.671387,-1.40381,3.90625,0.583862,-0.401917,-0.591003,-0.384888,-23615,31512,-5913,-8911,-28672
26834,9.81914,-0.14834,0.0765625,-146.041,-88.4839,78.4479,0.854492,-2.44141,4.02832,0.583984,-0.401917,-0.591064,-0.384613,-23871,31512,-6681,-8911,-28672
26840,9.81436,-0.153125,0.0765625,-145.294,-88.4399,77.7722,1.09863,-3.479,3.84521,0.584106,-0.401917,-0.591156,-0.384308,-23359,32536,-8729,-8911,-28672
26846,9.85264,-0.186621,0.0430664,-144.992,-88.4125,77.514,0.915527,-3.96729,4.08936,0.584381,-0.401764,-0.591461,-0.383575,-22847,32536,-8985,-8911,-28672
26852,9.85264,-0.210547,0.0239258,-144.86,-88.3905,77.4261,0.854492,-4.39453,3.2959,0.584503,-0.401672,-0.591644,-0.383209,-22591,-32488,-7961,-8911,-28672
26858,9.86221,-0.244043,0.00957031,-144.816,-88.3685,77.4316,0.854492,-4.45557,2.68555,0.584625,-0.40155,-0.591858,-0.382812,-22591,-31720,-6937,-8911,-28672
26864,9.82871,-0.234473,0,-144.959,-88.3521,77.6294,0.793457,-4.57764,1.46484,0.584717,-0.401398,-0.592102,-0.382477,-22847,-30952,-6681,-8911,-28672
