Timestamp,Point0,Point1,Point2,Point3,Point4,Point5,Point6,Point7,Point8,Point9,Point10,Point11,Point12,Point13,Point14,Point15,Point16,Point17,Point18,Point19,Point20,Point21,Point22,Point23,Point24,Point25,Point26,Point27,Point28,Point29,Point30,Point31,Point32,Point33,Point34,Point35,Point36,Point37,Point38,Point39,Point40,Point41,Point42,Point43,Point44,
15352,60,0,22,16,0,3,61,171,245,191,87,8,6,3,8,10,1,2,3,11,1,2,4,4,33,1,3,3,4,0,17,0,2,16,4,0,0,1,4,4,0,1,3,4,0,
15368,60,0,24,16,0,3,61,170,244,191,87,9,2,2,8,11,1,2,4,10,1,2,2,4,34,0,3,3,4,0,19,1,1,17,4,0,0,2,4,4,0,1,3,4,0,
15384,61,1,23,18,0,3,61,170,244,191,87,8,3,3,8,11,1,3,4,11,1,2,3,4,34,0,2,2,4,0,20,4,1,16,4,0,0,2,6,4,0,1,3,4,0,
15400,61,0,23,16,0,2,61,174,243,190,86,9,2,3,8,10,1,2,4,12,1,2,3,4,33,0,2,3,4,1,20,1,1,16,4,0,1,1,4,4,0,1,2,4,0,
15416,60,0,23,18,0,3,61,170,243,191,86,9,3,3,8,11,1,2,4,11,1,2,3,4,34,1,2,3,4,0,20,0,1,16,4,0,0,1,4,4,0,1,3,4,0,
15432,62,0,23,17,0,3,61,170,243,191,87,10,2,3,8,9,2,2,4,11,1,2,3,4,33,1,2,3,4,0,21,0,3,17,4,0,0,2,4,4,0,1,3,4,1,
15448,59,0,24,16,0,3,61,169,244,191,86,8,2,3,8,9,1,2,3,12,0,4,3,4,33,0,2,3,3,0,19,0,2,16,4,0,0,2,4,4,0,1,3,4,0,
15464,61,0,22,17,0,3,61,170,244,191,86,9,2,3,8,11,1,2,3,12,1,2,3,4,35,0,3,3,4,0,20,0,1,18,4,0,2,3,4,4,0,1,3,4,0,
15480,60,0,23,16,0,3,61,170,245,192,87,9,3,3,8,12,1,2,4,11,1,3,4,4,33,0,4,3,4,0,20,0,1,17,4,0,0,2,4,4,0,1,3,4,0,
15496,60,0,24,16,0,3,60,171,244,191,87,9,3,4,8,11,1,3,4,12,1,2,3,4,33,0,3,3,4,0,20,0,1,16,4,0,0,1,4,5,0,1,3,4,0,
15512,60,0,23,16,0,3,61,170,245,191,87,16,3,3,8,9,1,2,3,11,1,2,3,4,33,1,2,3,4,0,17,0,1,16,4,4,0,1,4,4,0,2,2,4,0,
15528,61,0,23,16,0,3,61,171,245,191,87,9,3,3,8,9,1,2,3,11,1,2,3,4,34,1,2,3,4,0,20,0,2,17,4,0,0,1,4,4,0,3,2,4,0,
15544,61,0,23,17,0,3,60,173,244,191,87,9,2,3,8,9,1,3,4,11,0,4,3,4,33,0,2,2,4,0,20,0,2,16,4,0,0,1,4,4,0,1,3,4,0,
15560,61,0,25,16,0,3,61,171,245,191,87,9,3,3,8,10,1,2,4,12,1,3,3,4,34,1,3,3,4,0,19,0,1,16,4,0,0,1,3,4,0,2,3,4,0,
15576,61,1,23,16,0,3,61,172,244,191,87,11,3,3,7,9,1,2,3,12,1,2,3,4,34,4,2,3,4,0,18,0,1,16,4,0,0,1,4,4,0,2,3,4,0,
15592,61,0,23,18,0,3,61,170,245,192,87,8,2,3,8,9,1,2,3,11,1,2,3,4,34,0,2,3,4,0,17,0,1,17,4,0,0,1,4,4,0,1,3,4,0,
15608,61,0,23,16,0,3,60,170,246,192,87,8,2,3,8,10,1,3,4,10,1,3,3,4,34,0,2,3,4,1,20,0,1,16,4,0,0,1,4,4,0,1,3,4,0,
15624,61,0,22,16,0,4,61,170,246,193,87,9,3,3,8,11,1,3,3,11,0,1,3,4,34,1,2,3,4,0,20,4,1,16,4,0,0,1,4,4,0,1,3,4,1,
15640,62,1,22,16,0,3,61,171,248,193,87,9,3,3,8,10,1,2,4,11,1,2,3,4,35,1,2,3,4,0,20,0,1,16,4,0,0,1,4,4,0,1,2,5,0,
15656,61,0,23,18,0,3,61,171,248,193,87,9,2,3,8,11,2,3,4,12,1,2,4,3,33,1,2,3,4,0,19,0,1,16,4,1,0,1,3,4,0,2,3,4,0,
15672,61,0,22,16,0,3,62,174,248,193,87,8,1,4,8,10,1,2,3,11,1,3,3,4,34,1,2,2,4,0,20,1,1,16,4,0,1,1,4,4,0,1,3,6,0,
15688,61,0,22,16,0,2,59,172,249,194,89,9,2,3,8,9,1,2,3,11,1,1,3,4,34,1,2,3,4,0,19,1,1,16,4,0,1,1,4,4,0,2,3,4,0,
15704,62,0,21,19,0,3,62,171,250,194,87,9,3,3,9,10,1,2,3,12,1,2,3,4,34,2,2,3,4,0,19,0,2,15,4,0,0,1,4,3,0,1,3,4,0,
15720,62,0,22,16,0,3,62,172,251,194,87,9,3,3,8,10,1,3,4,14,1,2,3,4,36,1,2,2,7,0,20,0,1,14,3,0,1,1,4,4,0,1,3,4,0,
15736,62,0,22,17,0,4,62,170,252,195,87,9,3,3,8,10,1,2,4,12,1,2,3,4,37,1,2,3,4,0,20,1,1,15,5,0,1,1,4,4,0,1,3,4,0,
15752,64,0,21,16,0,3,62,170,253,195,86,16,3,3,8,11,1,2,3,13,1,3,3,4,37,0,2,3,4,0,16,0,1,15,4,1,0,1,4,4,0,1,3,4,0,
15768,62,0,22,18,0,4,62,171,255,197,85,9,3,3,8,11,1,3,3,14,1,3,3,4,38,0,2,2,9,0,20,0,1,16,4,0,0,2,4,4,0,1,2,4,0,
15784,65,0,22,18,0,4,64,173,258,196,85,9,2,3,8,10,1,3,4,13,1,2,3,4,38,1,2,3,4,0,22,0,1,16,4,0,0,3,4,4,0,1,3,4,0,
15800,62,0,21,19,0,4,64,174,260,197,86,10,1,3,8,11,1,2,4,13,1,3,3,4,38,0,2,3,4,0,20,0,1,16,4,1,1,1,4,4,0,1,3,4,0,
15816,66,0,21,20,0,4,64,172,260,197,87,10,2,4,7,11,1,3,4,14,1,2,3,4,37,0,2,3,4,0,20,0,4,16,4,0,0,1,4,4,0,1,3,4,0,
15832,67,0,21,18,0,4,65,171,261,198,87,9,2,3,7,10,1,2,4,13,0,2,3,5,37,0,2,4,4,0,18,0,0,16,4,0,0,1,4,4,0,2,3,4,0,
15848,68,0,23,19,0,4,66,173,261,198,88,9,3,2,8,11,3,1,4,15,1,2,4,4,36,1,1,3,4,0,20,0,1,16,4,0,1,2,4,4,0,2,3,4,0,
15864,75,0,23,20,0,6,67,174,265,200,91,9,3,3,8,11,1,2,4,14,0,2,3,4,37,0,2,3,4,0,20,0,2,19,4,0,1,1,4,4,0,1,3,4,0,
15880,73,0,24,22,0,6,69,172,269,202,91,9,2,3,4,11,1,2,3,14,1,2,3,4,34,1,2,3,4,0,18,0,1,16,4,0,0,2,4,5,0,1,3,4,0,
15896,78,0,26,20,1,8,71,172,273,213,94,9,3,3,8,10,3,2,4,14,1,3,3,4,36,0,2,3,4,0,20,0,0,16,4,0,0,1,4,4,0,1,3,4,0,
15912,80,1,29,17,4,9,75,170,276,218,96,8,3,0,7,10,1,2,4,14,1,2,4,4,34,1,2,3,4,0,20,0,2,16,4,0,1,1,4,4,0,2,3,4,0,
15928,83,1,35,18,8,12,81,172,274,222,97,9,3,3,7,8,1,4,4,15,1,2,3,3,35,0,2,6,4,0,18,0,2,16,4,0,1,1,4,4,0,1,3,4,0,
15944,91,0,38,19,8,17,83,175,278,226,97,10,2,3,7,12,1,3,3,14,0,3,4,4,33,1,2,6,4,1,17,1,1,14,4,0,0,1,4,4,0,1,3,4,0,
15960,100,1,44,20,10,14,83,174,277,231,95,9,2,3,7,9,1,2,3,14,1,3,3,4,32,7,3,7,4,1,18,0,2,12,4,0,0,2,4,4,0,1,3,4,0,
15976,103,0,50,19,12,16,85,174,277,235,99,9,3,3,8,9,1,3,4,14,1,1,3,4,31,0,2,8,4,0,16,1,1,11,4,0,1,2,5,4,0,1,3,4,0,
15992,107,1,53,19,12,19,87,174,278,235,100,8,2,3,7,8,1,2,4,14,1,3,3,4,31,0,4,8,3,0,16,3,2,10,4,0,0,1,4,4,0,2,3,4,0,
16008,110,1,58,19,15,22,87,175,284,238,99,9,2,3,7,9,1,3,4,15,1,0,3,4,32,0,3,8,4,0,16,0,1,9,4,0,0,1,4,4,0,1,4,4,0,
16024,115,4,61,20,17,25,90,176,283,240,100,10,3,3,6,8,1,2,4,14,1,2,4,4,33,0,1,8,4,1,16,0,1,9,4,0,0,1,4,4,0,0,3,4,0,
16040,117,21,62,21,19,27,93,178,288,240,100,9,3,3,6,7,1,2,3,15,1,2,4,4,33,1,2,8,4,0,16,0,1,5,4,0,0,1,4,4,0,2,3,4,0,
16056,119,39,59,23,21,31,92,174,287,241,99,9,3,3,6,8,1,3,4,14,1,2,4,4,32,0,2,8,3,0,17,0,2,9,4,0,1,2,4,4,0,3,3,4,0,
16072,120,44,58,24,22,34,93,179,287,241,99,9,2,3,6,8,2,2,4,15,1,2,3,4,33,0,2,8,4,0,16,0,1,9,4,0,0,1,4,4,1,1,3,4,0,
16088,126,51,60,22,22,37,95,178,291,243,99,9,3,3,6,9,1,3,4,16,0,3,3,4,33,1,3,8,4,0,16,0,2,10,4,0,0,2,4,4,0,2,3,4,0,
16104,133,59,58,24,24,38,97,181,297,245,99,10,3,3,6,9,1,2,4,16,1,3,3,4,34,0,1,8,4,0,16,0,1,9,4,0,0,1,4,4,0,1,3,4,0,
16120,138,63,58,24,24,41,98,186,298,244,99,8,2,4,5,10,2,2,4,16,1,2,3,4,34,1,2,8,4,0,17,1,1,9,4,0,1,1,4,3,0,2,3,4,0,
16136,140,66,58,23,25,43,100,188,294,245,103,9,4,3,4,9,1,3,3,16,1,2,3,4,33,0,2,9,4,0,16,0,2,9,4,0,0,2,4,4,2,1,3,4,0,
16152,145,71,61,23,25,43,103,191,298,245,105,10,3,3,4,10,2,2,3,16,1,2,3,4,33,1,1,9,4,0,18,0,2,9,4,0,1,1,4,4,0,1,3,4,0,
16168,148,74,62,23,28,43,106,194,297,251,103,10,2,3,4,10,1,3,3,16,1,3,3,4,33,1,2,8,4,0,15,0,1,9,4,0,0,2,4,4,0,1,3,4,0,
16184,145,84,60,26,29,45,113,192,300,248,106,10,3,3,4,8,2,2,4,16,1,3,3,4,32,1,1,8,4,0,15,0,1,10,4,0,0,1,4,4,1,1,3,4,0,
16200,147,94,64,25,32,48,119,194,299,249,105,9,2,3,4,8,1,3,4,16,1,3,4,4,33,0,1,9,4,0,16,0,1,9,4,0,1,0,4,4,0,1,3,4,1,
16216,149,106,65,25,37,53,123,195,304,252,107,9,3,3,4,8,2,2,3,16,1,2,3,4,33,0,1,9,4,0,14,0,2,8,4,0,0,2,4,4,0,2,3,4,0,
16232,159,118,69,25,40,58,125,194,302,255,107,8,3,2,5,8,1,2,4,16,1,2,3,4,33,1,2,8,5,0,14,0,1,8,4,0,1,1,4,3,0,1,3,4,0,
16248,160,127,71,28,42,60,127,195,300,259,111,11,2,2,5,9,1,4,3,16,1,2,3,4,33,1,2,9,10,0,14,0,1,9,4,0,0,1,8,4,1,2,3,4,0,
16264,165,136,73,29,45,64,133,199,304,257,111,9,3,3,6,8,3,2,3,16,2,3,3,4,32,1,2,9,12,0,13,0,1,8,4,0,0,1,4,4,0,1,3,4,0,
16280,183,147,71,33,51,65,140,198,304,264,111,8,3,3,6,8,2,2,4,16,1,2,4,4,30,1,2,9,13,0,13,1,1,8,4,0,0,1,4,4,0,2,3,4,0,
16296,183,148,74,34,58,66,140,202,306,266,112,9,2,3,6,8,1,3,4,16,1,2,4,4,27,1,2,8,13,0,12,0,1,8,4,0,0,2,4,4,0,1,2,4,0,
16312,185,150,73,33,62,69,143,202,308,267,115,9,3,2,6,9,1,2,4,16,1,3,3,3,28,1,1,9,13,0,12,0,4,8,4,0,0,2,4,4,0,2,3,4,0,
16328,199,157,77,37,69,73,149,211,307,273,118,10,3,3,4,8,1,2,3,16,1,2,3,4,29,1,2,9,14,0,12,0,1,8,4,0,0,1,4,4,0,2,3,4,0,
16344,207,172,78,41,78,75,156,214,314,277,120,9,2,3,5,9,2,2,3,16,1,3,2,4,29,0,3,10,15,0,12,0,1,8,4,0,1,1,4,4,0,1,3,4,1,
16360,222,182,73,45,84,78,170,217,309,291,122,10,4,3,4,9,1,2,4,17,1,3,3,4,29,0,2,10,14,0,12,1,1,9,4,0,0,1,4,4,0,1,3,4,0,
16376,242,206,67,46,94,90,191,228,325,306,123,8,3,3,6,8,2,2,3,21,1,2,3,4,33,1,2,11,12,0,13,0,2,8,4,0,0,1,4,4,1,1,3,4,0,
16392,265,239,85,55,110,103,228,240,350,332,128,9,3,3,12,8,1,2,4,27,2,2,3,4,37,0,1,11,8,0,16,1,1,8,4,0,5,1,4,4,0,1,3,4,0,
16408,294,261,91,59,126,120,252,250,368,348,130,11,8,3,10,8,3,2,3,29,1,3,3,4,42,1,1,12,4,0,17,1,2,9,4,0,0,1,4,4,0,1,3,4,0,
16424,295,271,95,62,128,126,263,258,381,351,132,8,10,3,10,8,3,2,3,33,1,2,3,4,48,0,2,11,4,0,17,0,1,8,4,0,0,1,4,4,0,1,4,4,0,
16440,1684,1550,1053,642,1032,1165,1242,407,671,749,737,13,25,4,14,11,4,3,3,62,0,3,4,4,57,4,3,4,4,15,18,4,2,15,4,0,2,3,4,4,0,3,4,4,0,
16456,3022,2676,2559,2121,2396,2434,2557,1554,1960,1925,1931,514,865,1016,791,153,88,70,88,338,272,119,46,4,66,27,3,10,9,0,14,3,3,14,4,1,3,3,4,105,1,2,3,8,25,
16472,2989,2718,2617,2090,2417,2492,2639,1562,1998,2011,2003,543,961,1138,926,174,174,163,116,356,341,231,137,34,103,74,21,20,70,111,11,11,4,29,14,9,4,3,4,44,1,2,3,5,14,
16488,2838,2582,2484,1980,2273,2329,2476,1509,1879,1840,1891,605,922,1049,887,362,325,340,277,741,692,614,417,233,201,306,154,127,235,293,33,82,52,77,89,75,52,6,5,94,6,4,3,4,37,
16504,2753,2528,2407,1948,2237,2267,2410,1456,1853,1733,1791,623,885,999,816,399,345,343,269,855,795,663,452,278,285,516,332,206,379,339,97,163,94,125,161,136,104,18,8,123,9,16,4,8,46,
16520,2761,2527,2405,1970,2251,2277,2420,1459,1865,1734,1811,663,894,1000,826,444,402,373,287,932,909,742,494,342,339,631,490,287,501,412,146,215,128,160,223,199,122,25,9,144,11,23,4,8,46,
16536,2651,2433,2309,1860,2166,2174,2309,1346,1761,1629,1708,567,815,913,773,412,387,347,274,913,912,743,514,346,357,690,574,350,580,457,165,234,148,183,288,266,139,28,9,158,13,24,4,12,45,
16552,2497,2303,2179,1671,2019,2029,2151,1190,1623,1489,1583,456,701,833,705,345,309,278,230,816,830,685,471,319,335,657,532,344,590,452,161,226,141,186,324,293,132,29,9,169,14,24,5,11,45,
16568,2288,2164,2018,1431,1828,1850,1915,1015,1452,1318,1437,295,579,743,615,222,172,169,119,625,637,547,337,182,272,520,374,235,447,397,135,194,107,154,287,262,116,22,7,164,12,16,4,4,38,
16584,2011,1931,1780,1146,1583,1599,1596,839,1243,1083,1226,171,460,632,489,108,73,97,63,423,429,347,191,66,209,368,244,159,326,282,88,132,66,108,225,193,89,15,6,150,12,4,4,4,27,
16600,1590,1612,1431,849,1264,1242,1149,634,999,819,955,84,310,497,356,51,30,53,40,288,304,228,91,7,169,261,128,87,226,203,51,108,47,87,157,132,57,8,4,141,9,6,3,4,20,
16616,1128,1261,997,547,805,684,850,467,798,572,718,32,199,333,197,14,3,25,24,165,190,128,30,13,128,178,56,38,129,124,33,66,20,66,104,69,29,4,4,120,6,3,3,4,13,
16632,678,880,579,327,427,412,548,339,590,418,547,12,89,176,64,8,2,12,8,68,93,49,4,4,99,107,20,11,46,27,22,40,15,24,51,17,8,4,3,92,1,3,2,4,2,
16648,407,559,316,136,215,215,345,270,427,319,327,10,12,56,10,8,3,6,7,35,33,10,0,6,70,53,4,16,16,1,13,20,20,4,22,0,9,4,3,70,0,3,3,4,1,
16664,290,326,161,44,125,107,230,264,319,261,124,10,4,3,12,9,2,2,4,21,1,6,4,4,43,1,3,22,19,0,12,13,13,11,11,0,7,4,3,27,0,4,2,5,0,
16680,241,175,112,36,74,44,155,267,278,204,25,11,3,3,7,10,1,3,4,14,1,8,3,4,37,1,3,27,17,0,12,4,6,16,4,0,5,4,4,17,0,2,3,4,0,
16696,203,145,84,30,33,29,116,231,271,190,11,9,3,6,18,8,1,2,3,15,6,7,3,4,39,1,3,29,16,0,12,2,2,14,4,0,1,2,5,12,0,1,3,6,0,
16712,198,140,83,46,35,26,120,223,261,195,46,9,3,3,18,9,1,3,3,14,1,8,3,4,38,1,3,27,14,0,12,3,2,13,4,0,1,2,4,8,0,1,3,6,0,
16728,198,140,82,46,39,30,112,211,265,199,99,9,2,3,16,9,1,3,4,14,1,7,2,4,38,1,2,26,13,0,12,1,2,12,1,0,1,2,4,4,0,2,3,4,0,
16744,195,147,82,49,40,32,116,206,261,202,98,9,3,2,17,9,1,3,3,14,1,8,4,4,33,1,4,25,12,0,12,1,2,12,4,0,1,1,4,4,0,1,3,4,0,
16760,203,150,81,48,39,34,116,203,257,211,107,10,3,3,17,8,2,3,4,9,1,7,2,4,30,1,4,24,12,3,12,1,2,12,4,0,1,2,4,4,0,2,2,4,0,
16776,203,154,78,49,40,38,119,194,261,213,108,9,3,3,18,8,1,3,3,9,1,7,3,4,26,1,4,23,11,1,13,1,2,12,4,0,0,2,4,4,0,2,4,6,0,
16792,204,157,82,51,36,41,120,193,258,219,107,8,2,3,19,9,3,3,4,10,2,6,3,4,26,1,4,22,12,0,12,1,2,11,4,0,0,3,6,4,0,2,4,4,0,
16808,210,157,81,51,38,41,121,194,261,219,109,8,3,3,16,8,2,3,4,8,2,6,4,4,24,1,5,20,10,0,12,1,2,11,6,0,1,2,4,4,0,2,3,4,0,
16824,209,160,81,51,38,45,122,192,259,221,109,10,3,3,15,9,2,3,4,8,1,6,3,4,25,1,4,19,11,0,12,1,3,12,4,0,1,3,5,4,0,2,3,4,0,
16840,214,163,83,45,39,46,120,196,257,221,111,9,2,3,17,8,1,3,3,8,1,5,3,4,23,1,4,20,11,0,9,0,2,11,4,0,1,2,4,4,0,2,3,4,0,
16856,214,168,82,49,40,48,120,196,258,219,110,7,0,3,16,9,2,4,4,8,2,6,3,4,24,1,4,20,11,0,12,1,2,11,4,0,1,2,4,4,0,2,4,4,0,
16872,216,171,82,48,41,49,118,198,258,217,114,9,3,3,16,9,3,3,3,8,1,3,2,4,24,1,3,16,11,0,12,1,1,10,4,0,0,2,4,4,1,2,3,4,0,
16888,222,174,86,48,43,48,120,193,262,215,113,10,3,3,16,8,2,4,4,7,2,3,4,4,24,0,3,16,11,1,12,1,2,12,4,0,0,2,4,4,1,2,3,4,0,
16904,220,178,84,48,44,51,123,190,256,212,114,10,3,3,12,8,1,3,4,8,0,2,3,4,24,1,3,16,10,0,12,1,1,11,4,0,1,1,4,4,0,2,3,4,0,
16920,223,184,87,49,45,49,126,191,257,214,112,9,3,3,12,8,2,2,4,6,1,2,3,4,25,0,3,16,11,0,12,1,2,11,4,0,1,2,4,4,0,2,4,4,0,
16936,223,185,86,49,44,52,125,196,258,213,111,10,3,3,15,8,2,3,3,7,1,2,1,6,23,2,3,15,11,1,12,1,1,10,4,0,1,2,4,4,0,2,3,4,1,
16952,225,186,85,52,45,53,124,194,261,218,114,9,3,3,12,8,2,3,4,6,1,2,3,4,24,0,3,16,11,0,12,1,2,10,4,0,0,1,4,4,1,2,3,4,0,
16968,225,190,83,53,44,54,124,198,267,222,115,10,3,3,13,9,2,2,4,6,1,2,3,4,24,0,3,16,10,0,11,1,2,11,4,1,1,1,4,8,0,1,4,4,0,
16984,222,190,80,53,43,53,124,203,272,222,116,9,3,3,14,8,2,2,4,7,1,2,3,4,24,1,2,16,11,1,13,1,2,11,4,1,1,2,4,4,0,2,3,5,1,
17000,222,190,79,54,43,54,130,208,274,220,120,10,3,3,13,8,2,2,3,4,1,3,3,4,24,1,2,16,12,0,11,1,1,8,4,1,1,2,4,4,0,2,3,4,0,
17016,217,186,81,54,43,55,129,207,272,223,118,9,3,3,13,8,2,3,3,7,1,2,4,4,24,1,2,15,12,1,12,1,1,12,4,0,1,1,4,4,0,1,3,4,0,
17032,219,190,81,54,45,56,130,211,278,229,121,9,3,3,14,9,1,3,3,9,1,2,3,4,25,1,3,15,16,1,12,1,1,12,4,0,0,2,4,4,0,2,3,4,1,
17048,220,185,78,51,47,55,128,213,279,233,120,9,3,3,14,8,2,3,4,9,1,2,3,3,25,1,3,16,12,1,12,1,2,10,4,0,0,1,4,4,0,1,8,4,0,
17064,222,184,78,62,47,57,128,216,277,233,120,9,3,3,13,9,1,2,3,9,2,2,3,4,25,1,3,15,12,0,11,0,2,12,4,0,1,1,4,4,0,2,3,4,1,
17080,223,186,80,58,52,58,132,217,281,236,117,12,3,3,14,8,2,2,4,10,1,3,4,5,24,1,3,14,11,1,11,0,2,11,4,0,0,1,4,4,1,1,3,4,0,
17096,220,186,75,57,51,61,136,223,289,237,120,9,3,3,14,8,1,3,4,13,1,3,3,6,24,1,2,14,11,0,14,0,3,12,4,0,0,1,4,4,0,3,3,4,0,
17112,225,190,77,58,55,64,138,222,294,240,121,10,3,3,12,8,2,3,0,11,1,3,3,4,24,1,3,14,12,0,12,0,2,10,4,0,0,1,4,4,0,1,3,4,0,
17128,228,195,78,58,61,68,142,226,300,240,122,10,3,3,13,8,1,3,4,11,2,3,1,4,22,1,2,14,12,1,12,0,2,9,4,0,0,2,4,4,0,2,4,4,0,
17144,237,203,85,58,66,74,150,234,306,248,126,11,3,3,12,9,2,2,4,11,2,3,3,4,24,1,3,10,12,0,12,1,1,8,4,0,0,2,4,8,0,1,3,5,0,
17160,249,223,87,61,73,75,166,244,316,257,125,9,2,3,12,8,2,3,4,11,1,2,3,11,24,1,3,12,11,1,12,1,1,8,4,0,0,2,4,12,0,1,3,6,0,
17176,262,241,84,65,87,91,186,252,315,271,130,10,3,3,11,8,3,3,0,14,1,3,3,4,25,1,2,11,12,2,13,1,1,8,4,0,1,1,4,27,0,2,3,6,0,
17192,275,248,92,69,96,103,208,259,318,278,134,9,3,3,11,9,1,3,4,14,4,3,3,4,27,2,2,12,12,0,12,1,3,9,4,0,2,3,4,35,0,2,3,5,0,
17208,298,268,98,71,111,117,234,271,317,297,137,10,3,3,11,9,2,3,3,16,1,3,3,4,28,1,3,9,16,0,12,0,2,10,4,0,1,1,5,40,0,2,3,5,0,
17224,332,303,122,80,141,146,266,278,336,324,143,10,3,3,11,8,2,2,3,17,2,3,3,4,29,1,0,8,16,0,12,1,1,10,4,0,0,2,4,39,0,2,3,4,0,
17240,356,352,138,83,169,170,298,298,373,357,146,10,4,3,10,8,3,2,4,19,1,3,3,4,33,1,2,8,16,1,14,0,1,11,4,1,1,2,4,31,0,2,3,4,1,
17256,887,866,493,182,419,518,708,331,412,460,335,11,3,3,7,8,1,4,4,27,2,3,3,4,9,2,2,12,4,0,15,1,2,14,4,0,1,1,4,6,0,1,4,4,0,
17272,2989,2638,2472,2090,2354,2334,2438,1481,1869,1818,1808,416,700,841,573,127,46,48,91,323,271,70,36,4,68,53,8,6,4,0,16,3,3,29,4,0,3,3,4,18,0,1,3,6,0,
17288,3071,2777,2662,2159,2470,2512,2665,1610,2010,2019,1997,570,964,1129,855,149,112,91,87,273,267,114,51,4,100,63,20,8,7,8,14,4,3,12,9,0,6,3,4,48,0,2,3,4,29,
17304,2947,2707,2595,2119,2411,2453,2611,1636,1986,1949,1988,702,988,1122,928,397,345,344,304,786,734,614,398,197,207,310,152,96,177,246,30,81,44,65,65,66,19,4,4,111,8,3,3,4,43,
17320,2896,2646,2539,2069,2354,2396,2547,1595,1955,1848,1913,745,957,1084,901,489,446,431,356,973,920,785,530,327,324,607,429,261,384,361,115,193,103,130,167,165,70,8,6,150,12,9,3,14,58,
17336,2926,2680,2570,2127,2400,2440,2603,1630,2002,1872,1953,792,994,1086,904,499,471,423,344,1032,984,808,536,335,367,692,538,294,414,360,152,230,127,154,200,170,78,11,7,175,12,16,4,19,68,
17352,2914,2670,2557,2105,2384,2415,2564,1580,1943,1782,1868,730,920,991,833,452,427,348,292,1000,929,737,461,278,374,701,543,266,364,290,161,240,129,150,190,144,75,9,7,191,11,14,4,19,59,
17368,2838,2612,2484,1987,2292,2317,2459,1431,1811,1638,1749,585,803,881,730,376,341,269,215,876,838,632,387,182,332,643,450,207,307,249,146,219,112,130,170,129,60,7,6,194,11,11,4,17,54,
17384,2713,2522,2382,1803,2151,2180,2319,1233,1645,1480,1604,412,657,788,618,216,182,161,95,616,584,395,198,54,240,433,249,101,164,161,69,140,67,90,123,69,25,4,4,186,7,3,3,8,47,
17400,2538,2375,2217,1543,1931,1968,2057,999,1417,1246,1393,215,476,619,458,91,53,54,42,315,343,180,45,4,165,228,73,30,59,54,34,65,25,45,63,20,9,4,3,152,0,2,3,4,31,
17416,2264,2195,1979,1218,1658,1679,1678,819,1180,1011,1144,110,331,438,286,19,7,19,20,128,165,58,9,4,110,115,23,7,14,1,17,38,19,16,29,0,10,4,3,127,0,1,3,4,20,
17432,1886,1916,1640,920,1364,1348,1214,638,939,723,909,54,209,276,145,9,3,12,20,40,38,4,4,4,70,30,8,16,6,0,16,16,17,25,8,0,8,4,3,82,1,2,3,4,1,
17448,1529,1575,1310,692,1057,881,919,505,773,555,765,29,131,140,30,9,3,12,20,39,2,3,4,4,58,6,4,30,12,0,13,5,13,24,4,0,4,4,4,68,0,3,1,4,0,
17464,1169,1305,960,518,736,623,710,408,644,455,647,12,67,81,12,8,2,3,19,37,1,3,4,4,53,2,2,32,16,0,13,2,4,16,4,0,1,3,4,51,0,2,3,4,0,
17480,816,1042,653,361,509,438,575,327,509,357,501,9,24,21,14,8,3,3,18,28,1,3,3,4,45,1,2,32,14,0,12,1,2,13,4,0,2,2,4,23,0,1,3,5,0,
17496,551,780,382,196,315,257,428,288,406,287,310,9,3,3,4,8,2,2,4,25,1,3,3,4,42,2,2,30,15,0,12,3,1,11,4,0,1,2,4,10,0,2,3,6,0,
17512,386,537,235,66,186,141,306,295,329,236,155,10,3,3,15,8,1,2,3,13,1,3,3,4,32,0,2,25,22,0,11,2,0,8,4,0,1,3,4,8,0,1,3,5,0,
17528,288,312,132,53,109,84,210,277,260,210,49,10,3,3,16,9,1,2,3,12,1,3,3,4,27,1,3,26,24,0,11,1,1,8,4,0,1,2,4,8,0,2,3,5,1,
17544,229,167,101,41,52,38,145,248,252,216,9,10,3,3,10,10,1,3,3,12,0,6,3,4,29,2,3,25,22,0,11,0,1,10,4,0,2,1,4,4,0,1,3,4,0,
17560,232,192,107,44,48,41,142,232,281,218,38,9,1,2,11,8,2,3,3,12,1,7,3,4,32,1,4,22,25,0,11,0,2,12,4,2,0,1,4,4,0,2,3,4,0,
17576,232,200,100,61,39,44,148,231,271,209,95,9,3,3,12,8,1,3,4,12,1,9,3,1,31,1,3,22,23,1,12,0,2,12,4,0,0,1,4,4,0,2,3,4,0,
17592,229,197,98,60,51,43,135,222,269,216,109,9,3,3,9,11,3,2,4,11,1,3,3,4,30,0,2,22,23,1,13,0,1,12,4,0,1,1,4,4,0,1,3,4,0,
17608,234,198,95,62,55,46,135,222,268,219,111,9,3,3,11,9,1,2,4,9,0,3,3,4,29,1,2,21,23,0,12,1,2,12,4,0,0,1,4,4,1,2,3,4,0,
17624,233,196,95,62,53,46,133,219,268,217,115,9,3,3,11,8,2,2,3,8,1,2,3,4,28,1,2,20,26,5,8,0,1,11,4,0,0,2,4,4,0,2,4,4,0,
17640,240,198,95,62,55,49,137,217,272,218,116,9,3,3,12,8,3,1,3,8,1,2,3,4,26,0,2,19,23,1,12,1,1,11,4,1,0,2,4,4,0,1,3,4,0,
17656,239,203,97,66,55,49,136,212,268,216,117,9,2,3,11,9,2,2,4,6,0,2,3,4,25,1,3,19,20,1,12,1,1,10,4,0,0,1,4,4,0,1,3,4,0,
17672,235,204,93,62,56,51,133,212,268,216,120,9,2,3,11,8,1,2,3,7,1,2,3,4,25,0,3,19,21,2,12,1,1,11,4,1,0,1,4,4,0,2,3,4,0,
17688,233,203,93,62,53,52,133,215,267,216,118,10,3,3,11,8,1,2,4,6,1,3,3,3,25,1,2,17,20,1,10,1,2,11,4,0,1,1,0,4,0,0,3,4,0,
17704,235,207,93,64,57,53,135,215,273,219,119,9,3,3,9,9,1,2,4,6,1,2,3,4,25,1,2,16,23,2,11,1,1,13,4,0,0,1,4,4,0,2,3,4,0,
17720,236,207,92,62,59,53,136,213,273,220,118,9,3,3,9,8,2,2,4,6,1,2,3,4,25,0,3,17,23,6,11,1,2,12,4,0,0,1,5,4,0,2,4,4,0,
17736,238,212,94,63,56,52,136,217,278,224,122,9,3,3,11,8,1,2,4,6,1,2,3,4,24,1,2,16,22,0,11,0,1,12,4,0,1,1,4,4,0,1,3,4,0,
17752,241,214,93,64,56,56,138,215,277,225,120,8,3,3,11,8,2,2,3,6,1,2,1,4,24,1,2,15,22,1,12,0,1,12,4,1,1,2,4,4,0,2,3,4,0,
17768,245,219,95,64,58,58,140,215,277,223,121,9,2,3,12,8,1,3,4,6,0,2,3,4,24,1,2,16,20,2,11,0,2,12,4,3,1,1,4,4,0,3,3,4,0,
17784,250,221,99,65,58,58,146,215,279,222,124,9,2,3,12,7,1,2,3,6,1,3,3,4,24,1,3,16,20,1,10,0,2,11,4,0,1,2,4,4,0,1,3,4,0,
17800,252,229,99,66,60,62,149,217,280,220,125,8,3,4,12,9,2,2,4,7,2,3,3,4,25,1,3,12,19,1,11,0,1,12,4,0,1,1,4,4,0,1,3,4,0,
17816,256,230,96,66,63,63,149,221,283,223,126,10,3,3,12,8,2,3,4,6,1,2,4,4,24,0,3,16,17,2,12,0,2,11,4,0,1,2,4,4,0,2,3,4,0,
17832,254,233,92,69,64,66,154,214,281,225,126,9,3,3,13,8,1,2,3,7,1,2,2,4,25,1,3,16,17,1,12,1,8,11,4,0,0,1,4,4,0,1,3,4,0,
17848,253,231,92,68,61,61,156,216,279,223,128,10,3,3,13,8,2,0,3,7,0,3,3,4,24,0,2,16,17,4,12,1,2,12,4,0,0,1,4,3,0,1,3,4,0,
17864,256,229,92,66,62,65,157,215,282,229,128,10,3,3,12,8,1,2,4,8,1,3,3,4,26,1,3,15,18,6,11,2,1,9,4,0,1,2,4,4,1,1,2,4,0,
17880,252,228,88,64,62,64,159,215,281,232,128,9,3,3,12,9,1,3,3,10,1,3,3,4,28,1,3,15,19,1,12,0,1,9,4,2,0,1,4,4,0,1,3,4,0,
17896,252,233,88,66,67,66,165,217,280,232,126,10,2,3,12,9,3,3,5,10,1,3,3,4,29,1,3,16,21,2,12,1,1,8,4,0,0,1,4,4,0,2,3,4,0,
17912,256,240,91,66,66,67,170,220,278,236,132,11,3,3,11,8,1,3,4,11,0,2,3,4,29,1,2,16,20,3,12,1,1,10,4,0,0,1,4,4,0,1,3,4,0,
17928,261,251,92,67,70,68,174,229,281,240,134,9,3,3,12,9,1,2,3,10,1,2,3,4,29,0,2,17,20,4,11,0,1,10,4,0,0,2,4,4,0,1,3,4,0,
17944,263,248,88,67,71,66,177,230,293,243,132,8,2,4,12,8,1,2,3,11,1,2,2,4,29,1,2,12,20,1,12,0,1,10,4,0,0,2,4,4,1,0,3,4,0,
17960,275,250,90,71,78,78,190,240,298,246,133,9,2,4,11,8,2,2,4,11,1,2,3,4,28,1,2,12,20,1,12,2,1,9,4,0,1,1,4,4,0,1,3,4,0,
17976,290,257,91,71,91,91,203,249,303,261,133,8,3,2,10,8,3,3,3,13,0,2,3,4,29,0,2,12,19,1,12,0,2,9,4,0,0,1,4,4,0,1,3,4,1,
17992,306,274,101,74,103,103,228,258,310,269,136,9,3,3,19,9,2,3,4,14,1,3,3,4,31,0,2,12,18,1,12,1,2,9,4,0,1,2,4,4,0,1,3,4,0,
18008,323,296,116,76,117,123,249,271,316,286,140,10,3,3,12,9,2,2,4,16,1,3,3,3,33,1,2,12,20,0,12,1,1,8,4,0,0,1,4,4,0,3,4,4,0,
18024,339,338,134,76,140,137,271,281,330,307,138,10,3,3,11,9,2,3,4,18,2,3,3,4,34,0,2,15,19,1,12,0,2,8,4,1,0,1,4,4,0,1,3,4,0,
18040,361,380,154,84,174,167,291,297,352,327,145,10,3,3,11,8,2,2,3,22,3,2,2,4,39,3,2,14,20,1,12,1,1,8,4,1,1,1,4,4,0,1,4,4,0,
18056,377,436,196,87,190,175,352,300,336,324,140,10,2,3,6,9,1,3,4,28,1,3,3,4,45,0,2,6,6,0,18,1,1,10,4,1,1,2,4,4,0,2,4,4,0,
18072,2986,2617,2475,2068,2351,2368,2489,1436,1864,1848,1855,393,725,854,601,91,44,43,95,290,273,82,48,4,87,61,12,9,4,0,15,4,2,8,4,0,3,3,4,9,0,3,4,4,1,
18088,3089,2783,2671,2137,2472,2543,2685,1569,1971,2023,2012,489,925,1089,845,96,66,62,63,169,153,70,20,4,72,42,12,6,4,0,14,3,10,9,4,0,4,4,4,41,0,2,3,4,41,
18104,3018,2743,2625,2114,2421,2457,2606,1596,1934,1936,1983,604,935,1065,878,264,218,212,149,529,505,360,183,38,144,158,38,25,38,65,12,26,5,37,16,1,8,3,3,79,0,2,3,4,51,
18120,2989,2739,2620,2114,2428,2457,2620,1575,1940,1891,1933,634,921,1025,847,323,274,261,182,699,640,453,281,82,190,278,99,54,98,132,24,68,38,59,33,19,7,3,4,120,2,2,2,14,62,
18136,3040,2778,2670,2186,2479,2516,2678,1641,2004,1944,1978,727,976,1069,876,384,348,317,233,810,766,538,322,134,237,422,207,94,144,171,41,116,61,81,60,38,7,3,4,173,4,3,3,18,64,
18152,3040,2783,2667,2180,2466,2499,2649,1622,1965,1866,1908,701,923,995,808,392,342,286,210,810,787,507,306,124,273,506,272,100,132,154,59,154,74,91,78,41,6,3,3,206,3,6,4,20,62,
18168,2982,2741,2620,2085,2397,2421,2570,1460,1851,1759,1830,570,825,910,735,313,269,208,149,699,679,431,241,77,246,448,222,78,112,124,53,140,66,77,74,33,7,4,3,206,2,2,3,20,59,
18184,2867,2656,2526,1911,2254,2296,2433,1281,1658,1604,1670,393,676,798,623,154,103,100,71,443,454,245,102,9,171,264,82,30,55,52,31,78,38,52,51,15,8,3,3,190,1,2,3,8,42,
18200,2654,2474,2314,1612,1979,2027,2124,982,1363,1283,1400,177,469,587,426,46,20,33,33,215,240,90,16,4,116,124,27,8,16,0,19,33,21,33,16,1,8,4,3,148,0,3,2,4,32,
18216,2245,2182,1938,1121,1551,1592,1539,684,1009,909,1011,56,235,303,186,9,4,13,20,46,57,10,4,4,66,21,9,11,4,0,17,10,14,24,3,0,6,4,4,90,0,3,2,4,17,
18232,1504,1625,1297,617,980,948,869,423,699,530,683,14,59,90,26,8,3,9,25,25,1,3,3,4,42,4,3,32,15,0,12,2,6,20,4,0,1,4,4,66,0,2,3,4,0,
18248,667,943,530,265,342,326,450,271,430,296,393,9,3,3,16,8,1,2,19,13,1,6,4,6,27,1,3,30,25,1,11,2,0,13,4,0,1,2,4,56,0,2,3,4,0,
18264,331,494,211,66,110,123,255,261,291,201,125,9,2,3,4,9,2,3,3,8,1,3,4,4,21,1,3,36,25,1,10,0,2,9,4,0,1,1,4,54,0,2,3,4,0,
18280,257,251,119,42,81,58,171,260,232,198,21,9,3,2,13,8,1,2,3,12,1,3,3,4,30,1,2,37,27,0,10,0,2,10,4,0,1,0,4,40,0,2,3,4,0,
18296,245,197,116,49,69,43,154,256,258,215,13,10,3,3,13,8,2,3,4,15,2,1,3,4,33,0,4,37,25,1,10,0,1,11,4,0,1,1,4,12,1,2,2,6,0,
18312,236,212,111,50,52,43,151,241,270,222,36,11,3,2,11,8,1,3,4,13,1,4,3,4,33,1,4,33,24,1,12,0,1,12,4,1,1,2,4,10,0,1,3,6,0,
18328,242,210,107,52,41,41,145,232,272,211,56,9,2,3,12,8,1,1,3,13,1,3,3,4,30,0,2,32,22,4,9,0,1,12,4,3,0,2,4,4,0,1,3,4,3,
18344,230,208,105,64,49,41,138,222,273,220,117,8,3,3,12,8,2,0,3,12,1,3,3,4,32,1,1,30,22,9,10,1,2,12,4,0,1,1,4,4,0,1,4,4,0,
18360,233,211,106,68,56,41,136,220,271,209,119,9,3,3,12,8,2,3,4,11,1,2,3,4,31,1,3,28,24,8,11,1,1,12,4,0,0,2,4,4,0,1,3,4,0,
18376,235,212,104,70,56,46,135,220,270,212,122,9,3,3,12,8,2,2,4,9,2,2,3,4,27,1,2,26,24,4,11,0,1,11,4,0,0,2,4,4,1,1,3,3,0,
18392,235,215,103,67,55,49,135,214,267,216,124,10,2,3,12,8,4,0,3,8,9,3,3,4,25,0,3,26,22,3,12,0,1,9,6,1,1,2,3,4,0,1,3,4,0,
18408,236,219,99,67,54,48,134,212,257,218,124,8,3,3,12,8,2,2,4,8,1,3,3,4,25,1,2,26,24,5,10,0,1,10,4,0,0,1,4,4,0,1,3,3,0,
18424,239,214,98,66,54,49,132,212,252,220,131,9,3,3,11,8,2,3,4,6,1,2,3,4,25,2,3,26,23,3,9,0,1,12,5,0,1,1,4,4,0,1,3,4,0,
18440,239,216,99,68,54,49,132,215,257,223,129,9,2,3,11,8,2,3,4,6,0,2,3,4,26,1,2,25,24,4,12,1,1,11,4,1,1,1,4,4,0,1,3,4,0,
18456,245,219,96,68,52,49,134,213,257,223,128,9,3,3,12,8,1,2,4,7,1,3,4,4,25,1,2,25,23,8,12,0,1,11,4,0,1,1,5,4,0,1,3,3,0,
18472,246,219,95,68,52,51,136,216,261,216,128,9,3,3,12,8,1,2,3,7,0,2,3,4,25,1,2,22,23,8,10,1,1,11,4,0,0,2,4,4,0,1,3,4,0,
18488,245,220,93,67,51,51,136,216,261,215,130,9,3,3,12,8,2,2,4,7,1,3,3,4,24,0,2,20,22,9,11,3,7,12,4,1,1,1,4,4,0,2,3,4,0,
18504,245,220,91,67,51,53,136,216,262,217,129,9,3,3,13,8,3,2,3,6,1,1,3,4,22,1,3,22,20,9,11,1,2,11,4,1,4,1,4,4,0,2,3,4,0,
18520,248,221,90,67,51,54,139,219,261,219,130,9,2,3,12,8,1,2,4,7,1,2,3,4,21,1,3,17,20,5,12,0,1,10,4,1,1,1,4,4,0,1,3,4,0,
18536,248,223,91,68,53,53,139,221,261,220,131,9,3,3,13,8,2,3,3,7,1,2,3,4,20,1,2,14,20,4,11,0,1,11,4,0,0,1,4,4,0,1,3,4,0,
18552,252,227,91,67,51,52,139,223,265,221,133,10,3,3,13,8,1,2,3,7,1,2,3,4,22,1,3,13,18,8,10,2,2,11,4,1,1,1,4,4,0,1,3,4,1,
18568,253,228,91,67,55,53,139,228,265,218,132,9,3,3,12,8,1,2,3,6,0,3,3,4,21,0,3,13,19,10,9,0,1,11,4,0,0,2,4,4,0,2,3,4,0,
18584,256,227,91,70,56,58,140,227,261,223,135,8,2,3,12,7,1,3,3,7,1,2,4,4,21,1,2,12,19,10,10,1,2,11,4,1,1,2,4,4,0,4,3,4,0,
18600,252,227,89,69,56,58,141,230,263,227,131,10,2,3,12,8,1,2,3,6,1,2,2,4,22,0,3,12,20,10,11,1,1,12,4,0,0,1,4,4,0,2,3,4,0,
18616,259,228,88,69,55,58,140,228,265,225,135,9,3,3,14,9,2,2,3,7,1,2,3,4,21,0,3,13,20,9,10,1,2,12,4,0,0,1,4,4,0,1,3,4,0,
18632,252,228,87,70,56,59,140,228,269,228,133,9,2,2,11,8,1,3,3,6,1,2,3,4,22,1,4,13,21,10,10,0,2,12,4,0,1,2,6,4,0,2,3,4,0,
18648,254,232,87,72,58,61,139,228,271,230,131,10,3,3,13,8,1,2,3,6,1,2,3,4,21,0,2,12,21,10,9,0,2,12,5,0,1,1,4,4,0,2,3,4,0,
18664,254,232,86,70,59,62,142,229,271,235,130,10,2,3,12,8,1,2,4,7,2,1,3,4,20,0,2,11,21,3,12,0,2,12,4,0,0,1,5,4,0,1,2,4,0,
18680,259,233,89,71,60,62,144,231,272,236,129,9,3,3,12,9,2,3,4,6,1,2,3,4,20,0,2,11,20,3,11,1,2,12,4,0,1,2,5,5,0,1,3,4,0,
18696,264,236,87,70,59,63,145,228,276,240,132,9,3,4,10,8,2,2,4,7,1,6,3,4,21,1,2,10,20,4,12,1,1,12,4,0,1,1,5,4,0,1,3,4,0,
18712,266,241,86,69,61,66,152,230,282,241,134,9,2,3,12,9,2,2,4,6,1,3,4,4,22,1,3,12,20,4,11,1,2,11,4,0,0,2,4,4,0,2,3,4,0,
18728,272,251,87,71,68,67,162,232,286,245,132,8,3,3,11,8,2,2,3,6,1,1,4,4,21,1,2,12,20,8,10,0,1,11,4,0,1,1,4,4,0,0,3,4,0,
18744,283,257,88,74,71,67,171,240,294,251,136,9,3,3,11,8,1,2,3,9,0,3,3,4,24,1,3,12,20,3,12,1,1,12,4,1,0,1,4,4,0,4,3,4,0,
18760,291,257,87,74,82,87,182,252,306,258,135,9,3,3,11,8,1,2,4,14,1,3,3,4,26,1,2,12,16,1,12,0,1,11,4,0,1,1,4,4,0,1,1,4,0,
18776,309,268,99,78,98,100,198,268,318,275,139,9,3,3,8,10,2,3,4,16,1,2,3,4,29,1,2,12,16,1,12,0,1,12,4,0,0,1,4,4,0,1,3,4,0,
18792,335,299,116,77,117,116,232,279,318,295,141,10,3,3,11,8,2,3,4,16,1,4,3,4,30,1,2,12,13,0,12,1,1,11,4,0,1,1,4,4,0,1,3,4,0,
18808,346,338,131,81,137,136,258,292,332,326,147,8,3,2,8,8,1,2,3,17,1,3,3,4,31,1,2,13,13,0,12,0,2,11,4,0,1,1,4,4,0,2,3,4,0,
18824,352,357,138,82,155,150,274,299,346,337,151,11,3,4,8,8,1,3,4,19,1,3,3,4,33,2,2,13,14,0,12,0,2,10,4,0,1,2,4,4,0,2,4,4,0,
18840,912,898,512,198,420,489,679,348,430,460,336,9,7,4,10,7,3,3,3,28,1,3,4,4,27,3,2,4,4,0,18,1,1,9,4,0,1,2,4,4,0,2,4,4,0,
18856,2891,2554,2325,1985,2246,2262,2300,1339,1762,1727,1737,329,617,762,445,32,5,22,32,160,118,28,10,4,48,6,4,4,4,0,17,3,2,4,4,0,1,3,4,4,0,2,4,4,0,
18872,2992,2711,2542,2053,2356,2424,2504,1458,1858,1883,1876,407,804,949,648,44,19,26,25,57,59,8,6,4,38,3,4,4,4,0,16,1,3,6,4,0,1,2,4,4,0,2,3,4,23,
18888,2886,2634,2461,1999,2284,2325,2420,1468,1838,1850,1843,477,821,965,754,128,84,71,84,303,302,148,71,4,95,41,9,7,16,20,13,3,3,15,5,1,4,3,4,29,0,1,3,4,45,
18904,2837,2583,2413,1999,2288,2315,2407,1471,1828,1799,1826,563,826,963,767,250,188,167,117,534,535,408,187,40,171,209,72,45,120,201,16,37,7,49,26,41,71,6,5,58,1,4,3,4,47,
18920,2879,2622,2463,2072,2354,2383,2502,1549,1921,1885,1901,663,892,1022,821,332,288,248,193,729,712,572,344,156,244,406,253,146,269,322,51,107,63,95,118,103,121,22,8,64,6,6,4,4,45,
18936,2892,2632,2480,2093,2370,2398,2515,1569,1936,1898,1899,678,903,1016,845,386,349,287,228,817,822,658,387,214,294,547,389,223,391,391,99,156,88,125,190,173,145,28,13,87,8,11,3,4,39,
18952,2848,2598,2433,2046,2328,2353,2454,1500,1884,1840,1836,635,854,974,813,374,341,277,220,805,828,665,395,243,319,601,460,263,476,441,121,176,109,138,222,215,158,29,16,93,8,15,4,4,37,
18968,2779,2551,2375,1969,2267,2292,2390,1405,1806,1778,1770,551,799,934,768,328,293,232,190,742,785,634,377,211,305,572,433,251,476,461,117,174,102,134,221,225,152,30,17,95,9,11,4,4,32,
18984,2705,2476,2304,1848,2177,2193,2291,1280,1705,1683,1674,456,717,881,722,270,217,181,148,626,689,555,310,132,281,516,369,221,447,448,104,160,87,120,221,228,140,29,13,93,8,8,3,4,26,
19000,2592,2384,2202,1708,2041,2063,2143,1148,1578,1529,1538,356,607,779,629,186,130,127,96,497,556,432,214,66,244,428,290,173,360,368,80,135,66,104,186,182,120,23,8,93,8,8,4,4,20,
19016,2440,2271,2063,1525,1874,1897,1891,1003,1413,1340,1388,248,501,672,511,103,64,70,53,386,431,288,111,11,203,316,194,103,235,244,52,103,48,92,138,119,81,13,5,88,6,4,3,4,12,
19032,2261,2139,1894,1313,1688,1685,1629,864,1241,1157,1210,150,412,547,407,46,22,36,37,248,315,166,51,4,165,232,88,42,160,159,36,66,24,70,109,67,41,5,4,80,0,3,3,4,6,
19048,2061,1979,1685,1102,1484,1509,1328,725,1073,986,1048,94,301,433,277,18,3,20,21,144,203,90,15,4,127,159,40,17,66,67,24,45,14,43,49,18,9,3,3,66,0,2,3,4,7,
19064,1782,1804,1434,887,1244,1289,1065,574,913,825,871,49,199,286,163,8,3,12,22,62,103,40,6,4,88,67,12,5,28,0,16,17,9,32,20,0,6,10,4,55,0,3,2,4,0,
19080,1369,1533,1123,641,945,937,854,475,758,646,721,16,107,142,59,8,3,9,22,29,30,4,4,4,52,10,4,16,11,0,16,9,12,32,4,0,5,4,4,27,0,2,2,5,0,
19096,953,1165,746,406,574,511,611,355,592,487,583,10,23,43,10,13,4,3,16,20,1,3,4,4,33,1,3,32,22,0,10,2,3,24,4,0,1,2,5,12,0,4,2,6,0,
19112,525,808,369,192,261,247,382,281,440,360,363,9,3,3,13,9,1,3,16,8,1,3,3,4,20,1,1,33,31,0,9,0,1,16,4,0,0,2,6,4,0,2,3,4,0,
19128,327,460,166,54,116,118,235,280,312,241,131,9,2,3,4,8,2,2,4,8,1,2,2,4,16,1,3,35,21,1,8,0,1,9,6,0,0,1,4,4,0,2,3,4,0,
19144,255,225,92,58,78,51,154,266,238,225,29,10,3,3,15,9,2,3,3,7,1,2,3,4,20,1,3,32,19,1,9,0,2,11,4,1,1,1,4,4,0,2,3,4,0,
19160,261,214,101,53,72,51,161,246,271,233,21,9,3,3,16,8,2,2,3,6,1,2,3,4,20,1,2,31,22,2,10,1,1,11,4,1,0,2,4,4,1,2,3,4,0,
19176,263,228,104,53,62,51,161,232,294,228,47,9,3,3,12,6,2,4,4,7,1,2,3,4,20,0,2,29,24,10,9,0,1,12,4,0,1,3,4,4,0,2,3,4,0,
19192,261,236,104,54,66,54,157,229,294,233,52,9,3,2,13,8,1,3,3,7,0,2,3,4,20,1,2,30,22,10,8,0,1,12,4,0,0,1,4,4,0,2,3,4,0,
19208,269,244,103,62,62,59,153,228,294,225,120,12,4,1,14,8,2,2,3,6,1,3,3,4,20,0,3,29,24,9,8,0,1,12,4,0,0,1,4,3,0,2,3,4,0,
19224,268,248,105,72,68,63,159,226,291,227,137,10,2,3,12,8,1,3,3,6,1,2,3,4,20,1,3,25,24,8,9,0,1,12,4,1,1,1,4,4,0,1,3,4,0,
19240,271,257,107,79,70,66,161,228,289,230,143,9,3,3,12,8,2,3,4,6,1,2,3,4,20,1,2,25,24,7,9,1,2,12,4,0,1,3,5,4,0,1,3,4,0,
19256,275,254,105,78,69,64,157,224,279,230,146,9,3,3,12,9,2,2,4,6,1,1,2,4,20,1,3,18,22,4,10,1,1,12,4,0,0,2,4,4,0,1,3,4,0,
19272,270,252,105,79,68,61,154,223,274,233,144,9,3,3,11,8,1,2,4,6,0,2,3,4,21,1,3,21,22,5,10,0,2,12,4,1,1,2,4,4,0,1,3,4,0,
19288,269,249,103,77,68,60,153,219,277,231,141,8,2,2,12,8,1,2,3,6,1,2,3,4,20,1,2,17,20,9,9,1,2,12,4,0,0,1,4,4,0,1,3,4,0,
19304,273,250,100,77,69,60,153,219,279,235,139,9,3,3,12,9,1,2,3,6,0,3,2,4,19,1,3,17,23,8,9,0,1,12,4,1,1,2,4,4,0,1,3,4,0,
19320,272,249,99,76,69,58,150,223,273,231,136,10,3,3,13,8,2,3,4,6,1,2,3,4,17,0,2,17,22,7,10,1,1,12,4,1,1,1,4,4,0,1,3,4,0,
19336,276,251,98,77,70,57,148,223,277,232,137,9,2,3,12,9,2,3,4,6,0,2,3,4,17,1,3,16,23,6,14,0,1,11,4,0,0,2,4,4,0,2,3,4,0,
19352,281,254,97,78,68,58,150,228,280,230,135,9,3,3,12,8,2,2,4,7,1,2,3,4,17,3,3,16,23,8,8,0,1,12,4,0,1,1,4,4,0,2,3,4,0,
19368,281,251,95,78,70,56,152,230,284,232,136,7,3,3,12,8,1,2,4,6,1,2,3,4,16,1,2,15,22,9,8,1,2,11,4,0,1,1,4,4,0,3,3,4,0,
19384,283,253,95,78,72,59,155,228,287,230,140,10,3,3,12,8,1,3,4,6,1,2,3,4,16,1,3,16,21,9,9,1,1,10,4,0,1,2,4,4,0,1,3,4,0,
19400,282,258,95,78,70,59,155,228,286,232,140,9,3,3,10,8,1,1,3,6,0,1,4,4,17,1,3,16,21,8,9,1,1,11,4,1,0,1,4,4,0,1,3,4,0,
19416,285,260,91,76,71,60,153,229,286,234,142,9,2,3,10,9,1,3,4,6,1,2,3,4,18,0,2,15,20,9,10,0,1,10,4,1,1,1,4,4,0,1,3,4,0,
19432,283,260,87,74,68,60,154,232,292,236,138,9,3,3,11,8,2,2,3,6,0,2,3,3,17,1,3,16,20,9,10,1,2,9,4,0,1,1,4,4,0,1,3,4,0,
19448,284,259,86,74,68,64,151,229,290,237,139,9,3,3,14,8,2,3,3,6,1,2,3,4,18,1,2,14,19,9,10,1,4,9,4,0,4,1,4,4,0,2,3,4,0,
19464,286,263,87,76,70,63,154,229,287,239,140,10,3,3,13,8,1,2,3,7,1,1,3,4,20,1,3,14,16,9,8,0,0,11,4,1,0,1,4,4,0,2,3,4,0,
19480,290,262,88,75,70,65,161,232,291,238,139,10,3,3,13,8,2,2,4,6,1,2,3,4,20,1,2,14,16,8,10,0,1,11,4,0,0,1,4,4,0,1,4,4,0,
19496,290,265,88,76,71,67,161,236,291,244,140,10,3,3,13,8,1,2,3,7,1,2,3,0,15,0,3,14,16,6,10,0,1,10,4,0,0,2,4,4,0,1,4,4,0,
19512,297,264,90,77,72,69,171,239,291,248,143,10,2,2,13,8,1,3,3,6,0,2,3,4,18,0,2,9,16,8,9,1,1,12,4,0,0,1,4,4,0,2,3,4,0,
19528,306,267,92,77,81,76,178,241,295,260,140,9,3,3,12,8,2,2,4,6,1,3,3,4,17,0,3,14,16,2,9,0,1,11,4,0,1,2,4,4,0,1,3,4,0,
19544,309,269,97,78,91,87,184,243,303,261,140,9,3,3,12,8,1,2,4,7,0,2,2,4,17,0,3,14,17,1,11,1,2,11,4,1,1,2,4,4,0,2,3,4,0,
19560,326,289,110,78,99,96,201,251,313,274,142,9,3,3,11,8,1,2,4,7,1,2,3,4,19,0,3,14,16,3,11,0,1,10,4,1,0,1,4,4,0,4,4,4,0,
19576,338,302,120,82,110,103,219,259,322,286,145,9,2,3,11,8,1,3,3,6,1,1,6,4,18,1,2,13,15,2,11,1,2,9,4,0,0,2,5,4,0,1,4,4,0,
19592,359,341,132,83,125,128,236,273,331,310,147,9,3,3,12,8,2,2,4,7,1,2,3,4,18,0,2,16,14,0,12,1,1,12,4,0,0,1,4,4,0,1,3,4,0,
19608,370,375,155,87,149,139,251,287,335,332,149,7,2,3,12,9,2,2,4,7,1,2,3,4,20,0,2,15,15,1,10,1,3,12,4,0,0,2,5,10,0,2,3,5,0,
19624,356,360,142,91,143,136,244,294,345,336,145,9,3,3,12,9,1,3,3,9,0,3,3,4,24,1,3,16,17,1,12,0,2,12,4,0,0,1,4,19,0,1,3,6,0,
19640,2402,2130,1750,1695,1882,1919,1965,1207,1578,1394,1441,360,472,493,360,206,59,58,111,536,435,285,71,5,219,298,102,50,95,190,59,66,8,7,100,81,107,14,6,169,37,23,4,27,82,
19656,2904,2588,2431,2097,2371,2394,2493,1616,1998,1920,1985,777,1028,1127,966,244,254,215,153,509,524,509,331,198,184,264,210,134,277,304,45,77,52,70,201,132,62,22,8,144,24,5,3,4,13,
19672,2838,2567,2422,2073,2349,2388,2504,1640,2033,1944,1948,895,1120,1218,1038,443,410,409,385,818,831,854,538,430,273,527,412,292,464,487,122,120,83,126,281,210,165,39,24,165,26,7,4,4,27,
19688,2603,2383,2209,1910,2182,2198,2305,1538,1909,1799,1809,795,942,1061,923,534,462,460,464,1015,1023,969,640,548,425,846,788,630,813,663,225,276,223,258,556,407,242,49,33,190,54,34,4,16,69,
19704,2604,2375,2198,1952,2205,2216,2326,1588,1963,1844,1849,899,993,1083,954,646,598,529,493,1177,1194,1118,790,660,569,1073,1025,814,1006,744,359,418,347,375,683,509,301,105,78,241,70,64,6,34,74,
19720,2635,2408,2241,2015,2250,2274,2386,1656,2015,1905,1904,978,1072,1126,992,723,684,581,542,1276,1297,1191,858,747,645,1189,1144,928,1121,773,443,506,451,444,769,565,361,159,122,308,87,85,12,42,71,
19736,2576,2353,2171,1959,2205,2211,2313,1619,1979,1859,1853,931,1017,1056,934,710,679,550,517,1281,1293,1189,852,741,668,1217,1166,962,1161,767,502,570,506,509,850,596,393,182,150,370,106,94,12,53,72,
19752,2512,2289,2101,1897,2145,2145,2251,1564,1936,1803,1791,875,972,1011,883,677,638,512,478,1246,1257,1171,815,704,661,1204,1158,963,1155,781,511,584,505,523,858,619,412,193,173,418,132,95,13,59,68,
19768,2396,2199,1998,1793,2047,2047,2147,1451,1832,1717,1703,767,885,952,816,614,577,465,435,1165,1184,1124,766,640,633,1164,1113,933,1134,766,493,559,483,509,859,625,408,193,170,445,137,98,13,59,69,
19784,2226,2079,1846,1632,1898,1889,1992,1291,1709,1577,1580,613,737,854,713,541,487,389,339,1063,1090,1029,667,532,572,1076,1022,858,1056,715,452,520,444,466,853,621,402,182,163,444,136,92,12,58,66,
19800,2036,1931,1637,1440,1744,1714,1791,1134,1567,1413,1420,473,610,737,626,433,375,293,241,926,967,921,534,399,510,963,916,761,969,663,402,472,375,399,797,592,384,163,141,423,111,83,11,49,58,
19816,1857,1807,1484,1271,1594,1554,1562,990,1431,1265,1253,365,538,649,555,350,286,212,168,814,842,807,425,306,449,872,787,654,869,606,344,405,304,339,716,511,353,137,117,385,83,68,9,43,53,
19832,1693,1706,1339,1131,1451,1433,1296,887,1325,1115,1118,302,468,588,504,278,209,161,117,709,727,688,327,215,394,790,686,562,779,549,276,335,228,275,609,425,316,112,93,328,67,55,4,30,48,
19848,1602,1644,1266,1043,1366,1343,1191,834,1236,1023,1026,252,424,541,456,241,157,127,105,619,648,582,261,124,356,716,611,487,704,494,229,275,186,220,526,346,294,83,77,273,57,41,4,8,37,
19864,1596,1639,1268,1019,1340,1320,1188,810,1205,991,990,239,401,523,431,203,115,104,90,547,591,512,206,84,344,671,561,418,638,450,181,236,142,181,448,285,261,68,62,216,44,31,4,5,32,
19880,1631,1663,1301,1040,1355,1334,1238,809,1209,993,1007,234,401,523,438,191,106,92,84,516,547,478,194,59,335,633,520,366,580,426,173,211,123,174,410,259,248,60,51,198,33,27,4,4,28,
19896,1679,1699,1352,1077,1392,1372,1310,832,1236,1021,1048,237,412,544,452,188,109,99,90,510,549,484,196,66,328,618,503,356,568,436,169,202,119,167,412,267,243,60,48,211,33,25,4,4,29,
19912,1737,1743,1408,1115,1439,1419,1368,847,1264,1050,1087,243,420,562,476,182,114,105,98,505,552,489,202,77,323,600,489,341,565,446,165,194,111,165,415,270,242,59,47,219,33,25,4,4,30,
19928,1804,1795,1466,1156,1486,1465,1430,869,1297,1086,1127,248,436,578,499,183,118,112,103,501,551,491,208,84,313,580,468,328,558,451,161,188,103,160,416,269,234,58,45,223,32,25,4,5,30,
19944,1845,1824,1503,1179,1520,1496,1470,877,1312,1106,1160,247,443,584,518,178,118,114,106,489,536,476,207,90,298,552,435,299,537,460,157,177,90,155,415,269,225,54,49,222,33,24,4,6,32,
19960,1849,1831,1513,1175,1513,1499,1480,866,1304,1102,1167,229,427,588,524,157,99,108,106,461,500,452,199,86,285,524,415,286,521,459,151,167,82,145,412,273,219,55,42,212,32,20,4,8,29,
19976,1807,1807,1487,1119,1461,1470,1447,816,1253,1049,1132,194,394,563,514,128,74,81,98,418,435,395,163,61,269,493,371,258,483,444,145,148,67,135,388,268,203,48,40,199,29,19,4,4,24,
19992,1681,1717,1391,974,1328,1363,1310,710,1148,926,997,142,332,497,481,95,51,60,64,355,380,321,111,34,243,442,300,212,431,366,123,130,53,117,311,230,183,36,25,165,20,20,3,4,21,
20008,1209,1510,1160,698,1033,1097,999,556,972,735,821,90,244,405,364,48,17,36,43,273,306,236,55,14,214,362,245,153,349,262,101,92,34,98,232,149,140,18,15,138,14,6,4,4,14,
20024,782,1083,745,436,622,586,727,433,764,515,644,37,159,299,223,6,3,22,36,157,202,153,30,16,158,242,163,98,244,203,53,68,14,75,178,93,83,11,5,120,1,3,3,4,8,
20040,454,699,400,219,306,310,461,308,530,329,472,11,92,191,111,8,3,13,16,56,106,87,10,16,109,167,85,60,140,144,24,33,6,48,133,54,28,6,3,87,1,4,3,4,0,
20056,298,447,187,65,129,143,272,271,366,250,244,10,20,78,25,8,3,4,10,27,37,47,4,4,80,84,32,46,70,51,16,4,7,30,70,16,4,3,4,76,0,2,3,4,0,
20072,241,203,103,32,88,66,174,238,257,208,70,11,3,3,15,9,2,2,7,14,2,12,3,4,52,45,3,28,25,0,12,9,20,11,54,0,8,3,4,55,0,2,2,4,0,
20088,226,137,92,46,53,20,125,233,248,204,9,8,2,2,9,8,1,2,3,12,0,6,3,4,46,1,3,39,22,0,12,2,8,20,4,0,1,3,4,4,2,3,3,4,0,
20104,239,165,100,51,47,35,133,236,265,217,12,9,3,3,16,9,1,3,4,12,1,7,3,4,43,1,4,45,27,0,14,3,2,25,4,0,1,1,4,4,0,1,3,4,0,
20120,235,165,101,54,42,37,132,232,280,215,26,10,1,3,25,8,2,2,3,9,1,6,0,4,43,1,4,44,25,0,17,2,2,15,4,0,1,1,4,4,0,2,3,4,0,
20136,233,167,100,67,44,38,129,228,293,214,56,11,2,3,24,8,3,3,3,8,1,6,3,4,38,1,4,43,25,1,12,1,2,7,4,0,1,1,4,4,0,1,3,4,0,
20152,245,187,103,66,54,42,132,225,290,219,99,8,3,3,21,8,2,3,3,8,1,6,3,4,38,0,4,41,24,6,10,1,2,8,4,0,0,2,4,4,0,1,3,4,0,
20168,246,190,101,67,53,44,129,228,289,220,123,10,3,3,21,8,1,3,3,8,1,6,2,4,34,1,4,40,25,1,11,0,2,8,4,0,0,1,4,4,0,2,3,4,0,
20184,248,194,101,67,54,49,133,229,277,228,135,8,3,3,17,8,2,2,3,8,1,4,2,4,30,0,4,37,26,3,11,0,2,9,4,0,0,1,4,4,0,2,3,4,0,
20200,251,202,99,70,58,49,135,227,277,230,138,10,3,3,18,8,2,2,4,8,1,3,3,4,27,1,3,37,24,7,10,1,2,9,4,0,1,1,4,4,0,1,3,4,1,
20216,252,203,99,70,58,49,132,225,277,228,139,9,3,3,17,8,2,2,3,8,1,2,3,4,27,0,2,33,25,3,11,0,1,8,4,1,0,1,4,4,0,1,3,4,1,
20232,252,207,99,71,57,49,132,223,286,232,139,9,3,3,17,7,1,2,3,6,1,2,4,4,22,1,3,33,24,7,10,0,3,8,4,0,0,1,4,4,0,1,3,4,0,
20248,253,208,99,70,58,48,131,223,286,232,141,8,2,3,19,8,3,1,3,6,1,2,3,4,29,0,3,33,24,7,9,1,1,7,4,0,0,2,4,4,0,1,3,4,0,
20264,252,208,99,67,57,52,132,225,288,230,140,9,0,3,18,8,1,3,3,7,1,2,2,4,24,0,2,32,22,7,10,0,1,8,4,2,0,2,4,4,0,1,4,4,0,
20280,252,207,99,69,56,47,132,227,280,228,140,9,2,3,19,8,1,2,4,7,1,2,3,4,26,0,2,32,24,6,12,0,2,9,4,0,1,1,4,4,0,2,3,4,0,
20296,252,203,99,67,56,48,129,228,275,228,145,9,2,3,16,8,0,2,3,6,1,2,3,4,26,1,3,30,25,3,10,0,2,9,4,0,1,2,4,4,1,1,4,4,0,
20312,252,200,100,69,56,46,129,233,274,228,147,9,3,3,13,8,1,2,4,6,1,2,3,4,25,0,3,29,22,8,10,0,1,8,4,0,2,2,4,4,0,1,3,4,0,
20328,251,197,99,69,49,47,127,230,275,232,149,10,3,3,12,8,1,3,3,6,1,0,3,4,25,1,2,29,24,5,11,1,2,9,4,3,0,0,4,4,0,1,3,4,0,
20344,250,191,97,66,51,46,125,232,277,228,149,9,3,3,12,8,1,2,4,7,1,2,3,4,24,1,2,28,25,4,10,1,1,9,4,2,0,1,4,4,0,1,3,6,0,
20360,250,187,97,66,49,45,122,232,273,232,148,10,3,3,12,8,1,2,4,7,1,1,3,4,25,1,3,28,24,4,10,0,2,9,4,0,0,1,4,4,1,1,3,4,0,
20376,249,186,95,70,49,45,123,234,267,231,145,9,3,3,12,8,1,2,3,6,1,2,2,4,26,0,3,27,23,4,11,1,2,8,4,0,0,2,4,4,0,2,4,4,0,
20392,242,182,95,67,44,43,122,232,265,229,145,10,2,3,12,8,1,2,3,6,1,2,3,4,25,0,3,27,22,9,9,1,1,9,4,4,1,1,4,4,0,2,3,4,0,
20408,237,179,96,66,45,40,121,230,265,228,141,9,2,3,12,8,2,2,4,6,0,2,3,4,26,1,2,26,21,10,11,0,2,9,4,0,0,2,4,4,0,1,3,4,0,
20424,238,174,95,67,41,37,119,232,268,228,142,8,3,3,12,8,2,2,4,6,1,2,3,4,25,1,2,25,21,9,10,0,2,10,4,1,0,2,4,4,0,0,3,4,0,
20440,234,171,93,68,41,35,119,231,267,228,142,12,3,3,13,8,2,3,1,6,1,2,4,4,26,1,2,26,20,10,12,0,1,11,4,1,1,1,4,4,0,2,3,4,0,
20456,230,166,90,69,38,34,116,234,267,226,140,9,3,2,12,9,0,2,4,6,0,2,0,4,26,1,3,24,20,7,11,1,1,11,4,0,1,1,4,4,0,1,3,4,0,
20472,232,161,89,66,35,33,111,230,265,222,140,9,3,3,12,8,3,2,3,6,0,2,3,4,26,0,3,23,20,9,11,0,1,10,4,0,1,2,4,4,0,2,3,4,0,
20488,223,155,87,66,33,29,107,225,260,220,140,9,2,3,12,8,1,2,3,6,0,2,3,4,27,1,2,23,20,10,11,0,2,10,4,0,1,1,4,4,0,2,3,4,0,
20504,223,146,87,67,30,27,103,226,261,221,137,10,2,3,12,8,1,3,4,6,1,2,3,4,26,0,3,25,20,10,11,1,2,11,4,0,0,2,4,4,0,3,4,4,0,
20520,215,144,87,69,26,25,99,226,261,219,136,8,3,3,12,8,1,2,4,7,1,0,2,4,27,0,1,25,21,10,10,1,2,10,4,0,0,1,4,4,0,2,3,4,0,
20536,218,140,87,70,27,27,96,228,259,214,135,9,3,3,12,9,2,3,4,6,1,1,3,4,26,0,2,24,23,11,12,1,2,11,4,1,1,2,4,4,0,2,3,4,0,
20552,220,136,87,70,27,25,94,228,260,213,136,10,3,3,13,8,1,2,4,7,1,2,3,4,27,1,2,25,22,10,10,0,1,9,4,0,1,1,4,4,0,2,3,4,0,
20568,215,132,87,67,24,26,92,228,260,211,134,7,2,3,13,7,1,2,4,4,1,2,3,4,28,0,2,23,18,11,11,0,1,11,4,0,0,1,4,4,0,2,3,3,0,
20584,210,124,85,67,24,26,91,228,257,212,136,10,3,3,13,8,1,2,3,6,1,2,3,4,29,1,2,24,19,5,11,1,2,12,4,0,0,2,4,4,0,2,3,4,0,
20600,207,124,84,67,24,27,91,228,254,211,133,8,2,3,13,8,1,2,3,7,1,1,2,4,28,1,3,23,23,8,11,0,1,11,4,0,1,1,4,4,0,1,3,3,0,
20616,207,119,82,66,22,25,87,227,252,208,132,8,3,3,12,8,2,1,3,7,1,2,3,4,28,1,2,23,21,9,12,1,2,11,4,0,0,1,4,4,0,2,3,4,1,
20632,201,118,78,66,22,22,87,223,252,213,135,9,2,3,14,8,1,2,3,7,1,1,3,4,28,0,2,24,21,9,9,0,1,12,4,0,1,1,4,4,0,2,3,4,0,
20648,197,116,79,66,21,21,87,226,252,213,132,9,3,3,12,8,4,2,4,7,1,0,3,4,28,1,2,23,21,8,11,0,1,12,4,0,0,1,4,4,0,1,3,4,0,
20664,194,111,78,66,22,20,87,223,254,212,134,10,3,3,14,8,1,2,4,8,1,1,3,4,29,1,2,24,20,8,12,1,1,12,4,0,1,2,4,4,0,1,3,4,0,
20680,187,105,77,67,19,20,85,223,251,211,132,9,3,3,13,8,1,2,4,6,1,2,3,4,29,0,3,22,20,6,12,0,1,13,4,0,0,1,5,4,0,1,3,4,0,
20696,189,104,73,68,18,19,83,223,251,210,132,9,3,3,14,8,1,3,4,7,0,2,3,4,29,1,2,21,20,10,12,0,1,14,4,0,0,1,4,3,0,3,2,4,0,
20712,187,103,74,66,18,20,84,225,252,211,132,9,3,3,14,8,1,2,3,6,1,2,3,4,29,0,3,22,19,8,12,1,1,14,4,2,0,1,4,4,0,2,3,4,0,
20728,184,103,71,66,18,19,83,223,248,211,128,8,2,3,13,8,1,2,3,6,1,2,3,4,30,1,2,22,15,8,11,0,1,11,4,0,4,1,2,4,0,1,3,4,0,
20744,182,102,70,67,16,19,82,223,250,210,131,9,2,3,13,8,1,3,3,6,0,2,3,4,32,0,2,22,19,8,12,0,1,12,4,0,0,1,4,4,0,1,3,4,0,
20760,178,100,70,66,18,18,81,224,248,211,129,9,3,3,13,8,2,2,4,7,1,2,3,4,32,1,3,21,19,4,13,0,1,12,4,0,1,2,4,4,0,2,3,4,0,
20776,176,99,69,66,17,20,80,224,245,212,131,9,3,3,13,9,2,3,4,6,1,2,3,4,31,1,2,21,18,7,12,0,1,15,4,0,1,1,4,4,0,2,3,4,0,
20792,174,95,69,62,16,16,80,223,244,209,131,9,3,3,12,8,1,2,3,7,1,1,2,4,32,1,2,20,17,9,12,1,1,12,4,0,0,2,4,4,0,2,4,4,0,
20808,173,93,67,61,17,17,79,223,243,211,131,9,3,2,11,8,1,3,3,6,1,2,3,4,32,1,2,20,20,8,11,1,1,12,4,0,1,1,4,3,0,1,3,4,0,
20824,171,94,70,62,16,16,82,221,242,209,129,10,3,3,11,9,1,2,3,7,0,2,3,4,33,0,3,20,19,8,12,1,1,12,0,0,0,2,4,4,0,2,3,4,0,
20840,169,93,68,61,16,18,81,221,243,211,128,9,1,3,12,9,1,3,3,7,1,2,3,4,33,0,3,20,21,4,13,0,3,12,4,1,0,1,4,4,0,2,3,4,0,
20856,169,94,69,61,16,19,81,222,243,212,128,8,2,3,10,8,1,3,3,6,1,2,3,4,33,1,2,24,21,8,12,0,1,12,4,1,0,1,4,4,1,2,3,4,0,
20872,172,95,68,61,17,17,80,223,245,212,128,8,3,3,12,8,1,3,4,9,1,2,3,4,33,0,2,19,22,7,12,0,1,13,4,0,0,1,4,4,0,1,3,4,0,
20888,170,95,68,59,17,18,81,223,246,211,130,9,2,3,12,9,2,2,4,8,1,2,3,4,33,0,2,18,22,3,14,0,1,15,4,0,1,2,4,4,0,1,3,4,0,
20904,171,95,68,59,16,19,81,223,246,212,130,8,3,2,10,10,2,2,4,8,1,3,4,4,33,1,3,19,20,4,12,0,2,14,4,0,0,1,4,4,0,1,3,4,0,
20920,174,95,70,59,16,19,82,224,247,212,127,9,3,3,11,8,1,2,3,9,1,3,4,4,33,1,3,19,20,2,14,1,1,13,4,1,0,3,4,4,0,1,3,4,0,
20936,171,96,67,61,17,19,82,225,249,215,128,9,3,3,11,9,2,3,3,9,1,2,3,4,33,1,2,19,20,1,14,0,1,13,4,0,1,2,4,4,0,1,3,4,0,
20952,174,96,68,58,18,19,82,223,248,216,128,10,3,3,12,8,1,2,3,10,0,2,3,4,33,0,3,18,20,3,14,0,1,12,4,0,0,1,4,4,0,1,3,4,0,
20968,172,95,69,57,18,16,82,223,247,214,128,9,2,3,12,8,1,2,4,9,1,3,0,4,33,0,0,16,20,1,13,0,1,13,4,0,0,2,4,4,0,2,3,4,0,
20984,173,96,67,58,17,17,78,227,247,212,128,9,0,3,11,9,1,3,4,9,1,3,3,4,32,0,2,16,18,1,13,0,1,13,4,1,0,2,4,4,0,1,3,4,0,
21000,174,99,69,57,17,18,80,225,248,215,127,9,3,2,11,9,3,2,4,9,1,3,3,4,32,1,2,15,17,1,13,0,1,12,4,0,0,1,1,4,0,1,2,4,0,
21016,174,96,69,58,16,18,80,220,247,214,126,13,3,3,12,9,2,2,6,10,1,2,3,4,32,1,2,17,19,1,13,0,2,13,4,1,0,2,4,4,0,1,3,4,0,
21032,174,96,69,56,16,20,82,223,245,215,125,9,3,2,12,8,2,3,4,8,0,3,3,4,33,0,2,14,18,2,13,0,1,13,4,0,1,1,4,4,0,1,3,4,0,
21048,174,96,68,56,16,20,82,227,247,215,126,10,3,3,12,8,1,2,4,9,1,2,3,4,33,0,2,14,17,1,14,0,1,13,4,1,0,2,4,4,0,2,3,4,0,
21064,173,94,68,58,16,19,78,227,246,217,126,9,3,3,12,9,1,2,4,9,1,3,3,4,32,1,3,13,19,3,13,0,0,13,4,0,1,2,4,4,0,1,3,4,0,
21080,169,93,67,56,16,17,79,228,246,215,126,9,2,3,12,9,1,3,4,8,1,2,3,4,32,0,3,12,18,2,13,0,1,13,4,0,0,1,4,4,0,2,3,4,0,
21096,169,92,67,57,16,18,82,227,247,215,127,8,3,3,13,8,1,2,3,8,1,3,3,4,32,1,2,12,17,4,12,0,1,13,4,0,0,3,4,4,0,2,3,4,0,
21112,169,92,66,56,15,18,82,225,246,217,125,9,2,3,16,8,0,2,3,7,2,2,3,4,32,0,2,13,17,3,14,1,2,13,4,0,1,1,4,4,0,1,3,4,0,
21128,167,92,66,56,15,17,78,223,248,219,125,12,2,3,12,9,1,3,4,8,1,2,3,4,33,1,3,12,18,1,13,0,1,12,4,0,1,2,4,4,0,1,3,4,0,
21144,164,93,65,56,14,17,81,225,249,217,126,8,2,3,12,8,1,2,4,7,2,2,2,4,30,0,3,12,18,1,12,0,1,12,4,0,0,2,4,4,0,2,3,4,0,
21160,163,90,65,55,15,16,80,223,248,219,124,10,2,3,12,8,1,3,3,8,1,2,8,4,32,0,2,16,15,1,15,0,1,12,4,1,0,1,4,4,0,1,4,4,0,
21176,161,89,64,55,14,18,79,223,247,215,125,9,3,2,12,7,1,3,4,8,1,2,3,4,32,0,3,12,14,1,13,0,2,12,4,0,0,2,4,4,0,1,3,4,0,
21192,161,88,64,55,13,18,78,223,246,216,126,9,3,3,12,8,1,2,3,7,1,1,3,4,31,1,3,16,17,1,13,0,2,13,4,0,0,0,4,4,0,1,3,4,0,
21208,155,90,62,55,14,16,78,221,246,217,126,9,2,3,12,9,2,2,3,7,1,1,3,4,32,1,2,11,14,1,13,1,1,13,4,0,0,1,4,4,0,0,3,4,0,
21224,157,87,63,56,15,16,78,222,244,217,125,9,3,3,12,11,1,2,4,7,1,3,3,4,32,0,2,10,16,1,14,1,2,13,4,0,1,1,4,4,0,2,3,4,0,
21240,157,87,64,57,10,15,79,220,243,219,125,9,4,3,12,9,1,2,4,6,1,3,3,4,31,0,3,10,15,0,16,0,2,13,5,0,1,1,4,4,1,1,3,7,0,
21256,157,85,64,55,14,14,78,223,244,219,127,9,3,3,12,8,2,3,3,7,0,3,3,4,30,0,2,11,15,2,14,1,2,13,4,0,0,1,4,4,0,1,3,4,0,
21272,157,84,62,54,13,14,78,223,245,219,127,8,2,3,12,8,2,2,3,7,1,2,3,4,32,0,3,11,15,0,12,0,2,13,4,0,0,1,4,4,0,2,3,4,2,
21288,157,82,62,55,13,14,78,225,246,222,127,10,3,2,12,8,1,2,4,7,2,2,3,4,31,0,2,10,15,0,12,0,3,15,4,0,0,2,4,4,0,1,6,4,0,
21304,157,82,62,54,12,13,77,227,244,220,127,9,3,3,12,8,2,2,3,8,1,2,3,4,31,1,2,10,14,1,15,0,1,12,4,0,0,1,4,4,0,2,3,4,0,
21320,158,83,63,54,12,14,77,227,245,219,127,9,3,3,12,8,2,2,4,8,1,2,3,4,32,1,0,10,13,2,14,1,2,12,4,1,1,1,4,4,0,2,3,4,0,
21336,157,82,62,54,13,14,78,225,245,218,125,8,2,3,12,7,1,3,3,8,1,2,3,4,31,0,2,10,14,4,12,0,1,12,4,0,0,1,4,4,0,1,3,4,0,
21352,157,82,62,54,13,14,77,224,247,216,126,8,3,3,12,7,1,2,4,8,0,3,2,4,34,1,3,9,13,1,12,0,1,12,4,1,0,1,4,4,0,1,3,4,0,
21368,156,82,62,56,13,15,77,224,248,216,125,9,3,4,12,8,2,3,4,10,1,2,3,4,33,1,3,10,14,2,14,1,1,12,4,0,1,1,4,4,0,1,3,4,0,
21384,157,82,61,54,12,15,76,227,246,216,124,9,2,3,12,8,1,2,3,10,0,3,3,4,33,0,2,9,13,1,15,0,1,12,4,0,0,2,4,4,0,1,3,4,0,
21400,159,82,61,54,13,15,77,227,248,218,124,10,3,4,12,8,1,2,4,10,1,2,3,4,33,1,2,10,15,1,15,1,1,12,4,0,0,1,4,4,0,4,3,4,0,
21416,159,83,61,54,14,16,78,227,248,216,124,9,2,3,12,8,1,2,4,9,1,3,4,4,33,0,2,10,14,0,14,1,1,12,4,0,0,1,4,3,0,2,3,4,0,
21432,161,82,62,54,16,15,79,225,249,215,124,10,2,3,12,8,2,3,4,10,1,3,3,4,33,1,2,9,15,1,16,0,2,12,4,0,1,1,4,4,0,2,3,4,0,
21448,158,82,61,53,13,14,78,226,250,215,123,9,2,3,12,8,1,2,4,9,1,3,3,4,33,1,2,9,15,1,16,0,2,12,4,0,4,2,4,4,0,1,3,4,0,
21464,157,82,60,53,14,14,77,221,248,216,123,9,3,3,12,8,1,3,3,10,1,3,3,4,34,0,2,8,15,3,14,1,1,12,4,0,0,1,4,4,0,1,3,4,0,
21480,154,82,61,53,12,14,77,221,245,215,121,9,3,3,12,11,1,3,3,10,1,3,4,4,34,0,2,8,15,3,14,0,2,11,3,0,0,1,4,4,1,2,4,4,1,
21496,153,80,61,53,15,14,75,223,244,217,123,8,4,3,12,8,2,3,3,10,1,3,0,4,33,1,2,8,15,2,15,0,1,12,4,0,0,2,4,4,0,2,3,4,1,
21512,153,82,61,53,14,15,78,223,246,219,123,9,2,3,12,8,1,2,3,13,2,3,3,4,33,1,2,8,16,2,14,1,1,12,6,1,0,1,4,4,0,1,3,4,0,
21528,153,81,62,53,13,15,78,224,247,219,124,9,2,3,12,8,1,2,3,10,1,3,3,4,34,1,3,8,16,2,15,0,2,12,4,0,0,1,4,4,0,1,3,4,0,
21544,153,82,61,53,12,14,79,223,248,218,125,9,3,3,12,9,1,3,4,10,4,3,3,4,33,1,2,8,16,1,14,0,3,12,4,1,0,2,5,4,0,2,0,4,0,
21560,153,82,62,52,14,14,79,224,249,217,125,9,4,3,12,8,1,3,3,10,0,3,3,4,33,0,2,8,17,2,14,0,1,12,6,0,0,1,4,4,0,1,3,4,0,
21576,152,78,60,53,13,12,77,224,250,217,124,8,2,3,13,8,1,3,3,9,0,2,3,4,33,1,2,8,17,2,13,0,2,12,4,0,1,1,4,4,0,1,2,4,0,
21592,151,76,59,53,13,13,76,223,248,216,124,9,3,3,12,9,2,3,4,10,1,2,3,4,33,1,2,7,16,1,15,1,3,11,4,1,1,1,4,4,0,1,3,4,0,
21608,149,75,58,53,12,12,76,225,248,214,124,10,2,3,12,8,1,2,3,10,0,3,4,4,33,0,2,8,18,1,15,1,1,12,4,0,0,2,4,4,0,1,2,4,0,
21624,146,74,57,53,12,11,74,223,248,215,124,8,3,3,11,9,4,2,3,10,1,2,3,4,33,1,2,7,16,1,15,0,2,12,4,0,0,3,4,4,1,1,3,4,0,
21640,142,74,54,52,13,11,74,224,245,215,124,9,3,3,12,9,1,3,4,10,1,2,4,4,33,1,2,7,15,1,14,0,1,13,4,0,0,1,4,5,0,2,3,4,0,
21656,140,74,54,52,12,10,74,225,246,214,124,9,3,3,13,8,2,3,3,10,1,2,3,4,34,0,2,6,16,0,14,0,1,11,4,0,0,1,4,4,0,1,2,4,0,
21672,140,73,56,53,12,10,74,222,246,213,124,10,3,3,12,7,1,2,3,11,1,2,3,4,33,0,2,6,16,1,16,0,1,11,4,0,0,1,4,4,0,1,3,4,0,
21688,137,74,56,53,16,10,73,222,246,214,125,8,2,3,20,8,1,2,4,10,1,2,2,4,34,0,2,5,16,1,16,1,1,12,4,0,0,0,4,4,0,2,3,4,0,
21704,136,73,56,52,12,10,74,219,248,215,124,10,2,3,12,9,1,3,4,10,1,2,3,4,34,0,2,6,16,1,14,0,1,11,1,0,1,2,4,4,0,1,3,4,0,
21720,134,73,56,51,12,10,73,221,248,216,125,8,3,3,12,9,1,3,4,11,1,3,3,4,33,1,2,6,15,2,15,0,1,11,4,0,1,1,7,4,0,1,3,4,0,
21736,134,72,55,51,12,11,72,221,248,217,125,10,3,3,12,8,1,2,3,11,1,3,3,6,33,0,2,6,16,2,14,1,1,11,4,0,0,1,4,4,0,1,3,4,0,
21752,133,74,54,49,13,11,73,220,248,219,126,9,2,0,13,9,2,2,4,11,1,3,2,4,33,1,3,5,16,1,15,0,1,11,4,1,0,1,4,4,0,2,3,4,0,
21768,132,74,53,49,13,11,72,221,248,219,125,11,3,3,12,8,1,3,4,12,1,3,3,4,33,1,2,5,16,0,14,0,1,11,4,1,3,1,4,4,0,1,3,4,0,
21784,134,73,53,51,13,12,73,224,248,219,125,9,3,3,12,8,2,2,4,11,1,2,3,2,34,0,2,4,18,2,15,0,2,11,4,0,1,2,4,4,0,2,3,4,0,
21800,132,74,55,49,12,12,71,223,250,218,124,9,3,3,12,8,1,3,3,11,2,3,3,4,33,0,2,5,16,2,15,0,1,10,4,0,0,1,4,4,0,1,2,4,0,
21816,132,74,53,51,13,11,73,224,250,219,124,10,2,3,12,8,1,3,4,11,2,3,3,4,33,0,3,5,16,2,16,0,1,11,3,0,0,2,4,4,0,2,4,4,0,
21832,134,74,53,51,13,12,72,223,249,219,124,10,3,3,12,9,3,3,4,12,2,3,3,4,34,1,2,4,15,2,15,0,1,11,4,0,0,1,4,4,0,2,3,4,0,
21848,133,74,53,51,12,12,71,225,249,219,125,9,3,3,13,8,1,2,3,11,1,2,3,6,33,1,3,5,16,1,15,0,1,11,4,0,0,2,4,4,0,1,4,4,0,
21864,134,74,53,51,12,12,72,224,248,219,127,9,3,9,13,9,1,2,4,11,1,3,3,4,34,1,2,4,15,2,15,0,1,13,3,0,0,2,4,4,0,1,3,4,0,
21880,132,72,51,51,12,11,72,224,247,219,126,9,2,3,12,8,1,3,3,11,1,3,3,4,34,1,2,3,16,3,13,0,1,11,4,1,0,1,4,4,0,1,3,4,0,
21896,133,73,52,51,12,11,71,225,246,217,125,9,2,3,12,8,1,2,3,11,1,2,6,4,34,1,2,3,16,1,16,1,1,11,4,1,0,2,4,4,0,2,3,4,0,
21912,131,71,53,51,12,12,72,224,246,217,126,9,3,3,12,9,1,3,3,12,1,2,3,4,33,1,3,3,14,2,16,0,2,11,4,0,0,2,4,4,0,2,3,4,0,
