TimeSinceCollection,Timestamp,PlantarValue
0,2921906,6;0;2;6;0;2;0;6;0;1;3;6;0;2;3;6;0;1;2;6;0;1;3;4;7;0;3;2;4;0;6;0;2;3;4;0;0;2;2;4;0;1;2;4;0
16,2921922,6;0;2;7;0;2;3;6;0;2;0;6;0;2;3;6;0;1;3;6;0;2;2;4;6;0;2;3;4;0;6;0;1;3;4;0;0;2;3;4;0;2;2;4;0
32,2921938,7;0;3;6;0;2;3;6;0;2;2;6;0;2;3;6;0;3;2;6;0;2;3;4;6;0;2;3;4;0;6;0;2;4;4;0;0;3;3;4;0;3;3;4;0
48,2921954,6;1;2;6;0;2;3;6;0;2;2;6;0;1;4;6;0;2;3;6;0;1;3;4;6;0;2;3;4;0;6;0;2;2;4;0;0;1;2;4;0;6;2;4;2
64,2921970,7;0;0;6;0;2;3;6;0;2;2;6;0;2;2;6;0;1;3;6;0;1;3;4;6;0;1;3;3;0;6;0;1;3;4;0;0;1;3;4;0;2;3;4;0
80,2921986,6;0;1;6;0;1;3;7;0;2;2;6;0;2;3;6;0;2;2;6;0;1;3;4;6;0;1;2;4;0;6;0;1;2;4;0;0;1;3;4;0;2;2;4;0
96,2922002,6;0;2;6;0;1;2;8;0;2;2;6;0;1;3;6;0;2;3;6;0;0;2;4;6;0;1;3;4;0;6;0;1;6;4;0;0;4;3;4;0;3;2;4;0
112,2922018,6;0;1;6;0;2;3;6;1;1;2;6;0;2;3;6;0;1;2;6;0;1;3;4;6;0;2;3;4;0;6;0;2;2;4;0;0;2;2;4;0;1;2;4;0
128,2922034,6;0;1;6;0;2;2;6;0;1;2;6;0;1;2;7;0;1;2;6;0;1;3;4;6;0;1;2;4;0;8;4;2;0;9;0;0;1;3;4;0;1;2;4;0
144,2922050,6;0;2;6;0;2;3;6;0;1;2;6;0;1;3;6;0;2;2;6;0;1;3;1;6;0;1;3;4;0;6;0;1;3;4;0;0;1;3;4;0;1;3;4;0
160,2922066,6;0;2;6;0;2;2;6;0;2;2;6;0;2;2;6;0;2;2;6;0;1;3;4;6;0;2;2;4;0;6;0;2;2;6;0;0;2;3;4;0;2;2;4;0
176,2922082,6;0;2;6;0;4;3;6;3;2;2;6;0;1;3;6;0;2;3;6;0;2;2;4;6;0;2;3;4;0;6;0;3;2;4;0;0;2;3;4;0;1;2;4;0
192,2922098,7;0;3;7;0;4;2;6;0;2;2;6;0;2;2;6;0;2;2;6;0;1;2;4;6;0;1;2;4;0;11;0;2;3;4;0;0;1;1;5;0;2;3;4;0
208,2922114,6;0;2;7;0;2;3;6;0;2;2;6;0;1;2;6;0;1;3;7;0;2;2;5;6;0;1;3;4;0;6;0;3;4;4;0;0;2;2;4;0;2;3;4;0
224,2922130,6;0;2;6;0;2;2;6;0;1;2;6;0;2;3;8;0;1;3;6;0;2;3;4;6;6;2;3;4;0;6;0;2;2;4;0;0;2;3;4;0;2;3;4;0
240,2922146,6;0;2;6;0;1;2;6;0;2;2;6;0;2;2;7;0;2;2;6;0;2;3;4;6;0;2;2;4;3;6;0;2;2;4;0;0;2;3;4;0;3;2;4;0
256,2922162,7;0;2;7;1;3;3;6;0;2;2;6;0;1;2;6;1;3;3;6;0;2;2;4;6;8;1;2;4;0;4;1;2;2;4;0;0;2;0;4;1;1;2;4;0
272,2922178,7;0;2;6;0;2;3;6;0;1;2;6;0;2;3;6;0;1;9;6;0;2;3;4;6;0;1;3;4;0;6;0;2;2;4;0;0;2;3;4;0;1;2;4;0
288,2922194,6;0;1;6;0;1;2;6;0;2;2;6;0;2;2;6;0;2;2;7;0;1;3;4;6;0;1;3;4;0;6;0;2;2;4;0;0;2;3;4;0;2;2;4;0
304,2922210,5;0;2;7;0;2;3;6;0;2;2;6;0;1;2;6;0;3;3;6;0;1;7;4;6;0;1;3;4;0;6;0;2;2;4;0;0;1;0;4;0;2;2;3;0
320,2922226,6;0;2;6;0;2;3;6;0;2;3;7;0;1;2;6;0;1;3;6;0;1;2;4;6;0;1;2;4;0;6;0;4;3;4;0;0;1;3;4;0;1;2;4;0
336,2922242,6;0;3;6;0;2;2;11;1;1;3;6;0;1;3;6;0;1;3;6;0;2;2;4;7;1;2;2;4;0;7;0;1;2;4;0;0;3;3;4;0;2;3;6;0
352,2922258,6;0;2;6;0;2;3;6;0;2;0;6;0;2;2;6;0;1;2;6;0;1;3;4;6;0;1;2;4;0;5;0;1;3;4;0;0;2;2;4;4;1;2;4;0
368,2922274,7;0;1;6;0;2;2;6;0;2;2;6;1;1;2;6;0;1;2;9;0;1;2;4;6;0;2;3;4;0;7;0;3;2;0;0;0;1;3;4;0;2;2;4;0
384,2922290,4;0;3;6;0;2;3;6;0;1;3;6;0;1;3;6;0;0;3;6;1;2;3;4;6;0;2;3;4;0;6;0;3;3;4;0;0;2;3;4;0;1;3;4;0
400,2922306,6;0;2;5;0;1;3;6;0;2;2;6;3;1;2;6;0;2;3;3;0;2;2;4;6;0;1;2;4;0;3;0;1;3;4;0;0;1;2;4;0;2;2;4;0
416,2922322,7;0;2;6;3;1;3;7;0;2;2;6;0;2;0;6;0;2;3;6;0;3;1;4;6;0;1;0;4;0;6;0;2;3;4;0;0;1;2;4;0;2;3;4;0
432,2922338,7;0;1;6;1;1;2;8;0;2;3;7;0;2;1;6;0;1;3;6;0;1;3;4;6;0;1;2;4;0;6;0;1;2;4;0;0;1;2;4;0;2;2;4;0
448,2922354,6;0;3;6;0;1;3;6;0;1;2;7;0;1;3;6;0;2;2;6;0;2;2;4;7;0;2;3;4;0;6;0;2;3;4;0;0;2;3;3;0;0;2;4;0
464,2922370,6;0;2;6;0;1;2;8;0;3;2;6;0;2;3;6;0;2;2;6;0;2;2;4;6;0;2;2;4;0;6;0;1;3;4;0;0;0;2;3;0;1;2;6;0
480,2922386,7;0;1;6;0;2;2;6;0;2;2;7;0;3;2;6;0;1;3;7;0;2;2;4;6;0;1;3;4;0;6;0;2;2;4;0;0;2;1;4;0;2;4;4;0
496,2922402,6;1;1;6;0;1;3;6;0;1;3;6;0;2;3;6;0;1;3;6;0;2;3;3;6;0;1;2;3;0;6;0;2;2;4;0;0;1;2;4;0;2;2;4;0
512,2922418,7;0;1;7;0;1;3;7;0;0;2;6;0;2;3;6;0;1;1;6;0;1;2;4;7;0;2;2;4;0;6;0;1;3;4;0;0;1;2;4;0;2;2;4;0
528,2922434,6;0;1;6;0;2;2;6;0;1;1;6;0;2;3;6;0;2;2;6;0;2;3;4;6;0;1;2;4;0;6;0;1;2;4;0;0;2;1;4;4;2;3;4;0
544,2922450,6;0;1;6;0;2;3;6;0;1;3;6;0;1;2;5;0;1;3;5;0;2;2;4;6;0;1;2;4;0;6;0;1;2;4;0;0;2;2;4;0;1;3;4;0
560,2922466,6;0;2;6;0;1;2;6;0;1;3;6;0;2;3;6;0;1;2;6;0;2;2;4;6;0;2;3;4;0;6;0;2;2;4;0;0;2;2;4;0;1;2;4;0
576,2922482,6;0;2;6;0;2;2;6;0;1;2;6;0;2;2;6;0;2;3;6;0;2;2;4;6;0;2;3;4;0;6;0;2;3;4;0;0;4;3;4;0;2;2;4;0
592,2922498,6;0;2;6;0;1;3;6;0;2;4;6;0;2;3;6;0;2;2;6;0;1;2;4;6;0;2;2;4;1;6;0;2;3;4;0;1;2;3;6;1;2;3;4;0
608,2922514,7;0;2;6;0;2;3;6;0;1;2;6;0;1;3;6;0;1;3;6;0;3;3;4;6;0;1;2;3;0;6;0;3;3;4;0;0;2;2;4;0;1;2;3;0
624,2922530,6;0;1;6;0;1;3;6;0;1;2;6;0;1;2;6;0;3;2;6;0;2;2;4;6;0;1;2;4;0;6;0;2;3;4;0;0;2;2;4;0;1;2;4;0
640,2922546,7;0;1;6;0;1;3;6;0;1;3;6;0;1;3;6;0;2;3;6;0;2;4;4;6;0;1;2;4;0;6;1;2;3;4;0;0;3;1;4;4;1;2;4;0
656,2922562,7;0;1;6;0;2;3;6;0;1;2;7;0;2;3;6;0;2;2;6;0;2;2;4;5;0;1;3;4;0;6;0;1;2;4;0;0;2;2;4;0;2;3;4;0
672,2922578,6;0;2;7;0;2;2;6;0;2;2;6;0;1;3;6;0;2;3;6;0;2;2;4;6;0;2;3;4;0;6;0;2;3;4;0;0;2;2;4;0;2;3;4;0
688,2922594,6;0;1;6;0;2;3;6;0;2;3;6;0;1;2;6;0;1;2;6;0;1;3;4;6;0;1;2;4;0;6;0;1;3;4;6;6;2;3;4;0;2;2;4;0
704,2922610,7;2;2;6;0;2;3;7;0;1;2;5;0;2;3;8;0;2;2;6;0;2;2;4;7;0;2;3;4;0;6;0;2;3;4;0;0;3;3;4;0;2;2;4;0
720,2922626,7;0;1;6;0;1;3;7;0;1;2;6;0;1;2;6;0;1;2;6;0;2;3;4;6;0;1;3;4;0;6;0;2;3;4;0;0;0;2;4;0;1;3;4;0
736,2922642,6;0;2;6;0;2;2;6;0;2;2;6;0;2;3;6;0;1;2;7;0;2;2;4;7;0;1;3;4;0;6;0;2;3;4;0;1;3;3;4;0;2;3;4;0
752,2922658,6;0;1;6;0;2;2;6;0;2;3;6;0;2;2;6;0;2;2;7;0;1;2;4;6;0;1;2;4;0;6;0;1;3;4;0;0;2;3;4;0;1;2;4;0
768,2922674,7;0;1;6;0;1;2;6;0;2;2;6;0;2;2;6;0;2;2;6;0;2;2;4;6;0;1;3;4;0;6;0;1;3;4;0;0;2;3;4;0;1;3;4;0
784,2922690,6;0;2;4;0;2;2;6;0;1;3;6;0;2;2;6;0;2;3;6;0;2;2;4;6;0;3;2;4;0;6;0;2;2;4;0;0;1;3;4;0;2;3;4;0
800,2922706,6;0;1;6;0;1;3;6;0;2;3;6;0;1;3;6;0;1;3;6;0;2;3;4;6;0;2;2;4;0;6;0;1;2;4;0;0;1;2;4;0;2;3;4;0
816,2922722,7;0;2;6;0;2;3;6;0;1;3;6;0;1;2;6;0;2;2;6;1;3;2;4;6;0;1;2;4;0;6;0;1;3;4;0;0;2;3;4;0;2;2;4;0
832,2922738,6;0;2;6;0;1;3;6;0;2;3;7;0;3;2;6;0;2;2;6;0;1;3;4;6;0;2;3;4;0;6;0;2;2;5;0;0;2;1;4;0;2;3;4;0
848,2922754,6;0;2;7;0;2;3;6;0;2;2;6;0;1;1;6;0;1;2;6;0;2;3;4;6;0;1;2;4;0;6;0;1;3;4;0;0;2;2;4;0;2;2;4;0
864,2922770,7;0;2;6;0;2;2;6;0;1;2;6;0;2;3;6;0;1;3;7;0;1;2;4;6;0;1;3;4;0;6;0;1;2;4;0;0;1;2;4;0;2;2;3;0
880,2922786,7;0;2;6;0;1;3;6;0;2;4;6;0;2;2;6;0;1;2;6;0;2;2;4;6;0;2;3;4;0;7;0;1;3;4;0;0;2;3;4;0;2;2;4;0
896,2922802,6;0;2;7;0;2;3;6;0;2;3;6;0;1;2;6;0;4;2;6;0;2;3;4;6;1;2;2;4;0;6;0;2;2;4;0;0;2;3;4;0;1;3;4;0
912,2922818,6;0;2;7;0;3;3;6;0;2;2;6;0;2;2;4;0;1;2;6;0;2;3;4;7;0;1;3;4;1;7;0;2;3;4;0;0;1;3;4;0;1;2;4;0
928,2922834,7;0;2;3;0;1;3;6;0;1;2;6;0;3;3;6;0;2;1;6;0;2;3;4;7;0;2;3;4;0;6;0;2;3;4;0;0;2;3;4;0;2;3;4;0
944,2922850,6;0;1;6;0;1;3;6;0;0;2;7;0;2;3;6;0;1;2;6;0;1;2;4;6;0;3;3;4;0;6;0;1;4;4;0;0;2;3;4;0;2;3;4;0
960,2922866,6;0;2;6;0;2;3;6;0;2;2;6;0;2;2;7;1;2;3;6;0;7;2;4;7;0;1;2;4;0;8;0;2;2;4;0;0;2;2;4;0;2;2;4;0
976,2922882,6;0;2;7;0;2;3;6;0;2;3;6;0;3;1;6;0;1;2;6;2;1;2;4;6;0;1;2;4;0;6;0;2;2;4;0;0;2;3;4;0;2;2;4;0
992,2922898,7;0;2;8;0;1;3;6;0;2;3;7;0;2;3;7;0;1;3;6;0;1;3;4;6;0;1;3;4;0;6;0;2;3;4;0;0;2;3;4;0;2;2;4;0
1008,2922914,5;0;2;6;0;1;3;6;0;3;2;6;0;2;2;8;0;1;3;6;0;1;2;4;6;0;2;2;4;0;6;0;1;3;4;0;0;2;2;4;0;2;3;4;0
1024,2922930,6;0;2;6;0;2;2;6;3;2;3;6;0;2;3;6;0;2;2;6;0;2;8;4;3;0;1;3;4;0;6;0;2;2;4;0;0;3;2;4;0;2;2;4;0
1040,2922946,6;0;2;6;0;3;2;6;0;1;2;6;0;3;2;6;0;2;3;6;0;1;3;4;7;0;2;1;4;0;6;0;1;3;4;0;0;2;2;4;0;1;2;4;0
1056,2922962,6;0;1;6;0;2;2;6;0;2;2;6;0;1;3;7;0;2;2;6;0;2;3;4;6;0;2;2;4;0;6;0;3;3;4;0;0;2;2;4;0;2;3;4;0
1072,2922978,7;0;3;6;0;1;2;7;0;1;2;6;0;1;2;6;0;2;3;7;0;2;3;4;6;0;2;3;4;0;7;0;1;2;4;0;0;2;3;4;0;2;3;4;0
1088,2922994,6;0;2;6;0;2;2;6;0;2;3;6;0;3;2;6;0;2;2;6;0;1;2;4;6;0;2;2;4;0;6;0;2;0;4;0;0;2;3;4;0;4;2;4;0
1104,2923010,6;0;2;6;0;1;3;6;0;2;3;6;0;2;3;6;0;2;3;6;0;1;2;4;4;0;2;3;4;0;6;0;1;3;4;0;0;1;2;4;0;2;2;4;0
1120,2923026,6;0;1;6;0;2;1;6;0;1;2;6;1;1;2;8;0;2;2;7;0;1;2;4;6;0;2;2;4;0;6;0;2;2;4;0;1;4;2;4;0;2;2;4;0
1136,2923042,6;0;2;7;0;1;3;6;0;2;3;6;0;1;3;6;0;1;3;6;0;2;3;4;6;0;2;2;4;0;6;0;2;3;4;0;0;1;2;4;0;2;3;4;0
1152,2923058,7;0;1;6;0;1;2;6;0;2;3;6;0;1;2;6;1;3;2;6;0;1;2;4;6;1;2;3;4;0;6;0;2;2;7;0;0;2;2;4;0;1;2;4;0
1168,2923074,6;0;2;6;0;2;2;6;0;2;2;6;0;1;1;6;0;2;3;6;0;1;2;4;4;0;1;3;4;0;6;0;1;2;4;0;0;2;3;4;0;1;2;4;0
1184,2923090,6;0;2;6;0;2;3;6;0;2;2;6;0;1;2;8;0;2;3;6;0;1;2;4;6;0;1;3;4;0;6;0;1;3;4;1;0;2;2;4;1;1;3;4;0
1200,2923106,6;0;2;7;0;2;3;6;0;2;2;6;0;2;2;6;0;2;2;6;0;2;2;4;6;0;2;3;4;0;6;0;1;3;4;0;0;1;2;4;0;2;2;4;0
1216,2923122,6;0;1;6;0;1;2;6;0;1;3;6;0;4;3;6;0;1;3;6;0;1;2;4;6;0;2;3;4;0;7;0;2;3;5;0;0;2;3;4;0;2;2;4;4
1232,2923138,7;0;1;6;0;2;2;7;0;2;3;6;0;2;2;7;0;1;3;6;0;2;3;4;6;0;2;3;4;0;7;4;2;2;4;0;0;2;2;4;0;1;2;4;0
1248,2923154,6;0;2;6;0;1;3;6;0;1;3;6;0;1;3;6;0;2;3;6;0;1;3;4;9;0;2;3;4;0;6;0;2;2;4;0;0;2;3;4;0;1;3;4;0
1264,2923170,6;0;2;6;0;1;2;7;0;2;2;6;0;2;1;6;0;2;2;6;0;1;3;4;6;1;1;2;3;0;6;0;1;3;4;0;0;1;2;4;0;2;3;4;0
1280,2923186,6;0;1;6;0;2;3;6;0;1;2;6;0;2;3;6;0;2;3;6;0;1;2;4;6;0;2;2;4;0;6;0;2;2;4;0;0;2;2;4;0;0;2;4;0
1296,2923202,6;0;2;6;0;1;3;6;0;4;3;5;0;2;1;6;0;1;2;7;0;2;2;4;6;0;3;2;4;0;6;0;1;2;4;0;0;2;2;4;0;2;0;4;0
1312,2923218,6;0;2;6;0;0;3;6;0;2;2;6;0;2;1;6;0;1;3;6;0;3;2;4;7;0;1;2;4;0;6;0;1;3;4;0;0;1;2;6;0;1;1;4;0
1328,2923234,3;0;2;6;1;2;2;6;0;1;0;6;0;2;2;6;0;1;2;7;0;2;0;4;7;0;1;2;4;0;6;0;1;3;3;0;0;1;3;10;0;2;2;4;0
1344,2923250,6;0;1;6;0;1;3;6;0;2;2;6;0;1;4;6;0;1;3;6;0;2;2;4;6;0;1;3;4;0;6;0;2;2;4;0;0;1;2;4;0;1;3;4;0
1360,2923266,7;0;2;6;0;2;3;6;0;1;2;6;0;2;2;6;0;2;3;2;0;1;2;4;6;0;2;2;4;0;6;0;2;3;4;0;0;2;2;4;0;1;2;4;0
1376,2923282,6;0;1;6;0;1;3;6;0;1;2;6;0;2;5;6;0;2;2;6;0;2;3;4;8;0;2;3;0;1;6;0;2;3;4;3;0;1;3;4;0;2;2;4;0
1392,2923298,7;0;3;6;0;1;3;6;0;1;3;7;0;2;3;7;0;1;3;6;0;2;2;4;6;0;1;3;4;0;6;0;2;1;4;0;0;2;2;4;0;2;2;4;0
1408,2923314,6;0;2;6;0;3;2;5;0;1;3;6;0;1;2;6;0;1;3;6;0;2;3;4;6;0;2;2;4;0;6;1;5;2;5;0;0;1;3;4;0;2;2;4;0
1424,2923330,6;0;1;6;0;3;3;6;0;2;2;6;0;1;2;6;0;2;2;6;0;3;2;4;6;2;3;2;4;0;7;0;2;2;4;0;0;2;2;3;0;2;2;4;0
1440,2923346,6;0;1;6;0;2;3;6;0;1;2;6;0;2;3;6;0;2;1;6;0;2;3;4;6;0;1;1;4;0;6;0;0;2;4;0;0;2;3;4;0;1;2;4;0
1456,2923362,6;0;2;6;0;2;2;6;0;2;0;6;1;2;2;6;0;1;3;6;0;1;2;4;6;0;2;2;4;0;6;0;1;2;4;0;0;1;2;4;0;2;3;4;0
1472,2923378,6;0;2;6;0;2;3;6;0;2;3;6;0;6;2;6;0;1;3;6;0;2;2;4;6;0;1;3;3;0;7;1;1;3;4;4;0;2;2;4;0;2;3;4;0
1488,2923394,6;0;2;6;0;1;2;6;0;2;3;6;0;2;2;6;0;2;2;6;0;3;2;4;6;0;1;4;4;0;6;0;1;2;4;0;0;1;3;4;1;2;2;4;0
1504,2923410,6;0;2;6;0;1;3;6;0;1;3;6;0;1;2;6;0;2;0;6;0;1;2;4;6;0;2;3;4;0;6;0;2;2;4;0;0;2;2;4;0;1;3;4;0
1520,2923426,7;0;2;6;0;1;3;6;0;2;3;6;0;1;3;6;0;1;3;6;0;4;2;4;6;0;2;2;4;0;6;0;2;2;4;0;0;1;2;4;0;1;2;4;0
1536,2923442,7;0;2;6;0;2;3;6;0;1;2;6;0;2;3;6;1;1;2;6;0;2;3;4;6;0;2;2;4;0;6;0;1;2;4;0;0;2;2;4;0;1;2;4;0
1552,2923458,6;0;1;6;0;2;2;6;0;1;2;6;0;1;3;6;0;1;3;6;0;1;3;4;6;0;1;2;4;0;6;0;2;2;4;0;0;2;3;2;0;2;3;4;0
1568,2923474,6;0;2;6;0;2;3;6;0;1;2;7;0;1;3;6;0;2;3;6;0;2;2;4;6;0;2;2;2;0;6;0;2;2;4;0;0;3;2;4;0;2;2;4;0
1584,2923490,7;0;1;6;2;2;2;7;0;1;3;6;0;1;2;8;0;1;2;8;0;2;3;4;4;3;2;4;4;0;6;0;2;3;4;0;0;2;2;4;0;1;3;4;0
1600,2923506,6;0;2;7;0;1;3;6;3;1;3;6;0;1;2;6;0;1;3;6;0;1;2;4;6;0;2;3;4;0;6;0;1;2;4;0;0;1;2;4;0;2;3;4;0
1616,2923522,8;0;2;7;0;2;3;6;0;2;3;6;0;1;2;6;0;2;3;6;0;1;2;4;6;0;2;2;4;0;6;0;2;3;4;0;0;1;2;4;0;1;2;4;0
1632,2923538,6;0;3;6;0;2;2;6;0;1;5;7;0;1;3;6;0;2;2;6;0;1;3;4;6;0;1;3;1;0;6;0;1;3;3;0;0;2;2;4;0;2;3;4;0
1648,2923554,7;0;1;6;0;2;2;6;0;2;3;6;0;3;3;6;0;2;3;6;0;1;3;4;7;0;2;2;4;0;7;0;1;2;4;0;0;1;3;4;0;2;3;4;0
1664,2923570,7;0;2;6;0;2;3;7;0;1;2;6;0;2;3;7;0;2;2;7;0;1;2;4;6;0;1;3;3;0;7;0;2;3;4;0;0;2;2;4;0;1;2;4;0
1680,2923586,6;0;2;6;0;1;2;6;0;2;2;7;0;2;2;6;0;1;3;6;0;1;2;4;7;0;1;3;4;0;6;0;2;2;4;0;0;2;2;4;0;3;2;4;0
1696,2923602,6;0;2;6;0;2;3;6;0;1;2;6;0;1;3;6;0;1;3;6;0;1;3;4;6;0;2;3;4;0;6;0;1;3;4;0;0;2;3;4;0;1;3;4;0
1712,2923618,7;0;2;6;0;2;2;6;0;1;3;6;0;2;2;6;0;1;1;6;0;3;3;4;6;0;1;3;4;0;6;0;2;2;4;0;0;1;3;4;0;1;3;4;0
1728,2923634,6;0;1;6;0;2;3;6;0;2;3;6;0;1;3;6;0;1;3;6;0;2;3;4;6;0;2;3;4;0;6;0;1;2;4;0;0;1;2;4;0;2;2;4;0
1744,2923650,7;0;2;6;0;2;3;6;0;2;2;6;0;1;3;6;0;1;2;7;0;2;2;4;6;0;3;2;4;0;6;0;0;2;4;0;0;1;2;4;0;1;3;4;0
1760,2923666,7;0;3;6;0;3;3;6;0;2;2;6;0;2;2;6;0;2;2;6;0;2;2;4;6;0;2;4;4;0;6;0;2;3;3;0;0;2;3;4;0;2;3;4;0
1776,2923682,7;0;1;6;0;1;2;6;0;2;2;6;0;1;3;6;0;1;2;6;0;2;3;4;6;0;1;3;4;0;6;0;1;2;4;0;0;1;3;4;0;2;2;4;0
1792,2923698,6;0;2;6;0;2;3;7;0;2;3;6;0;1;3;6;0;3;2;8;0;2;3;4;6;0;2;2;4;0;6;0;2;3;4;0;0;2;3;4;0;1;2;4;0
1808,2923714,6;0;2;6;0;2;3;6;1;1;2;6;0;1;2;6;0;2;2;6;0;2;3;4;5;0;2;2;4;0;6;0;2;2;4;0;0;2;0;4;0;2;2;4;4
1824,2923730,6;0;2;6;0;4;2;6;0;3;3;6;0;2;1;6;0;2;9;6;0;2;2;4;6;0;2;3;4;0;6;0;2;3;4;0;0;2;3;1;0;1;2;4;0
1840,2923746,6;0;1;6;0;2;2;6;0;2;2;7;0;1;3;6;1;2;2;6;0;2;2;4;8;0;2;3;4;0;6;0;1;2;4;0;0;2;3;4;0;2;3;4;0
1856,2923762,6;0;1;6;0;3;3;6;0;2;2;6;0;1;2;6;0;2;4;6;0;1;2;4;7;0;1;3;4;0;7;0;1;3;4;0;0;1;3;4;0;2;3;4;0
1872,2923778,6;0;2;6;0;2;3;6;1;1;3;6;0;2;3;6;0;2;3;6;0;2;3;4;6;0;1;2;4;0;6;0;2;2;4;0;0;2;2;4;0;2;2;0;3
1888,2923794,7;0;2;6;0;1;2;6;0;1;2;6;0;1;2;7;0;1;2;6;0;1;2;4;6;0;2;3;4;0;6;0;2;2;4;0;0;2;2;4;0;2;2;4;0
1904,2923810,6;0;1;6;0;2;2;6;0;1;3;6;0;1;2;6;0;2;2;6;0;1;3;4;4;0;2;2;4;0;7;0;2;3;4;0;0;2;2;4;0;2;1;4;0
1920,2923826,7;0;1;6;0;1;2;6;0;1;3;6;0;1;3;6;0;1;2;6;0;2;2;4;6;0;2;2;4;0;6;0;2;2;4;0;0;1;3;4;0;0;2;4;0
1936,2923842,6;0;2;6;0;2;3;6;0;2;2;6;0;6;2;6;0;1;3;6;0;1;3;4;6;0;2;2;4;0;7;0;2;2;4;0;0;2;3;4;0;1;2;4;0
1952,2923858,6;2;2;6;1;1;2;6;0;2;2;6;0;2;2;6;0;2;2;6;0;2;3;4;6;0;2;2;4;0;6;0;1;2;4;0;0;2;3;4;0;1;2;4;0
1968,2923874,7;0;3;6;0;1;3;6;0;2;2;6;0;1;2;7;0;1;1;6;0;2;3;4;6;0;3;3;4;0;5;0;1;3;4;0;0;2;3;4;0;1;3;4;0
1984,2923890,6;0;1;6;0;1;3;7;0;1;3;6;0;2;2;6;0;1;3;6;0;1;3;4;6;0;2;2;4;0;6;0;1;3;4;0;0;1;3;4;0;2;3;4;0
2000,2923906,7;0;2;6;1;1;3;6;0;2;1;6;0;2;3;6;0;2;2;6;0;2;2;4;6;0;3;2;4;0;6;0;2;3;4;0;0;2;3;4;0;1;2;4;0
2016,2923922,6;0;2;8;0;2;3;6;0;2;3;6;0;1;2;6;0;2;3;6;0;2;3;4;6;0;1;2;4;0;6;0;2;3;6;0;0;2;3;4;0;1;2;4;0
2032,2923938,5;0;2;6;0;2;2;6;0;2;3;6;0;2;2;6;0;2;3;7;0;1;3;4;6;0;2;2;4;0;6;0;1;2;4;0;1;2;2;4;0;2;3;4;0
2048,2923954,6;0;2;6;0;1;2;6;0;2;1;6;0;2;3;6;0;2;2;6;2;1;3;4;6;0;3;2;4;0;6;0;2;3;4;0;0;1;3;4;0;1;2;4;0
2064,2923970,7;0;2;6;0;2;2;7;0;1;3;6;0;1;3;6;0;2;3;6;0;1;3;4;6;0;1;3;4;0;6;0;2;3;4;0;0;2;3;4;0;1;3;4;0
2080,2923986,6;0;1;6;0;1;2;6;0;1;2;6;0;2;2;7;0;1;2;6;0;2;2;4;6;0;2;3;4;0;8;0;2;2;4;0;0;1;3;4;0;1;1;4;0
2096,2924002,6;0;1;6;0;1;2;6;1;1;2;6;0;2;3;6;0;2;4;6;0;2;2;4;6;0;2;2;1;1;7;0;2;3;4;0;0;2;2;3;0;1;2;4;0
2112,2924018,6;0;2;6;1;3;2;6;0;1;3;6;0;2;3;7;0;1;2;6;0;1;3;3;6;0;2;3;4;0;6;0;3;2;4;0;0;2;2;4;0;2;2;4;1
2128,2924034,6;0;2;6;0;2;2;6;0;1;2;7;0;2;2;6;0;2;3;6;0;2;3;5;6;0;2;3;2;0;6;0;2;2;4;0;0;1;3;4;0;2;2;4;0
2144,2924050,7;0;2;6;0;4;2;6;0;2;2;5;0;1;3;6;0;2;4;6;0;1;2;4;6;0;1;3;4;0;6;0;1;2;4;0;0;2;3;4;0;1;3;3;0
2160,2924066,6;0;1;6;0;1;3;6;0;2;2;6;0;1;2;6;0;1;2;6;0;1;2;4;6;0;1;3;4;0;6;0;1;3;4;0;0;2;4;4;1;2;3;4;1
2176,2924082,6;0;2;7;0;1;2;6;0;1;2;7;0;2;2;6;0;1;3;6;0;1;4;4;6;0;2;4;4;0;6;0;2;2;4;0;0;2;2;4;0;2;2;3;0
2192,2924098,6;0;0;6;0;2;2;6;0;2;3;6;0;1;2;6;0;1;3;6;0;1;2;4;6;0;1;3;4;0;6;0;1;3;4;0;0;1;2;4;0;2;0;4;0
2208,2924114,6;0;2;6;0;2;3;6;0;1;2;7;0;1;1;6;0;2;3;6;0;1;2;4;7;0;1;2;4;0;6;0;2;0;4;0;0;1;3;4;0;2;3;4;0
2224,2924130,6;0;1;7;0;2;3;6;3;2;2;6;0;2;3;6;0;2;3;6;0;2;2;4;6;0;2;2;4;0;6;0;1;2;4;0;8;1;2;4;0;2;3;4;0
2240,2924146,7;0;2;4;0;2;3;6;0;2;2;6;0;1;3;6;0;0;2;6;0;1;2;4;6;0;1;3;4;0;6;0;2;2;4;0;0;1;3;4;0;1;3;4;0
2256,2924162,6;1;1;6;0;2;3;6;0;2;2;6;0;1;0;6;0;1;0;6;0;3;2;4;7;0;1;2;4;0;6;0;2;3;4;0;0;1;2;4;3;0;2;4;0
2272,2924178,7;0;1;6;8;2;2;6;0;2;2;6;0;2;3;7;0;1;2;6;0;1;3;4;6;0;2;2;4;0;6;0;2;3;4;0;0;2;2;4;0;1;3;4;0
2288,2924194,7;0;2;6;0;2;3;6;0;2;2;6;0;2;2;5;0;2;3;6;1;2;1;4;6;0;1;2;8;0;6;0;1;1;4;0;0;2;2;4;0;2;3;4;0
2304,2924210,7;0;2;7;0;2;3;6;0;1;2;6;0;1;3;6;0;2;2;6;0;2;3;4;8;0;1;3;4;0;7;0;2;1;4;0;0;3;3;4;0;2;2;4;0
2320,2924226,6;0;2;6;0;1;3;6;0;2;2;6;0;1;2;6;0;1;2;6;0;2;4;4;7;0;2;3;0;0;6;0;2;2;4;0;0;2;3;4;0;2;3;4;0
2336,2924242,7;0;3;6;0;2;6;6;0;1;3;7;0;1;3;6;0;2;2;6;0;2;2;4;6;0;2;3;4;0;6;0;1;2;4;0;0;2;4;4;0;2;2;4;0
2352,2924258,6;0;2;6;0;1;2;7;0;2;3;6;0;2;2;3;0;2;1;6;0;1;3;4;6;0;2;2;4;0;6;0;2;2;4;0;0;2;2;4;0;1;3;4;0
2368,2924274,7;0;2;6;0;2;2;6;0;1;3;6;0;1;2;6;0;2;2;6;0;2;2;4;7;0;2;3;4;0;7;0;1;3;4;0;0;2;2;4;0;2;3;4;0
2384,2924290,7;0;2;4;0;2;2;6;0;2;3;6;0;1;2;6;0;2;3;6;0;1;3;4;6;0;2;2;3;0;6;0;2;2;4;0;0;2;3;4;0;2;2;4;0
2400,2924306,7;0;1;6;0;1;3;6;0;2;2;6;0;1;3;6;0;2;2;6;0;2;0;4;6;0;2;3;4;0;6;0;2;2;4;0;0;2;2;4;0;2;3;4;0
2416,2924322,6;0;2;6;0;2;3;7;0;1;3;6;0;1;2;6;0;2;2;6;0;2;2;4;6;0;1;2;4;0;6;0;2;3;4;0;0;2;3;4;0;1;3;5;0
2432,2924338,6;0;2;6;0;2;2;6;0;2;2;6;0;2;2;6;0;1;2;6;0;1;2;4;7;0;2;2;4;0;6;5;1;2;4;0;0;2;2;4;0;1;3;4;0
2448,2924354,8;0;2;5;0;1;2;7;0;2;3;6;0;2;3;6;0;3;2;6;0;2;3;4;6;0;2;2;4;1;6;0;2;3;7;0;0;2;3;4;0;1;3;4;0
2464,2924370,6;0;2;7;0;1;3;6;0;1;2;6;0;2;2;6;0;1;4;7;0;1;2;4;6;0;2;2;4;0;6;0;1;3;4;0;0;2;3;4;0;3;3;4;1
2480,2924386,6;0;2;6;0;2;3;6;0;1;3;6;0;2;2;6;0;1;3;7;0;2;3;4;6;0;1;3;4;0;6;0;2;3;4;0;0;2;2;4;0;2;3;4;0
2496,2924402,6;0;2;6;0;2;4;6;0;2;3;6;0;2;2;7;0;1;2;7;0;1;1;4;6;0;1;2;4;0;6;0;1;2;4;0;0;1;3;4;0;2;3;4;0
2512,2924418,5;0;2;6;0;1;2;6;0;1;3;6;0;2;2;6;0;2;3;6;0;2;2;10;6;0;1;2;4;0;6;0;1;2;4;1;0;1;2;4;0;2;3;4;0
2528,2924434,6;0;2;6;0;1;2;6;0;2;3;7;0;2;2;6;0;2;3;6;0;1;2;4;6;0;2;2;4;0;6;0;1;3;4;0;0;2;2;3;0;2;3;4;0
2544,2924450,6;0;2;6;0;2;3;6;0;2;3;5;0;0;2;6;0;2;2;6;1;3;2;4;6;0;1;3;4;0;6;0;2;3;4;0;0;1;2;4;0;2;3;4;0
2560,2924466,6;0;1;6;0;2;2;6;0;1;2;6;0;2;2;6;0;1;2;6;0;2;3;4;6;0;1;3;4;0;6;0;1;2;4;0;0;3;2;4;0;2;3;4;0
2576,2924482,6;0;2;6;0;1;3;6;0;2;3;6;0;2;2;6;0;1;3;7;0;1;2;4;6;0;2;3;4;0;6;0;2;2;4;0;0;3;3;4;0;2;2;4;0
2592,2924498,6;0;2;6;0;2;4;6;0;2;2;6;0;3;3;6;0;1;3;7;0;1;2;4;6;0;2;2;4;0;6;0;1;3;4;0;0;1;2;4;0;2;3;4;0
2608,2924514,7;0;2;6;0;2;3;6;0;1;2;6;0;2;2;6;1;2;2;6;0;1;2;4;6;0;2;3;4;0;6;0;1;3;4;0;0;0;3;4;0;2;2;4;0
2624,2924530,4;0;2;6;0;1;3;6;0;2;3;6;0;1;2;6;0;2;2;6;0;1;2;4;6;0;1;3;3;1;6;0;1;3;4;2;0;0;2;4;0;2;3;4;0
2640,2924546,6;0;1;6;0;2;2;6;0;2;1;6;0;2;3;5;0;1;2;7;0;3;3;3;7;0;1;3;4;0;6;0;3;3;4;0;0;2;3;4;0;2;2;4;0
2656,2924562,6;0;1;6;0;2;3;7;0;3;3;6;0;2;2;6;0;2;3;6;0;1;3;4;6;0;1;3;4;0;6;0;1;3;4;0;0;2;3;4;0;1;3;4;0
2672,2924578,8;0;2;6;0;3;2;6;0;2;2;6;0;2;2;6;0;2;2;6;0;2;0;0;6;0;2;2;4;0;6;0;1;0;4;0;0;1;2;4;0;1;2;4;0
2688,2924594,6;0;2;6;0;2;2;6;0;1;2;6;0;2;2;6;0;1;3;6;0;2;2;4;6;0;2;3;4;0;6;1;2;3;4;0;0;2;3;1;0;1;2;4;0
2704,2924610,6;0;2;6;0;2;2;6;0;2;2;6;0;2;3;6;0;2;3;6;0;3;3;4;6;0;1;3;3;0;6;0;1;2;4;0;0;1;2;4;0;3;2;4;0
2720,2924626,7;0;2;6;0;2;3;6;0;1;3;6;0;2;3;6;0;2;3;6;0;1;2;4;6;0;1;3;4;0;6;0;1;2;4;0;0;2;3;4;0;2;3;4;0
2736,2924642,6;0;2;7;0;1;3;6;0;2;3;6;0;2;3;6;0;1;2;6;0;1;3;4;6;0;2;3;4;0;7;0;2;3;4;0;0;2;2;4;0;1;2;4;0
2752,2924658,7;1;2;6;0;2;2;6;0;2;2;6;0;2;3;6;0;1;1;6;0;4;2;4;6;0;1;3;4;0;6;0;1;1;4;0;0;1;2;3;0;2;3;4;0
2768,2924674,6;0;2;6;0;1;3;6;0;1;2;6;0;2;4;6;0;1;2;6;0;1;2;4;4;0;2;2;4;0;8;0;2;2;1;0;0;3;3;4;0;1;1;4;0
2784,2924690,6;0;2;6;0;2;3;6;0;3;3;6;0;2;3;6;0;1;2;6;0;1;3;4;6;0;2;2;4;0;6;0;2;2;4;0;0;1;3;4;0;2;2;4;0
2800,2924706,6;0;2;6;0;1;3;6;0;2;3;6;0;1;3;6;0;2;3;6;0;2;3;4;6;0;2;2;4;0;6;0;2;2;4;0;0;1;2;4;0;1;2;4;0
2816,2924722,11;0;2;6;0;2;3;6;0;1;3;7;0;1;3;6;0;2;3;8;0;1;2;4;6;0;2;3;4;0;6;0;3;2;4;0;0;1;3;4;0;2;2;4;0
2832,2924738,6;0;1;6;0;2;3;6;1;2;3;6;0;1;2;6;0;2;2;4;0;2;2;4;6;0;1;2;4;0;6;0;1;3;4;0;0;2;2;4;0;2;2;4;0
2848,2924754,6;0;1;6;1;1;2;6;0;2;2;6;0;2;2;6;0;1;2;6;0;2;3;4;6;0;2;3;4;0;6;0;2;2;4;0;0;1;2;4;0;1;3;4;0
2864,2924770,7;0;1;6;0;2;3;6;0;2;3;6;0;1;2;6;0;2;2;6;0;1;2;4;6;0;1;3;4;0;5;0;2;3;4;0;0;2;3;4;0;0;2;4;0
2880,2924786,6;0;3;6;0;2;2;6;0;2;3;6;0;2;2;6;0;2;3;6;0;2;3;4;6;0;0;2;4;0;6;0;2;2;4;0;0;1;3;4;0;1;3;4;0
2896,2924802,6;0;2;6;0;2;2;6;0;2;2;6;0;1;2;7;1;2;3;6;0;0;2;4;6;0;0;2;4;0;6;0;2;2;4;0;0;2;2;4;0;1;2;4;0
2912,2924818,6;0;3;6;0;2;3;6;0;3;3;6;0;2;2;6;0;3;3;6;0;1;1;4;4;0;2;3;4;0;7;0;1;2;4;0;0;2;3;4;0;1;3;4;0
2928,2924834,7;0;2;6;0;1;2;4;0;2;2;6;0;1;3;6;0;1;2;6;0;2;2;4;6;0;1;3;4;0;6;0;3;2;4;0;0;2;2;4;0;2;3;4;0
2944,2924850,7;0;2;6;0;2;2;7;0;2;2;6;0;2;1;6;0;1;3;6;0;1;2;3;6;0;3;2;4;0;6;0;2;3;4;0;0;3;3;4;0;1;2;4;0
2960,2924866,6;0;2;6;0;2;3;6;0;1;2;8;0;2;2;6;0;1;2;9;0;2;3;4;6;0;3;2;4;0;7;0;2;3;4;0;0;3;2;4;0;2;3;4;0
2976,2924882,6;0;2;7;0;1;3;6;0;2;3;6;0;1;2;6;0;1;3;7;0;2;3;4;6;0;2;3;4;0;6;0;2;2;3;0;0;1;2;4;0;2;2;4;0
2992,2924898,6;0;2;6;0;1;2;6;0;3;2;6;0;2;2;6;0;1;3;6;0;2;3;4;7;0;2;2;4;0;6;0;1;2;4;0;0;1;2;3;0;2;3;4;0
3008,2924914,6;0;2;6;0;1;2;8;0;2;2;6;0;3;3;6;0;1;2;6;0;2;3;4;6;1;2;3;4;0;6;0;1;3;4;0;0;2;3;4;0;2;3;4;0
3024,2924930,7;0;3;6;0;2;2;6;0;2;2;5;0;2;3;6;0;1;3;6;0;3;3;4;6;0;2;3;4;0;6;0;2;2;4;0;0;2;3;4;0;2;2;4;0
3040,2924946,6;0;2;6;0;2;2;6;0;2;2;6;0;1;2;6;0;1;2;6;0;1;3;4;6;0;1;2;4;0;6;0;0;2;4;0;0;2;3;4;0;1;2;4;0
3056,2924962,7;0;3;6;0;1;3;7;0;1;2;6;0;2;2;6;0;1;3;7;0;2;2;4;6;1;1;3;4;0;6;0;0;3;4;1;0;2;3;4;0;1;3;4;0
3072,2924978,7;0;2;6;0;2;2;6;0;2;2;6;0;1;4;6;0;2;3;6;0;1;3;4;6;0;1;2;4;0;6;0;2;2;4;0;1;1;2;4;0;1;2;4;0
3088,2924994,7;0;2;6;0;2;3;6;0;3;2;6;0;2;3;7;0;2;3;6;0;1;3;4;7;0;2;2;4;0;6;0;2;2;3;0;0;2;2;4;0;2;3;4;0
3104,2925010,7;0;3;6;0;1;2;6;0;4;3;6;0;2;0;7;0;1;2;6;0;1;3;4;6;0;1;3;4;0;6;0;1;2;4;0;0;2;2;4;0;2;2;4;0
3120,2925026,6;0;3;6;0;3;2;6;0;2;3;6;0;1;2;6;0;1;2;6;0;2;2;4;7;0;2;3;4;0;6;0;2;2;4;0;0;2;2;4;0;2;2;4;0
3136,2925042,8;0;3;6;0;2;2;6;0;2;3;8;0;1;2;6;0;1;3;7;0;1;2;4;6;0;2;3;4;2;6;0;2;2;4;0;0;2;3;4;0;1;2;4;0
3152,2925058,6;0;2;6;0;2;3;6;0;1;3;6;0;2;3;6;0;1;2;6;0;2;3;4;6;0;2;3;4;0;6;0;2;3;4;0;0;2;3;4;0;2;2;4;0
3168,2925074,7;0;1;6;0;1;3;6;0;2;2;6;0;2;1;6;0;1;2;7;1;2;0;4;6;0;2;3;3;0;6;0;3;3;4;0;0;2;2;4;0;2;3;4;0
3184,2925090,7;0;2;6;0;2;3;6;0;1;3;6;0;1;3;6;0;1;3;6;0;2;0;4;6;1;2;2;4;0;3;3;3;2;4;0;0;1;2;4;0;2;2;2;0
3200,2925106,6;0;1;7;0;2;3;5;0;2;2;6;0;1;3;6;0;2;2;6;0;3;2;4;6;0;1;3;4;0;6;0;1;2;4;0;0;4;3;4;0;2;3;4;0
3216,2925122,6;1;1;7;0;2;3;6;0;2;3;6;0;2;3;6;0;1;2;6;0;2;2;4;6;0;2;3;4;0;6;0;1;2;4;0;0;3;2;4;0;2;2;4;0
3232,2925138,5;0;2;6;0;1;3;6;0;1;2;6;0;1;2;7;0;3;2;6;0;3;3;4;6;0;1;2;4;0;6;0;1;2;4;0;0;1;3;4;0;1;2;3;0
3248,2925154,6;0;3;6;0;2;2;6;0;2;3;6;0;1;3;6;0;2;2;6;0;7;3;4;6;0;1;2;4;0;6;0;1;2;4;0;3;1;2;4;0;2;3;4;0
3264,2925170,7;0;2;7;0;1;2;7;0;2;2;6;0;2;3;6;0;1;3;6;0;2;3;4;6;0;2;2;4;0;6;0;2;2;4;0;0;1;3;4;0;1;3;4;0
3280,2925186,7;0;2;6;0;1;3;6;0;2;0;6;0;1;3;6;0;2;3;7;0;1;3;4;6;0;2;3;4;0;6;0;1;2;4;0;0;2;2;4;0;1;2;4;0
3296,2925202,6;0;2;6;0;3;3;6;0;2;3;6;0;2;2;6;0;2;2;7;0;1;2;4;7;0;2;7;4;0;6;0;3;2;4;0;0;1;2;4;0;1;3;3;0
3312,2925218,6;0;1;6;0;2;3;6;3;2;3;6;0;2;3;6;0;2;3;5;0;1;2;4;7;0;2;3;4;0;6;0;2;3;4;0;0;2;3;4;0;2;3;4;0
3328,2925234,6;0;3;6;0;1;2;6;0;1;3;6;0;2;2;7;1;1;2;6;0;2;2;4;6;0;1;3;4;0;6;0;2;2;4;0;1;1;3;4;0;1;3;4;0
3344,2925250,6;0;1;6;0;2;2;6;0;2;3;6;0;1;3;6;0;1;2;6;0;1;3;4;6;0;2;2;4;0;6;0;1;2;4;0;0;2;2;4;0;2;3;4;0
3360,2925266,7;0;2;6;0;2;2;6;0;2;3;6;0;1;2;7;0;2;3;6;0;1;2;4;6;0;2;2;4;0;6;0;1;2;4;0;0;1;3;4;0;2;2;4;0
3376,2925282,6;0;2;6;0;2;3;6;0;2;3;6;0;1;3;6;0;1;2;6;0;2;3;4;6;0;1;3;4;0;6;0;2;3;4;0;0;1;3;4;0;2;3;4;0
3392,2925298,6;0;2;7;0;1;3;6;0;2;3;3;0;1;3;6;1;2;3;7;0;2;3;4;4;0;2;4;4;0;6;0;2;2;4;0;0;0;3;4;0;2;4;4;1
3408,2925314,6;0;1;6;0;1;3;6;0;1;3;6;0;2;3;6;0;2;2;6;0;1;3;3;6;0;2;3;4;0;6;0;2;2;4;0;0;1;2;4;0;1;1;4;0
3424,2925330,6;0;3;6;0;2;3;6;0;4;2;6;0;1;3;6;0;2;2;6;0;3;3;4;6;0;2;2;4;4;6;0;1;8;4;0;0;1;2;4;0;1;3;4;0
3440,2925346,6;0;2;6;0;2;2;6;0;3;2;6;0;1;2;6;0;1;3;6;0;2;2;4;6;0;1;2;4;0;6;1;2;2;4;0;0;2;3;4;0;1;2;4;0
3456,2925362,7;0;1;7;0;2;3;6;0;1;2;6;1;1;3;6;0;1;2;6;0;1;2;4;5;0;3;3;2;0;6;0;1;2;4;0;0;2;3;4;0;4;2;4;0
3472,2925378,7;1;2;6;0;2;2;6;0;1;3;6;0;1;2;6;0;1;2;6;0;2;3;4;6;0;2;3;4;0;6;0;2;3;4;0;0;2;2;4;0;2;6;4;0
3488,2925394,6;0;2;6;0;2;3;6;0;3;3;6;0;2;2;6;0;2;2;6;0;2;2;4;6;0;1;2;4;0;6;0;1;2;4;0;0;2;2;4;0;2;2;4;0
3504,2925410,7;0;1;7;0;1;3;6;0;2;2;6;0;1;2;6;0;2;3;6;0;2;2;4;6;0;1;2;4;0;6;0;2;2;4;0;1;1;3;6;0;1;3;4;0
3520,2925426,6;0;1;7;0;2;2;4;0;1;2;6;0;2;3;6;0;2;3;6;0;2;3;4;7;0;2;2;4;0;6;0;2;2;4;0;0;2;3;4;0;1;2;4;0
3536,2925442,8;0;3;6;0;2;1;6;0;2;3;6;0;2;3;6;0;2;3;6;0;2;3;4;6;0;1;3;4;0;6;0;2;2;3;0;0;2;2;4;0;2;3;4;0
3552,2925458,7;0;2;7;0;1;3;6;1;2;3;7;0;1;2;6;0;1;3;6;0;2;2;4;8;0;2;3;4;1;6;0;1;3;4;0;3;2;2;4;0;2;2;4;0
3568,2925474,7;0;2;6;0;1;2;6;0;2;3;6;1;2;2;7;0;2;2;7;0;2;2;4;6;0;2;3;4;0;7;0;2;2;4;0;0;1;2;4;0;2;2;4;0
3584,2925490,8;0;2;6;0;3;3;6;0;1;3;6;0;2;3;6;0;2;3;6;0;1;2;4;6;0;1;2;4;0;6;0;3;3;4;0;0;2;2;4;0;1;3;4;0
3600,2925506,8;0;2;6;0;2;2;6;0;2;3;6;0;1;3;6;0;1;3;6;0;3;3;4;6;0;2;3;4;0;6;0;2;2;4;0;2;2;3;4;0;1;3;4;0
3616,2925522,5;0;3;6;0;2;3;6;0;2;3;7;0;2;3;6;0;2;2;6;0;2;2;4;6;0;2;3;4;0;6;0;3;2;4;0;0;2;3;4;0;1;3;4;0
3632,2925538,7;0;2;6;1;1;3;6;0;1;2;6;0;2;3;6;0;2;3;6;0;2;2;4;6;0;2;3;4;0;6;1;1;3;4;0;0;2;3;4;0;2;2;4;0
3648,2925554,6;0;2;6;0;2;2;6;0;2;3;6;0;1;2;6;0;2;3;6;0;1;0;4;6;0;0;3;7;0;7;0;2;2;4;0;0;3;2;4;0;2;2;4;0
3664,2925570,7;0;2;6;0;1;3;6;0;2;2;6;0;2;3;6;0;1;3;6;0;1;2;4;6;0;2;2;4;0;6;0;1;2;4;0;0;2;2;4;0;2;2;4;0
3680,2925586,7;0;2;6;0;1;3;6;0;1;3;6;0;2;2;7;0;1;2;6;1;2;3;4;6;0;1;3;4;0;6;0;4;3;4;0;0;2;2;4;0;1;3;3;0
3696,2925602,7;0;2;6;0;1;3;6;0;2;3;8;0;2;2;6;0;2;3;6;0;2;2;4;7;0;1;2;4;0;6;0;2;2;4;0;0;1;3;4;0;1;2;4;0
3712,2925618,7;0;2;6;0;2;3;6;0;2;2;6;0;1;2;6;0;2;3;6;0;1;3;4;6;0;2;2;4;0;6;0;2;9;4;0;0;3;3;4;0;2;3;3;0
3728,2925634,4;0;2;6;0;1;3;6;0;1;3;7;0;1;2;6;0;1;2;6;0;1;2;4;6;0;2;2;4;0;7;0;1;2;4;0;0;1;3;4;0;1;2;4;0
3744,2925650,8;0;2;6;0;2;3;6;0;2;3;6;0;1;2;6;0;2;2;6;0;2;3;4;7;0;3;2;4;0;6;0;2;2;4;0;0;1;3;4;0;1;3;4;0
3760,2925666,5;0;2;6;0;2;2;6;0;2;3;6;0;2;3;6;1;3;3;6;0;2;3;4;6;0;2;2;4;0;6;0;1;3;4;0;0;2;2;4;0;0;2;4;0
3776,2925682,6;0;4;6;0;1;3;6;2;2;3;7;0;1;2;6;0;2;2;6;0;1;2;4;6;0;1;3;4;0;6;1;2;2;4;0;0;2;3;4;0;1;2;4;0
3792,2925698,6;0;1;6;0;2;3;6;0;1;3;6;0;2;3;6;0;2;2;6;0;1;2;4;6;0;1;2;4;0;6;0;2;2;7;0;0;1;2;4;0;2;3;4;0
3808,2925714,6;0;2;6;0;2;3;8;0;2;2;6;0;2;2;6;1;2;2;6;0;2;3;4;6;0;2;2;4;0;6;0;2;2;4;0;0;2;3;3;0;1;2;4;0
3824,2925730,6;0;2;6;0;1;2;6;0;2;3;6;0;1;3;7;0;2;3;6;3;1;2;4;6;0;1;2;4;0;6;0;1;3;4;1;0;2;2;4;0;2;3;4;0
3840,2925746,6;0;1;6;0;2;3;6;0;1;3;6;0;2;3;4;0;2;8;6;0;1;2;5;5;0;2;2;4;0;6;0;2;3;4;0;0;1;3;4;1;2;4;4;0
3856,2925762,6;0;2;7;0;1;2;6;0;2;2;6;0;2;3;6;0;2;3;6;0;1;3;5;6;0;2;2;4;0;6;0;2;2;4;0;0;1;3;5;0;2;2;4;0
3872,2925778,6;0;1;6;0;1;3;7;0;1;2;6;0;2;3;6;0;1;3;6;0;2;2;4;6;0;2;3;4;0;6;0;2;2;4;0;0;2;3;4;0;2;2;4;0
3888,2925794,6;0;2;6;0;2;3;6;0;1;2;6;0;1;2;6;0;2;3;6;0;1;3;4;6;0;2;3;4;0;6;0;2;2;4;0;0;2;2;4;0;1;2;4;0
3904,2925810,7;0;1;6;0;2;2;6;0;2;3;6;0;1;2;6;0;2;2;6;0;2;1;4;6;0;2;3;6;0;6;0;1;2;4;0;0;2;2;4;0;2;3;4;0
3920,2925826,8;0;2;6;0;2;2;6;0;2;3;6;0;2;2;7;0;1;3;6;0;2;3;4;6;0;1;2;4;0;6;0;1;3;4;0;0;1;2;4;0;0;2;4;0
3936,2925842,6;0;1;6;0;1;3;6;0;1;3;6;0;2;3;6;0;2;2;6;0;1;2;4;6;0;2;3;4;0;6;0;1;3;4;0;0;1;2;4;0;1;3;4;0
3952,2925858,5;0;1;6;0;2;3;6;0;2;3;6;0;2;2;6;0;1;3;6;0;2;3;4;6;0;1;3;4;0;6;0;2;3;4;0;0;2;2;4;0;1;3;4;0
3968,2925874,7;0;3;6;0;1;3;6;0;2;1;6;0;1;3;6;0;1;2;7;0;0;3;4;6;0;2;2;4;0;7;0;2;3;4;0;0;1;3;4;0;1;2;4;0
3984,2925890,54;0;2;12;0;1;2;10;0;1;2;6;0;1;3;11;0;2;2;6;0;1;2;4;4;0;2;3;4;0;8;0;1;2;4;0;0;2;3;4;0;2;2;4;0
4000,2925906,24;0;2;14;0;2;2;12;0;1;3;7;0;2;3;12;0;1;3;6;0;2;3;4;6;0;2;2;4;0;6;0;1;8;4;0;0;3;2;4;0;2;3;4;0
4016,2925922,8;0;2;7;0;1;2;6;3;2;2;6;0;2;2;6;0;1;3;6;0;1;3;4;6;0;2;2;4;0;6;0;1;3;4;0;0;1;2;4;0;2;1;4;0
4032,2925938,6;0;2;6;2;3;2;6;0;3;3;5;0;2;2;6;0;1;2;6;0;1;2;4;6;0;2;2;4;1;6;0;2;2;4;0;0;2;2;4;0;1;3;4;0
4048,2925954,7;0;2;7;0;2;3;6;0;1;3;8;0;3;2;6;0;1;2;6;0;2;10;4;7;0;2;2;4;0;7;0;2;3;4;0;0;1;2;4;0;1;2;7;0
4064,2925970,7;0;1;6;0;1;3;6;0;1;2;6;0;3;4;8;0;2;3;6;0;2;3;4;7;1;2;2;4;0;6;0;2;3;4;0;0;1;2;4;0;2;2;4;0
4080,2925986,7;2;1;6;0;2;2;6;0;1;3;6;0;1;2;6;0;2;3;6;1;2;2;11;6;0;1;3;7;0;6;0;2;3;4;0;0;2;2;4;0;1;2;4;0
4096,2926002,6;0;2;6;0;2;2;6;0;2;2;6;0;2;3;6;0;2;3;6;0;3;2;4;6;0;2;2;4;0;6;0;1;3;4;0;0;1;3;4;1;3;2;4;0
4112,2926018,6;0;3;6;0;1;2;6;0;2;2;7;3;2;2;6;0;2;2;6;0;2;2;4;6;0;1;3;4;0;6;0;2;2;4;0;0;2;2;4;0;2;2;4;0
4128,2926034,6;0;1;6;0;1;2;7;0;1;2;6;0;1;2;7;0;2;3;6;0;1;3;4;6;0;2;3;4;0;6;0;2;2;4;0;0;3;2;4;0;2;3;4;0
4144,2926050,8;0;2;6;0;1;3;6;0;2;3;6;0;1;2;6;3;2;2;6;0;2;2;4;6;0;3;2;3;0;6;0;2;3;4;0;0;3;3;4;0;3;2;4;0
4160,2926066,6;0;1;6;0;2;2;6;0;1;3;6;0;1;2;6;0;2;3;6;0;1;2;4;6;0;2;1;4;0;5;0;2;2;4;1;0;4;3;3;0;2;3;4;0
4176,2926082,6;0;2;6;0;3;3;6;0;2;3;7;0;2;2;6;0;2;2;6;0;2;2;4;6;1;2;2;4;0;6;0;1;2;4;0;0;2;2;4;3;1;2;4;0
4192,2926098,6;0;1;6;0;2;2;6;2;2;3;6;0;2;3;6;0;2;3;6;0;0;2;4;6;0;2;3;4;0;6;0;2;3;4;0;0;1;2;4;0;1;2;4;0
4208,2926114,7;0;2;7;0;1;2;6;0;2;2;6;0;2;3;6;0;1;2;6;0;1;3;4;6;0;2;2;3;0;6;0;1;2;4;0;0;1;3;4;0;1;2;4;0
4224,2926130,6;0;2;6;0;2;3;6;0;1;3;6;0;1;2;6;0;2;3;7;0;2;3;4;6;0;3;3;4;0;6;0;2;3;4;0;0;3;2;4;0;2;3;4;0
4240,2926146,6;0;2;6;0;1;1;7;0;2;2;6;0;1;3;4;0;2;3;3;0;2;2;4;6;0;2;2;4;0;6;0;2;3;4;0;0;1;2;4;0;3;3;4;0
4256,2926162,6;0;3;6;0;2;3;7;0;1;2;7;0;2;2;6;1;1;3;6;0;1;2;4;6;0;2;3;4;1;6;0;2;2;4;0;0;1;2;4;0;2;1;3;0
4272,2926178,7;0;2;6;0;1;3;6;0;1;3;6;0;2;2;6;0;1;2;6;0;2;2;4;7;0;2;2;4;0;6;3;1;3;3;0;0;2;2;3;0;1;2;4;0
4288,2926194,6;0;2;6;0;2;2;6;0;1;2;7;0;2;2;6;0;1;2;6;0;2;2;4;6;0;2;3;4;0;6;0;1;2;4;0;3;2;2;4;0;1;3;4;0
4304,2926210,6;0;2;6;0;2;3;6;0;2;2;6;0;1;3;6;0;3;2;6;0;2;3;4;6;0;1;2;4;0;7;0;1;2;4;0;0;1;2;4;0;2;3;4;0
4320,2926226,7;0;2;6;0;1;3;6;0;2;2;7;0;2;3;6;0;1;2;6;1;2;3;4;6;0;1;2;4;0;6;0;2;3;4;0;2;2;2;4;0;1;2;4;0
4336,2926242,6;0;2;6;0;2;3;7;0;2;3;6;0;1;2;6;0;2;3;5;0;1;3;4;6;0;2;2;4;0;6;1;1;3;5;0;0;2;3;4;0;2;2;4;0
4352,2926258,6;0;2;7;0;1;3;6;0;2;2;6;0;2;2;6;0;3;2;7;0;2;2;4;6;0;1;3;4;0;6;0;3;3;4;0;0;2;2;4;0;2;2;4;0
4368,2926274,6;0;2;7;0;2;0;7;0;1;2;6;0;3;3;6;0;2;3;6;0;2;3;4;6;1;2;2;4;0;6;0;1;3;4;1;0;0;2;4;0;1;3;4;0
4384,2926290,6;0;2;6;0;2;8;5;0;1;2;6;0;2;3;6;0;2;2;6;0;2;3;4;6;0;1;3;4;0;6;0;2;2;4;0;0;2;3;4;0;1;2;4;0
4400,2926306,6;0;1;6;0;2;2;6;0;1;3;6;0;1;2;6;0;2;2;6;0;2;3;4;6;0;1;2;4;0;6;0;2;3;4;0;0;2;3;4;0;2;3;4;0
4416,2926322,6;0;1;6;0;2;3;6;0;3;3;6;0;2;3;7;0;2;2;6;0;2;3;4;6;0;1;3;4;0;8;0;1;1;4;0;0;1;2;4;0;2;2;4;0
4432,2926338,7;0;2;6;0;2;3;6;0;2;3;7;0;1;2;6;0;1;2;6;0;2;2;4;4;0;1;2;4;0;6;0;1;3;4;0;0;1;3;4;0;1;2;4;0
4448,2926354,49;0;1;12;0;2;3;11;0;1;3;6;0;2;2;9;0;1;1;6;0;2;2;4;6;0;2;3;4;0;7;0;1;2;4;0;0;1;2;4;0;1;3;4;0
4464,2926370,27;0;1;12;0;2;3;12;0;2;2;6;0;2;3;12;0;2;2;6;0;1;2;4;6;0;0;2;4;0;6;0;1;2;4;0;0;1;3;4;0;2;3;4;0
4480,2926386,8;0;3;6;0;1;3;6;0;2;3;7;0;1;3;6;0;2;2;7;0;2;2;4;6;0;2;2;4;0;6;0;1;3;4;0;0;1;3;4;0;1;2;4;0
4496,2926402,6;0;2;6;0;2;3;7;0;2;4;6;0;2;1;6;0;3;3;6;0;2;2;4;7;0;2;2;3;0;6;0;2;3;4;0;0;1;3;4;0;1;2;4;0
4512,2926418,6;0;2;6;0;2;3;6;0;1;2;6;0;2;3;6;0;2;2;6;0;2;3;4;6;0;1;3;4;0;6;0;1;3;4;0;0;2;3;4;0;1;2;4;0
4528,2926434,7;0;2;6;0;1;3;6;0;2;3;6;0;1;2;6;0;1;3;6;0;1;2;4;6;0;2;3;4;0;7;0;2;2;4;0;0;1;2;5;0;2;2;2;0
4544,2926450,7;0;2;6;0;1;3;7;0;4;2;6;0;2;2;6;0;1;2;6;0;2;3;4;5;0;2;2;4;0;7;0;2;2;4;0;0;2;3;4;0;2;2;4;0
4560,2926466,7;0;2;6;0;1;2;7;0;2;3;6;0;2;3;6;0;1;3;6;0;1;3;4;6;0;3;2;4;0;6;0;2;2;4;1;0;2;2;4;0;1;3;4;0
4576,2926482,6;0;2;6;0;3;3;7;0;3;1;6;0;2;2;6;0;0;4;6;0;1;2;4;6;0;2;3;4;0;6;0;2;2;4;0;0;2;2;4;0;2;2;4;0
4592,2926498,6;0;2;6;0;2;2;6;0;1;3;6;0;2;2;6;0;2;3;6;0;6;3;4;6;0;2;3;4;0;6;0;2;1;4;0;0;2;3;4;0;2;3;4;0
4608,2926514,6;0;2;6;0;2;3;8;0;4;3;6;0;1;3;6;0;1;3;6;0;1;2;4;6;0;2;3;4;0;6;0;3;1;4;0;0;1;3;4;0;1;1;8;0
4624,2926530,6;0;2;6;0;2;2;5;0;3;3;8;0;2;2;6;0;1;3;6;0;2;3;4;6;0;2;2;4;0;6;0;3;2;4;0;0;1;3;4;0;1;2;4;0
4640,2926546,6;0;2;6;0;2;2;7;0;2;3;6;0;2;3;6;0;1;2;6;0;1;2;4;6;0;1;2;4;0;7;0;2;3;4;0;0;2;3;4;0;2;2;4;0
4656,2926562,6;0;2;6;0;2;3;6;0;1;3;6;0;1;2;6;0;1;2;6;0;2;2;4;6;0;1;3;4;0;6;0;2;2;4;0;0;1;3;4;0;1;3;4;0
4672,2926578,6;0;2;6;0;2;3;6;0;2;2;6;0;2;2;7;0;3;2;6;0;1;2;4;5;0;1;2;4;0;6;0;1;2;4;0;0;2;3;4;0;2;2;4;0
4688,2926594,6;0;2;6;0;2;3;7;0;2;3;6;0;2;3;10;0;2;2;6;0;1;3;4;4;0;2;2;4;0;6;0;1;2;4;0;0;1;2;4;0;1;3;4;0
4704,2926610,7;0;3;7;0;2;3;6;0;2;3;6;0;1;2;6;0;1;2;6;0;2;2;4;6;0;3;2;4;0;6;0;2;2;4;0;1;1;2;4;0;1;3;4;0
4720,2926626,6;0;2;7;0;2;2;6;0;2;3;6;0;2;2;8;0;2;2;6;0;1;3;4;6;0;1;3;4;0;6;0;2;2;4;0;5;1;3;4;0;2;2;4;0
4736,2926642,6;0;2;6;0;2;2;6;0;2;2;6;0;1;3;6;0;1;3;6;0;1;2;4;6;0;1;3;4;0;6;0;2;3;4;0;0;2;2;4;0;2;2;4;0
4752,2926658,6;0;2;6;0;2;2;6;0;2;3;6;0;1;2;6;0;2;3;6;0;1;2;4;6;0;2;3;4;0;6;0;2;2;4;0;0;2;2;4;0;2;2;4;0
4768,2926674,6;0;1;6;1;1;3;6;0;2;2;6;0;2;2;6;0;2;2;6;0;2;2;4;6;0;2;2;4;0;6;0;1;2;4;0;0;2;3;4;0;2;3;4;0
4784,2926690,7;0;2;6;0;1;3;6;0;2;3;7;0;2;1;6;0;1;2;6;0;2;3;4;6;1;2;2;4;0;6;0;2;3;4;0;0;1;3;7;0;1;2;4;0
4800,2926706,6;0;2;6;0;3;3;6;0;2;3;6;0;2;2;6;0;2;2;6;0;2;2;4;7;0;2;2;4;0;6;0;2;3;4;0;0;2;2;4;0;2;2;4;0
4816,2926722,5;0;3;6;1;2;3;14;0;2;2;6;0;1;2;6;0;2;2;6;0;2;2;4;6;0;2;3;4;0;6;0;1;3;4;0;0;2;4;4;0;2;3;4;0
4832,2926738,6;0;1;6;0;2;3;6;0;2;4;6;0;2;3;6;0;2;2;6;0;2;3;4;7;0;2;2;4;0;6;0;2;2;4;0;0;2;3;4;0;2;2;4;0
4848,2926754,6;0;2;6;0;2;3;6;0;2;3;6;0;1;3;6;0;2;2;6;0;2;3;4;6;0;1;3;4;0;4;0;1;3;4;0;0;2;2;4;0;1;3;4;0
4864,2926770,7;0;1;6;0;3;2;6;0;2;2;6;0;2;2;6;0;2;3;6;0;2;3;4;5;0;1;2;4;0;6;0;2;2;4;0;0;2;2;4;0;1;2;4;1
4880,2926786,6;0;2;6;0;1;3;6;0;2;2;6;0;1;2;6;0;2;2;6;0;1;2;4;7;0;2;3;4;0;6;0;3;3;4;0;0;2;3;4;0;2;2;3;0
4896,2926802,7;0;2;6;0;2;3;6;0;2;3;6;0;1;3;6;0;1;2;6;0;2;3;4;6;0;2;2;4;0;4;0;1;2;4;0;0;3;2;4;0;3;3;4;0
4912,2926818,6;0;1;6;1;2;3;6;0;2;2;6;0;1;3;6;0;2;3;7;0;2;3;4;6;0;2;2;4;0;7;0;2;2;4;0;0;2;3;4;0;2;3;4;0
4928,2926834,7;0;1;6;0;1;2;6;0;2;2;6;0;2;2;7;0;2;2;6;1;2;0;4;6;0;1;2;4;0;6;0;1;1;4;0;0;1;2;4;0;1;2;4;0
4944,2926850,13;0;2;11;0;1;2;10;0;1;2;6;0;2;2;9;0;1;2;6;0;1;4;4;6;0;4;3;4;0;6;0;2;2;4;0;0;2;4;4;0;1;3;4;0
4960,2926866,8;0;1;6;0;2;2;6;0;2;2;6;0;2;2;6;0;2;2;6;0;2;3;3;6;0;3;2;4;0;6;0;2;2;4;0;0;2;3;4;0;2;2;4;0
4976,2926882,6;0;1;6;0;1;2;6;0;2;2;6;0;2;3;6;0;2;3;6;0;1;0;4;6;0;2;3;4;0;11;0;2;2;4;0;0;2;2;4;0;2;3;4;0
4992,2926898,6;0;2;7;0;2;3;6;0;2;3;6;1;2;3;6;0;2;2;6;0;1;1;4;6;0;2;2;6;0;6;0;2;3;4;0;0;2;2;4;0;2;3;4;0
5008,2926914,6;0;1;6;0;1;3;6;0;0;2;6;0;1;2;6;0;1;2;7;0;2;3;4;6;0;2;3;4;0;6;0;2;2;4;0;0;1;3;4;0;1;2;4;0
5024,2926930,6;0;2;6;0;1;3;6;0;2;1;6;0;1;3;6;0;2;3;6;0;2;2;4;7;0;1;2;4;0;6;0;2;2;3;0;0;2;2;4;0;1;1;4;0
5040,2926946,6;0;2;6;0;3;2;6;0;2;2;6;0;2;3;6;0;2;3;6;0;1;3;4;6;0;3;1;4;0;6;0;1;2;4;0;0;1;2;4;0;1;3;4;0
5056,2926962,6;0;1;6;0;2;3;7;0;2;2;6;0;2;3;6;0;1;2;6;0;2;1;4;6;0;1;3;4;0;6;0;2;3;4;0;0;1;2;4;0;2;3;4;0
5072,2926978,6;0;2;6;3;1;2;6;1;2;2;6;0;1;2;6;0;1;2;6;0;1;3;4;6;0;2;3;4;0;6;0;1;2;4;0;0;1;2;3;0;2;2;4;0
5088,2926994,6;0;2;6;0;2;2;6;0;2;3;6;0;2;3;6;0;0;3;5;0;1;3;4;7;0;2;2;3;0;6;0;2;2;4;0;0;1;3;3;0;1;3;4;0
5104,2927010,7;0;2;6;0;1;2;11;0;2;3;7;0;1;2;6;0;1;2;6;0;5;2;4;6;0;2;3;4;0;6;0;3;3;4;0;0;2;3;4;0;2;0;4;1
5120,2927026,7;0;0;6;0;1;2;6;0;2;3;6;0;2;2;6;0;1;2;6;0;1;3;4;6;0;2;3;4;0;6;0;2;2;4;0;0;2;2;4;0;2;2;4;0
5136,2927042,6;0;2;6;0;1;2;6;0;2;2;6;0;1;3;6;0;2;2;5;0;2;3;4;6;0;1;2;4;0;6;0;2;2;4;0;0;1;2;4;0;2;2;4;0
5152,2927058,6;0;2;7;0;2;3;6;0;2;3;7;0;2;2;3;0;1;2;6;0;2;3;4;6;0;1;2;4;1;6;0;2;3;4;0;1;2;2;4;0;2;3;4;0
5168,2927074,6;0;2;7;0;1;2;6;0;2;2;6;0;2;2;6;0;2;2;6;1;2;2;4;6;0;1;2;4;0;6;0;1;2;4;0;0;1;2;4;0;2;3;4;0
5184,2927090,6;0;2;6;0;1;2;6;0;1;1;6;0;2;3;6;0;1;2;6;0;2;3;4;6;0;2;3;4;0;6;0;1;2;4;0;0;2;0;4;0;1;2;3;0
5200,2927106,7;0;2;6;0;2;3;6;0;4;3;6;0;1;2;6;1;1;2;6;0;2;3;2;6;0;2;3;3;1;6;0;1;2;4;0;0;1;3;4;0;2;2;4;0
5216,2927122,6;0;2;6;0;1;3;6;0;2;3;6;0;1;2;6;0;2;2;6;0;2;3;4;6;0;2;3;4;0;6;0;2;2;4;0;0;1;3;4;0;1;2;4;0
5232,2927138,6;0;2;6;0;2;2;6;0;2;2;6;0;1;2;6;0;2;3;6;0;2;2;4;7;0;2;2;4;0;6;0;1;3;4;0;0;2;3;3;0;2;3;4;0
5248,2927154,6;0;2;6;0;2;2;7;0;3;2;6;0;1;2;6;0;2;2;6;0;1;2;4;6;0;2;2;3;0;6;0;3;2;4;0;0;2;2;3;0;2;2;4;0
5264,2927170,6;0;2;7;0;1;2;6;0;2;2;6;0;1;3;6;0;2;3;8;0;4;3;4;6;0;2;3;4;0;6;0;2;3;4;0;0;1;3;4;0;1;4;4;0
5280,2927186,7;0;2;6;0;1;2;6;0;1;3;6;0;2;2;6;0;2;3;5;0;0;3;4;6;0;3;2;4;0;6;0;1;3;4;0;0;1;3;4;0;1;3;4;0
5296,2927202,7;0;1;6;0;2;2;6;0;2;2;6;0;2;2;6;0;1;2;7;0;2;1;4;6;0;1;3;3;0;6;0;2;3;4;0;0;1;3;4;0;2;2;4;2
5312,2927218,5;0;2;6;0;3;3;6;0;1;2;6;0;2;3;6;0;2;2;6;0;2;3;4;6;0;1;2;4;0;6;0;1;2;4;0;0;2;2;4;0;1;3;4;0
5328,2927234,6;0;2;6;0;1;2;6;0;2;3;6;0;2;2;6;0;2;4;6;0;2;3;3;6;0;2;2;4;0;6;0;1;4;6;0;0;3;2;4;0;2;3;4;1
5344,2927250,7;0;1;6;0;2;2;7;0;1;2;6;4;1;3;6;0;2;2;6;0;1;2;4;6;0;2;3;4;1;6;0;1;2;4;1;0;2;2;5;0;2;2;4;0
5360,2927266,7;0;2;6;0;1;2;6;0;1;2;6;0;1;3;6;0;3;3;6;0;2;2;4;6;0;1;3;4;0;6;0;3;2;4;0;0;2;2;4;0;2;2;4;0
5376,2927282,7;0;2;6;0;2;3;7;0;4;2;6;0;1;3;7;0;4;2;5;0;1;2;3;6;0;2;3;4;0;6;0;1;2;4;0;0;2;3;4;0;1;1;4;0
5392,2927298,6;0;1;7;0;2;3;6;0;2;2;6;0;2;3;6;0;2;2;6;0;3;2;4;6;0;0;2;4;0;6;0;2;2;4;0;0;2;3;4;0;2;2;4;0
5408,2927314,6;0;1;6;0;1;3;6;0;2;2;6;0;1;2;6;0;2;2;6;0;1;2;4;6;0;2;3;4;0;6;0;2;2;6;0;0;1;2;4;0;2;3;4;0
5424,2927330,7;0;2;7;0;1;3;6;0;1;2;7;0;2;3;6;0;2;3;6;0;1;3;4;8;0;1;3;4;0;6;0;3;2;4;0;0;1;2;4;0;1;3;4;0
5440,2927346,58;0;2;11;0;2;3;9;1;2;2;6;0;1;3;9;0;1;2;6;0;1;3;4;6;0;1;3;4;0;6;0;1;2;4;0;0;2;2;4;0;2;2;4;0
5456,2927362,25;0;1;12;0;1;3;11;0;2;2;6;0;2;1;11;0;2;2;6;0;1;2;4;6;0;2;2;4;0;6;0;1;3;4;0;0;2;2;4;0;2;3;4;0
5472,2927378,8;0;2;6;0;1;3;6;0;2;2;6;0;2;2;7;0;1;2;6;0;1;3;5;6;0;2;2;4;0;7;0;1;2;4;0;0;1;3;4;0;2;2;4;0
5488,2927394,7;0;3;6;0;2;2;7;0;2;3;6;0;1;3;6;1;1;2;6;0;1;2;4;6;0;2;2;4;0;6;0;1;3;7;0;0;2;3;4;0;2;2;4;0
5504,2927410,6;0;1;6;0;1;2;6;0;2;3;6;0;2;2;6;0;2;2;6;0;1;2;4;7;0;2;3;3;0;6;0;1;2;4;0;0;2;2;4;0;2;1;4;0
5520,2927426,6;0;2;6;0;2;2;6;0;2;2;5;0;1;2;6;0;2;2;6;0;2;2;4;6;0;2;3;4;0;6;0;1;2;4;0;0;2;3;4;0;2;3;4;0
5536,2927442,7;0;2;7;0;1;2;6;0;2;2;6;0;2;3;6;0;1;3;6;0;2;2;3;6;0;2;3;4;0;10;0;1;3;4;0;0;2;2;4;4;2;2;6;0
5552,2927458,6;0;2;6;0;2;3;11;0;2;2;7;0;4;2;6;0;2;2;7;0;2;2;4;6;0;1;3;4;0;6;0;1;2;4;0;0;2;3;3;0;1;3;4;0
5568,2927474,7;0;2;6;0;1;3;7;0;1;3;6;0;1;2;6;0;1;3;6;0;9;3;4;6;0;1;3;4;0;6;0;1;0;4;0;0;1;2;4;0;0;2;4;0
5584,2927490,6;0;3;6;0;2;3;6;0;1;3;6;4;3;2;6;0;2;3;6;0;2;2;4;6;0;2;2;4;0;6;0;1;2;4;0;0;1;2;4;0;2;2;4;0
5600,2927506,7;0;2;6;0;3;3;6;0;2;2;6;0;1;2;6;0;4;3;6;0;1;2;4;6;0;1;2;4;0;6;0;1;2;4;0;0;2;2;4;0;2;3;4;0
5616,2927522,6;0;2;6;0;2;3;6;0;2;3;7;0;1;2;6;0;3;2;6;0;1;4;4;6;0;2;2;4;0;6;0;1;2;4;0;0;2;3;8;0;1;3;4;0
5632,2927538,6;0;2;7;0;2;2;6;0;1;3;6;0;2;2;6;0;1;2;6;0;1;2;4;7;0;2;2;4;0;6;0;1;3;4;0;0;2;3;4;0;1;3;4;0
5648,2927554,6;0;2;6;0;1;3;6;0;2;3;6;0;2;1;6;0;2;2;6;0;1;3;4;6;0;1;2;4;0;4;0;2;2;4;0;0;2;3;4;0;1;2;4;0
5664,2927570,7;0;2;6;0;2;3;6;0;2;2;6;0;2;2;7;0;2;3;6;0;1;2;4;7;0;2;0;4;0;6;0;1;2;4;0;0;2;3;4;0;2;2;4;0
5680,2927586,6;0;2;6;0;2;3;6;0;2;2;6;0;1;2;6;0;1;3;4;0;2;4;4;6;0;2;2;4;0;6;3;1;3;4;0;0;1;1;4;0;2;2;0;0
5696,2927602,7;0;2;6;0;1;3;6;0;1;2;6;1;1;2;6;0;1;3;6;0;2;2;4;6;0;2;2;4;0;9;0;0;2;4;0;0;2;0;4;0;1;2;4;0
5712,2927618,6;0;1;6;0;2;2;6;0;1;2;6;0;2;2;6;0;2;2;6;0;2;2;4;6;0;6;2;4;0;6;0;2;2;4;0;0;2;3;4;0;1;2;4;0
5728,2927634,6;0;2;7;0;2;3;6;0;1;3;6;0;1;2;6;0;1;3;6;0;2;2;4;6;0;2;2;4;0;6;0;2;3;4;0;0;2;2;4;0;2;3;4;0
5744,2927650,6;0;2;7;0;2;2;6;0;0;3;6;0;1;2;6;0;2;3;6;0;2;3;4;7;0;1;3;4;0;6;0;2;3;4;0;0;1;3;4;0;2;2;4;0
5760,2927666,4;0;2;6;0;2;3;6;0;1;2;6;0;2;3;6;0;1;2;6;0;1;2;4;6;0;1;2;4;0;6;0;2;2;4;0;1;2;3;4;0;1;3;4;0
5776,2927682,6;0;2;6;0;1;3;7;0;1;2;7;0;2;2;6;0;2;2;6;0;1;1;4;6;0;1;3;4;0;6;0;1;2;4;0;0;2;2;4;0;2;2;4;1
5792,2927698,6;0;2;6;0;1;3;6;0;2;2;8;0;2;3;5;0;2;3;6;0;1;2;4;6;0;1;2;4;0;6;0;2;2;3;0;0;1;2;4;0;1;2;4;0
5808,2927714,7;0;1;7;0;1;3;6;0;2;0;8;0;1;3;6;0;3;2;6;0;1;2;4;6;0;2;2;4;1;6;0;2;2;4;0;0;2;2;4;0;2;2;4;0
5824,2927730,6;0;1;6;0;1;3;7;0;2;3;6;0;2;2;6;0;2;3;6;0;2;3;4;6;0;1;2;4;0;7;0;2;2;4;0;0;1;4;4;0;1;2;4;0
5840,2927746,7;0;1;7;0;1;3;6;0;2;3;7;0;1;2;6;0;2;3;6;0;1;2;4;6;0;2;2;4;0;6;0;2;2;4;0;0;2;3;6;0;2;3;4;0
5856,2927762,6;0;1;6;0;2;2;7;0;1;3;6;0;1;2;7;0;1;3;6;0;1;0;4;6;0;2;3;4;0;6;0;1;2;4;0;0;2;3;4;0;1;2;4;0
5872,2927778,7;0;1;6;0;2;8;6;0;1;3;11;0;0;2;6;0;2;2;6;0;2;2;4;6;0;2;3;4;0;6;0;1;3;4;0;0;2;3;4;0;1;2;4;0
5888,2927794,6;0;2;7;0;1;4;6;0;2;3;5;0;1;0;6;0;2;3;7;0;1;2;4;7;0;2;3;4;1;6;0;2;2;4;0;0;2;2;4;0;2;3;4;0
5904,2927810,7;0;2;6;1;2;3;6;0;2;2;6;0;2;3;7;0;1;2;6;0;1;3;4;6;0;1;3;4;0;7;0;1;2;4;0;0;2;3;4;0;2;3;3;0
5920,2927826,6;0;2;6;0;1;2;6;0;2;3;7;0;3;3;6;0;1;2;6;1;1;3;4;6;0;2;2;4;0;6;0;2;3;4;0;0;2;2;4;0;1;3;4;1
5936,2927842,5;0;2;6;0;0;3;6;0;1;2;6;0;1;2;3;0;2;2;6;0;2;2;4;6;0;2;2;4;0;7;0;1;2;4;0;0;3;2;4;0;2;2;4;0
5952,2927858,7;0;2;6;0;1;2;6;0;2;2;6;0;1;3;6;0;2;3;6;0;4;3;4;6;0;2;2;4;4;6;0;2;2;4;3;0;2;2;4;0;1;3;4;0
5968,2927874,8;0;2;7;1;2;3;6;0;1;3;6;0;2;3;3;0;1;3;6;0;2;2;4;6;0;1;3;4;0;6;0;2;2;4;0;0;2;3;3;0;3;3;4;0
5984,2927890,31;0;2;12;0;2;3;12;0;1;2;6;0;1;3;10;0;2;3;6;0;1;2;3;5;0;1;3;4;0;6;0;2;2;4;0;0;2;2;4;0;1;3;4;0
6000,2927906,25;0;1;12;0;1;3;10;0;2;2;6;0;1;2;12;0;2;1;8;0;2;3;4;7;0;1;3;4;0;6;0;1;2;4;0;0;1;2;4;0;2;3;4;0
6016,2927922,8;0;3;6;0;2;2;7;0;2;1;6;0;2;1;6;0;1;2;6;0;1;2;4;5;0;1;3;4;0;6;0;7;3;4;0;0;2;6;4;0;1;2;4;0
6032,2927938,8;0;9;6;0;1;3;6;0;2;2;6;0;2;2;6;0;1;2;8;0;2;1;4;7;1;1;2;3;0;6;0;1;2;4;0;0;1;2;4;0;0;2;4;0
6048,2927954,6;0;1;7;0;2;3;8;0;2;2;6;0;2;2;7;0;2;3;6;0;2;2;4;6;0;3;2;4;0;5;0;2;2;4;0;0;1;2;0;0;2;2;3;0
6064,2927970,7;2;1;6;0;2;1;6;0;2;3;6;0;2;3;6;0;2;2;6;0;1;2;4;6;0;2;0;4;0;6;0;2;3;0;0;0;2;2;4;0;1;2;4;0
6080,2927986,6;0;2;7;0;2;2;9;0;1;2;6;0;3;3;5;0;2;3;6;0;2;2;4;6;0;2;2;4;0;6;0;2;3;4;0;0;1;3;4;0;1;2;4;0
6096,2928002,6;0;2;6;4;2;2;7;0;2;4;6;0;2;3;6;0;1;3;6;0;2;3;4;6;0;2;2;4;0;6;0;2;2;4;0;0;3;3;4;0;2;2;4;0
6112,2928018,6;1;3;6;0;2;3;6;0;2;3;6;0;2;2;6;0;1;3;6;0;1;3;4;6;0;2;2;4;0;6;0;3;3;4;0;0;1;3;4;0;1;2;4;0
6128,2928034,6;0;2;6;0;2;3;6;0;2;3;6;0;2;3;9;0;1;2;6;0;1;2;4;7;0;2;3;4;0;6;0;1;2;4;0;0;2;2;4;0;1;2;4;0
6144,2928050,7;0;1;6;1;1;2;6;0;1;2;6;0;1;2;6;0;1;2;6;0;2;2;4;7;0;1;3;3;0;8;0;1;2;4;0;0;2;3;4;0;2;2;4;0
6160,2928066,7;0;1;5;0;1;2;6;1;2;2;6;0;2;2;5;0;1;3;6;0;2;2;4;6;0;2;2;3;0;6;0;1;2;4;0;0;2;1;4;0;2;2;4;0
6176,2928082,6;0;1;6;0;2;3;6;0;2;3;6;0;1;3;6;0;2;2;6;0;1;2;3;6;0;1;2;5;0;6;0;2;4;4;0;0;2;3;4;0;1;2;4;0
6192,2928098,6;0;2;6;0;2;1;6;0;1;2;6;0;1;2;5;0;2;2;6;0;2;3;4;8;0;3;3;4;0;7;0;2;2;3;0;0;2;2;4;0;2;2;4;0
6208,2928114,7;0;3;6;0;1;2;6;0;1;3;5;0;3;3;6;0;2;1;6;0;3;3;4;6;0;2;3;5;0;6;0;2;2;4;0;0;1;2;4;0;1;2;4;0
6224,2928130,6;0;2;7;0;1;2;6;0;2;2;6;0;2;2;6;0;3;2;6;0;2;2;4;7;0;3;2;4;0;6;0;1;2;4;0;0;1;3;4;0;2;2;4;3
6240,2928146,6;0;1;6;0;1;3;6;0;2;2;6;0;2;2;6;0;1;3;6;0;1;2;4;6;0;2;3;4;0;6;0;2;2;4;0;0;2;2;4;0;1;2;4;0
6256,2928162,6;0;1;6;0;1;3;6;0;2;3;6;0;1;3;6;0;2;2;7;0;2;3;4;6;0;1;2;4;0;6;0;1;2;4;0;0;2;2;4;0;2;2;4;0
6272,2928178,6;0;4;6;0;3;2;6;0;2;2;6;0;1;2;6;0;2;3;6;0;2;2;4;6;0;2;2;4;0;6;0;1;2;4;0;0;2;3;4;0;2;2;4;0
6288,2928194,6;0;2;6;0;2;2;6;0;2;2;7;0;2;2;6;0;2;2;6;0;1;3;4;8;0;2;3;4;2;5;0;2;3;4;0;0;2;3;4;0;1;2;3;0
6304,2928210,6;0;1;5;0;1;2;6;0;2;3;6;0;1;2;6;0;1;2;6;0;3;3;4;6;0;2;3;4;0;5;0;1;2;4;0;0;2;3;4;0;2;2;4;0
6320,2928226,8;0;2;6;0;1;3;7;0;2;3;8;0;1;2;7;0;2;2;6;0;3;3;3;6;0;2;2;4;0;6;0;1;2;4;0;0;1;2;4;0;1;3;4;0
6336,2928242,7;0;2;6;0;2;2;6;0;2;3;6;0;1;3;6;0;2;3;6;0;2;3;4;6;0;2;2;4;0;6;0;1;3;4;0;0;2;2;4;6;2;2;4;0
6352,2928258,6;0;2;6;0;2;2;6;0;2;3;6;4;1;2;6;0;3;10;6;0;2;0;4;6;0;1;3;4;0;6;0;1;3;4;0;0;1;2;4;1;1;2;6;0
6368,2928274,6;0;2;6;0;2;2;6;0;2;3;6;0;1;2;6;0;3;2;6;0;2;2;4;6;0;2;1;4;0;6;0;3;3;3;0;0;1;3;4;1;1;3;4;0
6384,2928290,6;0;2;7;0;2;3;6;0;1;3;6;0;2;3;6;0;2;3;6;1;1;2;4;7;0;2;2;4;0;6;0;1;2;5;0;0;1;2;4;0;2;3;4;3
6400,2928306,6;0;2;6;0;2;2;4;0;2;3;6;0;1;3;6;0;1;3;6;0;2;2;4;6;0;1;2;4;0;6;0;1;3;4;0;0;1;3;4;1;2;3;4;0
6416,2928322,7;0;2;6;0;2;2;6;0;1;2;6;0;2;3;6;0;2;1;6;0;1;2;4;6;0;1;2;4;0;6;0;2;2;4;0;0;1;2;4;0;1;3;4;0
6432,2928338,6;0;2;6;0;2;6;6;0;1;3;6;0;1;2;6;0;2;2;6;0;2;2;0;6;0;2;2;4;0;6;0;1;3;4;0;0;2;2;4;0;1;3;4;0
6448,2928354,6;0;2;5;0;2;2;6;0;2;3;6;0;1;1;6;0;2;0;6;0;2;3;4;7;0;2;3;4;0;6;0;2;3;4;0;0;1;3;4;0;1;2;4;0
6464,2928370,7;0;1;6;0;2;3;6;0;2;3;6;0;1;2;7;0;2;3;6;0;2;2;4;6;0;1;2;4;0;4;0;2;3;4;0;0;2;2;4;0;1;3;4;0
6480,2928386,6;0;2;6;0;2;4;6;0;1;2;6;0;1;2;6;2;2;2;6;0;1;2;4;6;0;1;3;4;0;6;0;2;2;4;0;0;1;2;4;0;2;3;4;0
6496,2928402,6;0;0;6;0;2;2;6;0;2;3;6;0;1;3;6;0;1;2;6;0;1;2;4;5;0;2;2;4;0;6;0;2;2;4;0;0;0;3;4;0;1;2;4;0
6512,2928418,6;0;2;7;0;2;3;6;0;1;2;6;0;1;2;5;0;1;2;6;0;2;0;4;7;0;2;2;4;0;7;0;7;3;4;0;0;2;3;4;0;1;2;6;0
6528,2928434,6;0;2;6;0;1;2;6;0;2;1;6;0;1;2;6;0;1;2;6;0;1;3;4;6;0;2;3;4;0;6;0;2;2;3;0;0;1;2;4;0;1;2;4;0
6544,2928450,7;0;2;6;0;1;2;6;0;1;3;7;0;1;3;6;0;2;2;6;1;1;2;4;6;0;2;2;4;0;6;0;1;2;4;0;0;1;2;4;0;2;3;4;0
6560,2928466,5;0;2;6;0;1;3;6;0;2;2;6;0;1;2;6;0;1;3;6;1;2;3;4;6;0;2;2;4;0;6;0;2;2;4;0;0;2;2;4;0;1;2;4;0
6576,2928482,7;0;2;6;0;2;3;6;0;1;3;6;0;1;2;6;4;4;3;6;0;1;2;4;6;0;2;3;4;0;6;0;2;3;4;0;0;2;4;4;0;2;2;4;0
6592,2928498,6;0;2;7;0;1;2;6;0;1;3;4;0;2;2;6;0;1;3;6;0;1;2;4;6;0;2;2;4;0;6;2;1;3;4;0;0;2;3;4;0;2;3;4;0
6608,2928514,7;0;3;6;0;2;3;6;0;1;3;6;0;2;3;6;0;1;2;7;0;2;3;4;6;0;2;2;4;0;6;0;2;4;4;0;0;2;2;3;0;2;2;4;0
6624,2928530,7;0;1;4;0;2;2;6;0;2;0;6;0;2;4;6;0;2;3;6;0;1;3;4;6;0;2;3;3;0;6;0;1;3;3;0;0;2;2;4;0;1;2;4;0
6640,2928546,6;0;1;7;0;2;3;6;0;2;1;6;0;2;3;6;0;1;2;6;0;2;3;4;6;0;1;2;4;0;6;0;2;2;4;0;0;1;2;4;0;2;2;4;0
6656,2928562,6;0;1;6;0;1;2;7;0;1;3;6;0;2;2;6;1;2;3;6;1;1;2;4;6;0;2;3;4;0;6;0;2;2;4;0;0;2;2;4;0;2;3;4;0
6672,2928578,7;0;2;6;0;2;2;6;0;2;3;6;1;1;3;6;0;2;2;6;0;1;2;4;6;0;3;3;4;0;6;0;1;3;4;0;0;2;3;3;0;1;2;4;0
6688,2928594,6;0;2;6;0;2;2;6;0;2;2;7;0;2;2;6;0;1;2;6;0;2;3;4;6;0;2;3;4;0;6;0;2;1;4;0;0;1;3;4;0;2;2;4;0
6704,2928610,6;0;1;6;0;2;2;6;0;1;2;6;0;2;2;7;0;3;3;6;0;2;3;4;6;0;1;3;4;0;6;1;1;3;4;1;0;2;3;4;0;1;3;4;0
6720,2928626,8;0;2;6;0;2;1;7;0;2;3;6;0;1;2;6;0;2;3;6;0;2;2;4;6;0;1;2;4;0;6;1;0;3;4;0;0;2;3;4;0;2;3;4;0
6736,2928642,6;0;2;6;0;2;3;6;0;2;2;6;0;2;2;6;0;1;2;6;0;2;2;4;6;0;2;2;4;0;6;0;2;2;4;0;0;2;3;4;0;2;2;4;0
6752,2928658,6;0;4;6;0;1;2;6;0;2;2;6;0;1;2;6;0;1;2;6;0;1;2;4;6;0;1;3;4;0;6;0;2;3;4;0;0;1;2;4;0;2;2;4;0
6768,2928674,6;0;3;6;0;1;3;7;0;2;2;6;0;2;3;6;0;1;2;6;0;2;2;4;6;0;2;2;3;0;6;0;1;2;4;0;0;2;2;4;0;2;2;4;0
6784,2928690,6;0;2;6;0;2;2;6;0;2;2;6;0;1;3;6;0;2;3;6;0;2;3;4;6;0;2;3;4;0;6;0;2;2;4;0;0;1;2;4;0;2;3;4;0
6800,2928706,6;0;2;6;0;2;2;7;0;1;2;6;0;2;3;6;0;1;3;7;0;2;2;4;7;0;2;3;4;2;6;0;1;2;4;0;0;2;2;4;0;2;2;4;0
6816,2928722,5;1;2;6;0;1;3;6;0;1;1;6;0;2;3;6;0;2;3;6;0;1;2;4;6;0;1;1;4;0;6;0;2;2;4;0;0;2;3;4;0;1;2;4;0
6832,2928738,6;0;1;7;0;2;3;7;0;2;2;6;0;2;3;6;0;1;2;6;0;2;3;4;6;0;2;2;4;0;6;0;2;3;4;0;0;2;3;4;0;2;3;4;0
6848,2928754,6;0;2;6;0;1;2;6;4;1;2;6;0;2;2;6;0;1;4;6;1;1;2;4;7;0;2;2;4;0;6;0;1;3;4;0;0;0;2;4;0;2;2;4;0
6864,2928770,6;0;2;6;0;1;2;4;0;2;3;6;0;2;2;7;0;1;2;6;0;2;3;4;8;0;1;3;1;0;6;1;2;2;4;0;0;2;2;3;0;2;2;4;0
6880,2928786,6;0;2;6;1;2;3;6;0;1;2;6;0;2;2;4;0;1;2;6;0;2;2;4;6;0;3;4;4;0;6;0;2;2;4;0;0;2;2;4;0;1;3;4;0
6896,2928802,5;0;2;6;0;2;2;6;0;2;2;6;0;1;2;6;0;2;2;6;0;1;2;4;6;0;1;2;4;0;6;0;1;2;4;0;0;1;2;4;0;2;3;4;0
6912,2928818,7;0;2;6;0;2;3;6;0;2;3;6;0;1;2;4;0;2;3;6;0;1;2;4;6;0;1;3;4;0;6;0;2;2;4;0;0;2;2;4;0;2;3;4;0
6928,2928834,5;0;2;6;0;2;3;6;0;2;2;6;0;2;3;7;0;1;2;7;0;0;2;4;6;0;2;2;4;0;7;0;3;2;3;0;0;2;3;4;0;1;3;4;0
6944,2928850,6;0;2;6;0;2;3;6;0;0;3;6;0;1;2;6;0;1;2;6;0;1;2;4;6;0;2;3;4;0;6;0;4;4;4;0;0;1;2;4;0;2;2;3;3
6960,2928866,6;0;2;6;0;2;3;7;0;2;2;6;0;2;2;6;0;2;2;6;0;1;2;4;8;0;2;3;4;0;6;0;1;3;4;0;0;1;3;4;0;2;3;4;0
6976,2928882,6;0;1;7;0;2;2;6;0;1;3;6;0;2;2;7;0;1;3;7;0;2;4;4;6;1;3;2;4;0;6;0;2;2;4;0;0;1;2;4;0;2;3;4;0
6992,2928898,6;0;2;6;0;2;3;6;0;2;3;6;0;1;2;6;0;2;1;6;0;2;2;4;7;0;0;2;3;0;6;0;1;2;4;0;0;1;3;4;0;2;3;4;0
7008,2928914,6;0;1;6;0;1;3;7;0;1;2;5;0;2;3;6;0;2;2;7;0;1;3;4;6;0;1;2;4;0;6;0;2;2;3;0;0;1;2;4;0;2;4;4;0
7024,2928930,6;0;2;6;1;1;3;6;0;2;2;6;0;2;3;8;0;1;3;6;0;2;3;4;6;0;2;3;4;1;6;0;1;2;4;0;0;1;3;4;0;2;2;4;1
7040,2928946,7;2;1;7;0;1;2;6;0;2;2;7;1;1;3;7;0;2;3;6;0;1;0;4;6;0;2;2;4;0;7;0;3;2;4;0;0;2;2;4;0;0;2;4;0
7056,2928962,6;0;1;6;0;2;3;6;0;1;3;6;0;1;2;6;0;1;3;7;0;2;2;4;6;0;2;3;4;0;6;0;2;3;4;0;0;2;3;4;0;2;2;4;0
7072,2928978,6;0;2;6;0;2;2;6;0;2;2;6;0;2;2;6;0;1;2;6;0;1;2;4;6;0;1;3;4;0;6;0;3;2;4;0;0;2;3;8;0;2;2;4;0
7088,2928994,6;0;1;6;0;1;3;7;0;1;3;6;0;2;3;6;0;2;4;8;0;1;2;0;6;0;2;0;4;0;6;0;1;1;4;0;0;1;3;4;0;1;3;4;0
7104,2929010,6;0;2;6;0;1;3;7;0;2;3;6;0;1;4;6;1;1;3;6;0;1;3;4;6;0;2;2;4;0;6;0;1;3;4;0;0;2;2;4;0;2;3;4;0
7120,2929026,6;0;1;6;0;2;3;8;0;2;3;6;0;1;2;11;0;1;3;6;0;2;2;6;6;0;2;3;4;0;6;0;1;3;4;0;0;2;2;4;0;1;3;4;0
7136,2929042,58;0;2;12;0;2;3;10;0;2;2;7;0;2;3;10;0;2;3;6;0;2;3;4;6;0;2;2;4;0;6;0;2;3;4;0;0;2;2;4;0;1;3;4;0
7152,2929058,29;0;2;13;0;2;2;11;0;1;2;6;0;2;3;11;0;2;2;6;0;2;3;4;8;0;2;2;4;0;6;0;2;3;4;0;0;1;2;4;0;1;2;4;0
7168,2929074,13;0;2;11;0;1;2;11;0;1;2;6;0;1;2;10;0;2;2;6;0;1;2;4;6;0;1;2;4;0;6;0;2;2;4;0;0;2;3;4;0;1;2;4;0
7184,2929090,8;0;2;6;0;2;4;6;0;0;3;6;0;1;3;6;0;1;2;7;0;1;3;4;6;1;1;2;4;0;6;0;2;2;4;0;0;2;3;4;0;1;3;4;0
7200,2929106,6;0;2;6;0;2;3;6;0;2;2;6;0;1;2;6;0;1;3;6;0;1;3;4;7;0;1;2;4;0;6;0;1;3;4;0;0;2;2;4;0;1;2;4;0
7216,2929122,6;0;1;6;0;1;2;6;0;2;2;6;0;2;2;6;1;1;2;6;0;3;2;4;6;0;2;3;4;0;6;0;2;3;4;0;0;1;2;4;0;2;2;4;0
7232,2929138,7;0;1;6;0;2;3;6;0;1;3;6;0;1;3;6;0;1;0;6;1;1;3;4;7;0;1;2;4;0;6;0;2;2;5;0;0;3;3;4;0;2;1;4;0
7248,2929154,6;0;2;6;0;3;2;6;0;2;3;6;0;1;3;6;0;2;2;7;0;2;3;4;6;0;2;2;4;0;6;0;2;3;4;0;0;1;3;4;0;2;3;4;0
7264,2929170,6;0;2;6;0;1;2;6;0;1;3;6;0;1;2;6;0;1;3;6;4;1;2;4;7;0;2;3;4;0;6;0;1;2;4;0;0;1;3;4;0;1;2;4;0
7280,2929186,7;0;1;6;0;2;3;7;0;2;2;6;0;2;2;6;0;2;2;6;0;1;3;4;6;0;1;2;4;0;6;0;1;2;4;0;0;2;2;4;0;2;2;4;0
7296,2929202,6;0;1;6;0;2;3;7;0;2;2;7;0;3;3;6;0;2;2;6;1;1;3;4;6;0;1;3;4;0;6;0;2;3;4;0;0;1;3;4;0;1;1;4;0
7312,2929218,6;0;3;6;0;2;2;7;0;2;2;6;0;2;2;7;1;2;2;6;0;1;3;4;6;0;2;2;4;0;6;0;1;3;4;0;0;2;3;4;0;2;2;3;0
7328,2929234,7;0;2;6;0;2;2;6;0;1;2;7;0;2;2;6;0;1;2;7;0;2;2;4;6;0;2;2;4;0;6;0;1;9;4;0;0;4;1;4;0;2;1;4;0
7344,2929250,7;0;1;4;0;2;3;6;0;2;2;7;0;1;3;6;0;1;2;6;2;1;2;4;6;0;1;3;4;0;6;0;1;2;4;2;0;1;2;4;0;2;2;4;0
7360,2929266,7;0;2;4;0;1;3;6;0;2;3;6;0;1;2;6;0;3;3;6;0;1;3;4;6;0;2;2;4;0;6;0;2;3;4;0;0;1;2;4;0;1;2;4;0
7376,2929282,6;0;2;6;0;1;3;6;1;1;2;6;0;2;2;6;0;1;3;7;0;2;3;4;6;0;1;3;3;0;6;0;2;3;4;0;0;2;2;4;1;1;2;4;0
7392,2929298,6;3;2;7;0;2;3;6;0;2;2;6;0;1;3;6;0;1;3;6;0;1;2;4;6;1;1;2;4;0;6;0;1;2;3;0;0;1;1;3;0;1;3;4;0
7408,2929314,6;0;2;6;0;2;3;6;0;2;2;6;0;2;2;6;0;2;3;6;0;2;2;4;6;0;2;3;4;0;6;0;1;3;4;0;0;2;2;4;0;2;3;4;0
7424,2929330,7;0;2;5;3;1;2;6;0;1;3;6;1;2;2;6;1;2;3;7;0;1;2;4;6;0;1;2;4;0;6;0;0;2;5;0;0;1;2;4;0;1;2;4;0
7440,2929346,6;0;1;6;0;2;3;6;0;1;2;6;1;2;2;7;0;1;2;7;0;2;3;4;6;0;1;2;4;0;6;0;2;3;4;0;0;2;2;4;0;1;2;4;0
7456,2929362,7;0;1;6;0;1;3;6;0;2;2;6;1;1;2;6;0;2;3;6;0;2;2;4;6;0;2;3;4;0;6;0;2;2;4;0;0;3;3;4;0;2;2;4;0
7472,2929378,7;0;2;6;0;2;3;7;0;1;3;14;0;2;3;6;0;1;3;6;0;2;2;4;6;0;1;2;3;0;6;0;1;3;4;0;0;2;3;4;0;1;2;4;0
7488,2929394,7;0;1;6;0;1;3;7;0;1;2;6;0;2;2;7;0;2;3;6;0;1;2;4;6;0;2;3;4;0;6;0;1;2;4;0;0;3;2;5;0;0;3;4;0
7504,2929410,6;0;2;6;0;2;3;6;0;2;3;6;0;1;3;7;0;3;2;7;0;1;2;4;6;0;1;2;4;0;6;0;2;3;4;0;0;1;1;4;0;2;2;4;0
7520,2929426,7;0;1;6;1;0;3;6;0;2;3;6;0;2;3;6;0;1;3;6;0;1;0;4;6;0;2;2;4;0;6;0;2;3;4;0;0;1;2;4;0;2;2;4;0
7536,2929442,6;0;1;6;0;2;3;6;0;2;3;6;0;1;2;6;0;2;2;6;0;2;2;4;6;0;2;2;4;0;6;0;1;3;4;0;0;1;3;4;0;1;3;4;0
7552,2929458,7;0;2;6;0;1;2;6;0;1;2;6;0;1;3;6;0;1;3;7;0;1;3;4;7;0;1;3;4;0;6;0;1;3;4;0;0;2;2;4;0;1;3;4;0
7568,2929474,6;0;2;6;0;2;3;6;0;2;3;7;0;1;2;6;0;1;3;6;1;1;3;4;6;0;1;2;4;0;7;0;2;4;4;0;0;1;3;4;0;2;3;4;0
7584,2929490,7;0;1;6;0;2;2;6;0;2;2;6;0;4;2;6;0;1;3;6;0;2;3;4;6;0;2;2;4;0;6;0;1;2;4;0;4;1;2;4;0;1;3;5;0
7600,2929506,6;0;2;6;0;2;2;6;0;2;2;6;0;1;2;6;0;3;3;6;0;1;3;4;6;0;1;3;4;0;6;1;1;3;4;0;0;2;2;4;0;2;2;4;0
7616,2929522,6;0;2;6;0;3;2;6;0;1;3;6;0;0;3;6;0;2;2;6;0;1;3;4;6;0;2;2;4;0;6;0;2;3;4;0;0;2;2;4;0;1;2;3;0
7632,2929538,6;0;1;4;0;1;2;6;0;2;2;6;0;2;2;6;0;2;2;6;0;2;2;4;6;0;2;3;3;0;6;0;2;2;4;0;0;2;3;4;0;2;3;4;0
7648,2929554,5;0;1;6;0;1;2;6;0;2;2;2;0;2;3;7;0;1;3;6;0;2;2;4;6;0;1;2;4;0;6;0;2;2;5;0;0;1;3;4;0;1;2;4;0
7664,2929570,6;0;2;6;0;1;2;6;0;1;2;6;0;1;2;6;0;2;2;6;0;1;4;4;6;0;2;2;4;0;6;0;1;3;4;0;0;2;2;4;0;1;2;4;0
7680,2929586,6;0;1;6;0;2;2;7;0;2;3;6;0;2;2;6;0;2;2;6;0;1;2;4;6;1;2;2;4;0;6;0;2;2;4;0;0;1;3;4;0;2;2;4;0
7696,2929602,8;0;2;6;0;2;3;6;0;1;3;6;1;1;2;6;0;1;2;6;0;2;2;4;6;0;1;3;4;0;6;0;2;3;4;0;0;2;3;4;0;1;2;4;0
7712,2929618,6;0;2;6;0;1;3;6;0;2;1;6;0;3;2;6;0;2;3;6;0;2;3;4;6;0;2;3;4;0;6;0;2;3;4;0;0;2;3;4;0;2;3;4;0
7728,2929634,7;0;2;6;0;1;2;6;0;2;3;6;0;2;3;6;0;2;2;6;0;1;2;4;6;0;2;2;4;0;7;0;1;2;4;0;0;2;3;4;0;2;2;4;0
7744,2929650,6;0;1;6;0;2;3;6;0;2;3;6;0;2;3;6;0;2;1;6;0;0;3;3;8;0;2;3;4;0;6;0;3;3;4;0;0;2;3;4;0;1;2;4;0
7760,2929666,7;0;2;6;0;2;2;6;0;1;3;6;0;2;2;12;0;1;3;6;0;2;2;4;6;0;2;3;4;0;4;0;1;3;4;0;0;2;2;4;0;1;2;4;0
7776,2929682,6;0;2;6;0;6;2;6;0;2;2;7;0;1;4;6;0;2;2;6;0;1;3;4;6;0;2;2;4;0;6;0;2;3;4;0;0;2;3;3;0;1;2;4;0
7792,2929698,6;0;1;6;0;1;2;6;0;2;2;6;0;1;2;5;0;2;2;6;0;1;2;4;6;0;2;2;4;1;6;0;2;2;4;0;0;2;2;4;0;1;3;4;0
7808,2929714,5;0;1;6;0;2;1;6;0;1;3;6;0;1;3;6;0;2;3;6;0;1;2;4;6;0;2;3;4;0;6;0;1;2;4;0;0;2;3;4;0;2;2;4;0
7824,2929730,5;0;2;6;0;2;3;6;0;2;2;6;0;1;2;6;0;2;1;6;0;1;3;4;6;0;1;2;4;0;5;0;1;3;4;0;0;1;3;4;0;2;2;4;0
7840,2929746,6;0;2;6;0;2;3;6;0;1;2;6;0;2;3;6;0;2;3;6;0;1;2;1;6;0;2;2;4;0;6;0;2;3;4;0;0;2;5;4;0;1;2;4;0
7856,2929762,7;0;2;6;0;1;3;6;0;1;2;6;0;2;3;6;0;2;3;8;1;2;3;4;6;0;2;2;4;0;6;0;1;2;3;0;0;1;3;4;0;2;3;4;0
7872,2929778,7;0;2;6;0;2;3;6;0;1;2;6;4;2;2;6;0;1;2;6;0;2;3;3;6;0;1;2;4;0;2;0;1;3;4;0;0;1;3;4;0;6;3;4;0
7888,2929794,6;0;3;6;0;2;3;6;0;6;3;6;1;1;3;3;0;1;3;6;0;1;2;4;6;0;2;3;4;0;6;0;2;3;4;0;0;2;2;4;0;1;3;4;0
7904,2929810,6;0;2;6;0;1;3;6;0;1;2;6;0;2;2;7;0;2;2;6;0;1;2;4;6;5;2;2;4;0;6;0;2;3;4;0;0;1;2;4;0;1;2;4;0
7920,2929826,7;0;2;6;0;2;2;6;0;2;2;6;0;2;2;6;0;2;2;7;0;2;3;4;7;0;2;2;4;0;6;0;2;3;4;0;0;2;2;4;0;1;2;3;0
7936,2929842,7;0;2;6;0;1;3;6;0;1;3;6;0;1;3;6;0;1;3;6;0;2;4;3;6;0;2;3;4;0;6;0;2;3;4;1;0;2;2;4;0;1;3;4;0
7952,2929858,6;0;2;7;0;2;2;8;0;1;3;6;0;1;2;6;0;1;2;6;0;2;2;4;6;0;2;2;4;0;6;0;3;3;5;0;0;1;3;4;0;0;3;4;0
7968,2929874,6;0;2;6;0;2;2;6;0;2;2;6;0;1;2;8;0;2;2;6;0;2;1;4;6;0;2;2;4;0;6;0;1;2;4;0;1;1;2;4;0;2;3;4;0
7984,2929890,6;0;1;6;0;1;3;6;0;2;3;6;0;2;3;6;0;2;3;6;0;1;2;4;7;0;2;2;4;0;6;0;1;3;4;0;0;2;3;4;0;2;2;4;0
8000,2929906,6;0;1;6;0;2;3;7;0;2;3;6;0;2;3;6;0;1;2;6;0;2;2;4;6;0;1;2;4;0;6;0;3;3;4;0;0;1;2;4;0;1;2;4;0
8016,2929922,6;0;2;6;0;2;2;6;0;2;2;6;0;1;3;6;0;2;3;6;1;2;2;4;7;0;2;3;4;0;6;0;1;3;4;0;0;1;3;4;0;1;4;4;0
8032,2929938,6;0;2;6;0;2;2;6;0;2;4;6;0;1;3;6;1;1;3;6;0;1;3;4;6;0;1;2;4;0;4;0;1;3;4;0;0;1;2;4;0;2;3;4;0
8048,2929954,7;0;2;6;0;2;2;6;0;1;3;6;0;2;2;6;0;2;3;6;0;1;2;4;6;0;1;3;4;0;6;0;3;3;4;0;0;2;2;4;0;2;3;4;0
8064,2929970,6;0;2;6;0;1;2;6;0;1;3;6;0;2;3;6;0;2;9;6;0;2;3;4;6;0;2;3;4;0;6;1;2;2;4;0;0;2;3;4;0;1;2;4;0
8080,2929986,7;0;2;6;0;2;2;6;0;2;2;6;0;2;2;4;0;3;2;6;0;2;2;4;6;0;2;3;4;0;6;0;2;2;4;0;1;1;5;4;0;2;3;4;0
8096,2930002,6;0;1;6;1;1;0;6;0;2;2;6;0;1;3;6;0;1;2;6;0;1;3;4;6;0;1;2;4;0;6;1;3;2;4;1;0;2;3;4;0;1;3;4;0
8112,2930018,5;0;2;6;0;2;3;6;0;2;3;6;0;1;2;6;0;1;3;6;0;1;3;4;7;0;2;3;4;0;6;0;2;2;4;0;0;2;3;4;0;2;2;4;0
8128,2930034,6;0;2;6;0;1;4;6;0;2;3;7;0;1;3;7;0;2;2;6;0;1;2;4;6;0;2;2;4;0;6;0;1;3;4;0;0;2;3;4;0;2;2;4;0
8144,2930050,6;0;2;6;0;2;2;7;0;1;3;6;0;2;2;5;0;2;3;6;0;2;2;4;6;0;1;3;4;0;6;0;2;3;4;0;0;2;3;4;0;5;2;4;0
8160,2930066,7;0;1;6;0;1;3;6;0;2;3;5;0;1;2;6;0;2;3;6;0;3;2;4;6;1;1;3;4;0;6;0;2;3;4;0;0;2;2;4;0;2;2;4;0
8176,2930082,8;0;1;6;0;2;2;7;0;2;3;7;0;1;2;6;0;2;3;6;0;2;2;4;6;0;1;3;4;0;7;0;2;2;4;0;0;2;2;4;0;2;2;4;0
8192,2930098,7;0;2;6;0;1;3;6;0;3;2;6;0;2;2;8;0;2;2;6;0;2;1;4;6;0;1;2;4;0;6;0;2;3;4;0;0;1;2;4;0;2;2;4;0
8208,2930114,7;0;2;6;0;0;2;8;0;2;3;6;0;1;2;6;0;1;2;6;0;1;2;4;6;0;2;3;4;0;6;0;2;2;4;0;0;2;3;4;0;2;2;4;0
8224,2930130,6;0;2;8;0;2;2;6;0;2;2;6;0;1;2;7;0;1;3;6;0;1;2;4;6;0;2;2;4;0;6;0;2;2;4;0;0;3;2;4;0;1;2;3;0
8240,2930146,6;0;3;6;0;2;3;7;0;2;3;6;0;2;3;6;0;1;3;6;0;2;3;4;6;0;1;3;4;0;7;0;2;3;4;0;0;1;3;4;0;2;2;4;0
8256,2930162,5;0;2;6;0;2;2;6;0;1;3;6;0;1;2;7;0;2;6;6;0;1;2;4;6;0;1;2;4;0;6;0;2;3;4;0;0;2;3;4;0;1;3;4;0
8272,2930178,6;0;2;6;0;2;2;6;0;2;2;6;0;2;2;2;0;2;0;6;0;1;3;4;6;0;1;2;4;0;6;0;3;3;4;0;8;2;3;4;0;1;2;4;0
8288,2930194,6;0;2;4;0;2;2;6;0;2;2;6;0;1;2;6;0;2;3;6;0;1;2;4;6;0;1;4;4;0;6;0;2;3;4;0;0;1;2;4;0;1;3;4;0
8304,2930210,7;0;2;6;0;1;3;6;0;2;3;7;0;1;3;6;0;1;2;6;0;2;2;4;6;0;2;2;4;0;6;0;2;2;4;0;0;2;2;4;0;1;3;4;0
8320,2930226,7;0;1;6;0;2;3;7;0;1;3;8;0;2;2;6;0;1;2;6;0;2;2;4;6;0;2;3;4;0;6;0;2;3;4;1;0;1;3;4;1;1;2;4;0
8336,2930242,6;0;2;6;0;2;2;6;0;2;2;6;2;1;2;6;0;1;2;6;0;2;3;4;6;0;2;2;4;0;5;0;1;3;4;0;0;1;3;4;0;1;2;4;0
8352,2930258,7;0;2;6;0;2;3;6;0;1;2;6;0;0;2;5;0;2;3;6;0;1;3;4;6;0;1;3;4;0;6;0;2;2;3;0;0;2;3;4;0;2;3;4;0
8368,2930274,7;0;2;6;0;3;3;7;0;2;4;7;0;2;3;6;0;3;2;6;0;2;3;4;7;0;1;3;4;0;6;0;1;3;4;0;0;1;2;4;0;1;2;4;0
8384,2930290,6;0;1;6;0;1;2;6;1;2;2;6;0;2;2;6;0;2;2;6;0;1;2;4;7;0;2;3;4;0;6;0;2;2;4;0;0;1;3;4;0;1;2;4;0
8400,2930306,7;0;2;6;0;2;3;6;0;2;3;6;0;0;2;5;0;2;2;6;1;1;3;4;5;0;2;2;4;0;6;0;2;2;4;0;0;2;2;4;0;2;2;4;0
8416,2930322,6;0;1;6;0;2;3;6;0;1;1;6;0;2;2;6;0;1;2;6;0;1;2;4;6;0;1;3;4;0;8;0;2;2;4;0;1;1;2;4;0;2;2;4;0
8432,2930338,6;0;2;4;0;1;3;6;0;2;3;6;0;3;3;6;0;2;2;6;0;2;2;4;6;0;2;2;4;0;6;0;2;3;4;0;0;2;3;4;0;1;2;4;0
8448,2930354,6;2;2;6;0;2;3;7;0;2;2;6;0;2;3;6;0;2;3;6;0;1;2;4;6;0;1;1;4;0;6;0;1;3;4;0;0;2;3;4;0;2;3;4;0
8464,2930370,6;0;1;6;0;2;3;6;0;2;3;6;0;2;3;6;0;1;3;6;0;6;3;1;6;0;1;2;3;0;6;0;1;3;3;0;0;2;3;4;0;1;3;4;0
8480,2930386,7;0;2;6;1;3;3;7;0;1;3;7;0;1;2;6;2;2;3;6;0;2;3;4;6;0;2;3;4;0;6;0;2;2;4;0;0;1;3;4;0;1;0;4;0
8496,2930402,6;0;2;6;0;2;1;7;0;2;1;6;0;2;2;6;0;2;3;6;0;2;3;4;6;0;2;2;4;0;6;0;2;2;4;4;0;3;3;4;0;1;2;4;0
8512,2930418,6;0;1;6;0;1;2;6;0;2;2;6;0;2;2;6;0;2;2;6;0;2;3;4;6;0;1;3;4;0;7;0;2;2;4;0;0;2;3;4;0;2;3;4;0
8528,2930434,7;0;1;6;0;2;2;6;1;1;2;6;0;1;3;6;0;2;3;6;0;1;3;3;6;0;2;3;4;0;6;0;2;3;4;0;0;2;2;4;0;3;3;3;0
8544,2930450,7;0;1;6;0;1;2;6;0;1;3;6;0;2;3;6;1;2;3;7;0;1;1;4;6;0;2;2;4;0;7;0;1;2;4;0;0;1;2;4;0;1;2;4;0
8560,2930466,7;0;2;6;0;1;2;6;0;2;2;6;0;1;2;6;0;2;2;6;0;2;3;4;6;0;2;2;4;0;7;0;1;1;4;0;0;2;3;4;0;3;3;4;0
8576,2930482,7;0;2;6;0;2;2;6;0;2;3;6;0;1;2;6;0;1;2;6;0;1;2;4;6;0;2;3;4;0;6;0;2;2;4;0;0;3;2;4;3;2;2;4;0
8592,2930498,7;0;3;6;0;2;3;6;1;2;3;6;0;2;2;6;0;2;2;6;0;2;3;4;6;0;2;3;4;0;6;0;0;2;4;1;0;2;2;4;0;1;2;4;1
8608,2930514,7;0;1;6;0;1;3;6;0;1;3;6;0;2;2;6;0;1;3;6;0;1;3;4;6;0;1;3;4;0;6;0;1;2;4;0;0;2;3;4;0;1;3;4;0
8624,2930530,7;0;2;6;1;2;3;6;0;1;2;6;0;1;3;6;0;1;3;6;0;1;2;4;6;0;2;1;4;0;6;0;3;2;4;0;0;2;4;4;0;2;2;4;0
8640,2930546,7;0;2;7;0;2;2;6;0;2;2;6;0;2;2;7;0;1;2;6;0;1;2;4;6;0;1;2;4;0;6;0;1;3;4;0;0;2;2;4;0;2;2;4;0
8656,2930562,7;0;2;6;1;2;2;6;0;1;3;6;0;2;2;6;0;1;2;6;0;1;3;4;6;0;2;2;4;0;7;0;2;3;4;0;0;4;2;4;0;2;2;4;0
8672,2930578,4;0;2;6;0;2;3;6;2;1;3;6;0;2;3;6;0;1;2;6;0;1;2;4;7;0;2;2;4;0;6;0;2;3;4;0;0;2;3;2;0;2;3;4;0
8688,2930594,6;0;2;6;0;1;2;6;0;2;3;6;0;1;3;7;0;2;3;7;0;3;2;4;6;0;1;2;4;0;6;0;2;2;4;0;0;1;3;4;0;6;2;4;1
8704,2930610,7;0;2;6;0;2;2;6;0;2;2;6;0;1;3;6;0;1;2;6;0;1;2;3;6;0;2;2;4;0;6;0;2;2;4;0;0;2;3;4;0;2;2;4;0
8720,2930626,6;0;2;6;0;2;2;6;0;2;3;6;0;1;3;6;0;1;2;6;0;1;2;4;6;0;0;2;4;0;6;0;1;3;4;0;0;1;3;4;0;2;3;4;0
8736,2930642,6;0;1;6;0;2;3;6;0;2;3;6;0;1;3;6;0;2;3;6;0;2;2;4;6;0;2;2;4;0;6;0;1;2;4;0;0;3;2;4;0;2;2;4;0
8752,2930658,7;1;2;6;0;2;2;7;0;2;3;6;0;1;2;6;0;1;3;6;0;2;3;4;6;0;1;3;4;0;6;0;1;2;4;0;0;2;2;4;0;1;3;4;0
8768,2930674,6;0;2;6;0;2;3;6;0;1;3;6;0;2;2;6;0;1;2;6;0;2;2;4;6;0;1;3;1;1;6;0;2;2;4;0;0;2;4;4;0;2;2;4;0
8784,2930690,6;0;2;6;0;2;2;6;0;1;2;6;0;2;3;6;0;2;3;6;0;1;2;4;6;0;1;2;4;0;6;0;2;3;4;0;0;1;2;4;0;2;2;4;0
8800,2930706,6;0;2;6;0;2;3;11;0;1;3;6;0;2;2;6;0;1;3;6;0;2;3;4;6;0;2;2;4;0;6;0;3;2;4;0;0;1;3;4;0;1;3;4;0
8816,2930722,6;0;2;6;0;2;2;6;0;1;2;6;0;1;2;6;1;1;2;5;0;1;2;4;6;0;2;2;4;0;6;0;2;2;4;0;0;1;2;4;0;1;3;4;0
8832,2930738,8;0;2;6;0;2;3;6;0;1;4;7;0;2;1;6;0;1;2;6;0;2;3;4;6;0;2;3;4;0;6;0;2;3;4;0;0;1;2;4;0;2;2;4;0
8848,2930754,6;0;2;6;0;2;2;6;0;2;3;6;0;2;2;6;0;1;3;6;0;1;2;4;7;0;2;2;4;0;7;0;2;3;4;0;0;1;3;4;0;2;2;4;0
8864,2930770,7;0;2;6;0;1;3;6;0;1;2;7;0;1;3;6;1;1;2;7;0;2;3;5;6;0;2;2;4;0;6;0;2;3;4;0;0;1;3;4;0;3;3;4;0
8880,2930786,7;0;3;6;0;3;1;7;0;1;3;5;0;2;3;6;0;1;0;6;0;1;2;4;7;0;2;2;3;0;6;0;1;3;4;0;0;1;3;4;0;1;2;4;0
8896,2930802,6;0;3;7;0;2;3;6;0;1;3;4;0;3;2;7;0;2;2;6;0;1;2;4;6;0;2;3;4;0;7;0;1;2;4;0;0;1;3;4;0;1;2;4;0
8912,2930818,6;0;2;6;0;2;2;6;0;2;2;6;0;1;2;6;0;2;3;6;0;2;2;4;6;1;2;3;4;0;6;0;2;3;4;0;0;2;2;4;0;2;2;4;0
8928,2930834,6;0;2;6;0;1;3;4;0;2;2;6;0;1;2;6;0;2;2;6;0;2;2;3;3;0;1;2;4;0;6;0;1;2;4;0;0;2;2;4;0;3;3;4;0
8944,2930850,7;0;1;6;0;1;3;6;0;2;3;6;0;2;2;6;0;2;2;6;0;1;3;4;6;0;2;3;4;0;6;0;2;3;4;0;0;1;6;4;0;1;3;4;0
8960,2930866,6;0;2;6;0;2;2;6;0;2;2;6;0;1;3;6;0;2;3;6;0;1;2;4;6;0;1;3;4;0;6;0;1;3;4;0;0;2;3;4;0;2;2;4;2
8976,2930882,6;0;2;6;0;2;2;7;0;2;2;6;0;1;3;6;0;2;2;6;0;2;3;4;6;0;2;4;4;0;6;0;1;3;4;0;0;1;3;3;0;2;3;0;0
8992,2930898,5;0;2;7;0;1;3;6;1;3;2;7;0;2;3;6;0;2;2;7;0;2;2;4;6;0;3;2;4;0;6;0;3;3;4;0;0;2;3;4;0;2;3;4;0
9008,2930914,6;0;2;7;0;1;3;6;0;2;3;6;0;3;2;10;0;3;3;6;0;1;2;4;6;0;2;2;4;0;6;0;1;3;4;0;1;2;3;4;0;3;2;4;0
9024,2930930,8;0;3;6;1;3;3;6;0;3;2;7;0;2;2;6;0;1;2;6;0;1;2;4;6;0;2;3;4;0;6;0;2;2;4;0;0;2;3;4;0;1;3;4;0
9040,2930946,7;0;3;6;0;1;3;6;0;2;2;6;0;1;2;6;0;1;3;6;0;1;2;4;7;0;1;3;4;0;7;0;1;3;4;0;0;1;0;4;0;1;3;4;0
9056,2930962,6;0;2;7;0;2;3;6;0;1;3;6;0;1;2;6;0;1;2;6;0;1;3;4;6;0;1;2;4;0;6;0;1;2;4;0;0;2;2;4;0;1;2;4;0
9072,2930978,7;1;2;6;0;2;3;6;0;2;2;6;0;3;3;6;0;2;2;6;0;1;2;4;6;0;2;2;4;0;6;0;2;1;4;0;0;1;2;4;0;1;0;4;0
9088,2930994,6;0;3;6;0;2;3;6;0;2;3;7;1;2;2;7;0;1;3;6;0;1;2;4;7;0;1;2;4;0;6;0;2;3;4;1;0;2;3;4;0;2;2;4;0
9104,2931010,6;0;2;7;0;1;3;7;0;1;3;7;0;1;2;6;0;2;3;6;0;3;2;4;6;0;2;2;4;0;6;0;1;2;4;0;0;2;2;4;0;1;3;4;1
9120,2931026,6;0;2;6;0;1;2;7;0;1;2;6;0;2;2;6;0;1;3;7;0;2;2;4;6;0;1;2;4;0;6;0;0;2;4;0;0;3;3;4;0;1;2;4;0
9136,2931042,7;0;1;4;0;2;2;6;0;2;2;7;0;2;2;6;0;1;3;6;0;2;2;4;7;0;2;2;4;0;6;0;1;2;4;0;0;2;2;4;0;2;3;4;0
9152,2931058,5;0;2;6;0;1;2;7;0;4;3;7;0;2;2;6;0;1;2;6;0;1;3;4;6;0;1;2;4;0;6;0;1;3;3;0;0;3;2;4;0;3;2;4;0
9168,2931074,6;0;2;6;3;2;3;6;0;2;3;6;0;2;2;6;0;2;2;6;0;2;2;4;6;0;2;3;4;0;6;0;2;3;4;0;0;1;3;4;0;1;3;4;1
9184,2931090,6;0;0;6;3;1;2;6;0;1;2;6;0;1;3;6;0;1;3;6;0;1;2;4;6;0;1;3;4;0;7;0;1;2;4;0;0;1;2;4;0;2;3;4;0
9200,2931106,6;1;1;6;0;1;3;6;0;2;4;6;0;1;2;6;0;1;2;7;0;2;1;4;6;0;1;2;4;0;6;1;2;3;4;0;0;1;3;4;0;2;2;4;0
9216,2931122,7;0;2;6;0;1;3;6;0;2;2;7;0;1;3;6;0;1;3;6;0;1;3;4;6;0;2;2;4;0;6;0;1;2;4;0;0;2;3;4;0;2;2;4;1
9232,2931138,7;0;2;6;0;2;2;7;0;2;2;6;0;2;2;6;1;1;3;6;0;2;2;4;6;0;2;2;4;0;7;0;1;2;4;0;0;1;3;4;0;2;2;4;0
9248,2931154,8;0;2;6;0;1;3;6;0;2;3;6;0;2;3;6;0;2;3;6;0;1;2;4;7;0;2;2;4;0;6;0;3;3;4;0;0;1;2;3;0;1;2;4;0
9264,2931170,7;0;2;6;0;2;3;6;0;1;2;6;0;1;3;6;0;1;2;6;0;2;3;4;6;0;3;2;5;0;6;0;1;2;4;0;0;2;2;4;0;1;3;4;0
9280,2931186,7;0;1;6;0;1;3;6;0;2;2;6;1;1;2;6;0;2;2;6;0;1;2;4;6;0;1;2;4;0;6;0;1;2;4;0;0;3;3;4;0;1;2;5;0
9296,2931202,7;0;1;6;0;2;3;6;1;1;3;6;0;1;3;6;0;2;2;6;1;1;2;4;6;0;1;3;4;0;6;0;1;3;4;5;0;2;2;4;0;2;3;4;0
9312,2931218,6;0;2;6;0;1;3;6;0;2;3;6;0;1;2;6;0;2;3;6;0;2;3;4;6;0;1;3;4;0;6;0;2;2;4;0;0;1;3;4;0;1;2;4;0
9328,2931234,8;0;3;6;0;2;3;6;0;2;2;6;0;1;3;6;0;1;2;6;0;2;3;4;6;0;2;3;4;0;6;0;2;3;4;0;0;2;2;4;0;2;3;4;0
9344,2931250,7;0;2;6;0;2;3;6;0;2;3;7;0;2;3;6;0;1;2;6;0;2;3;4;6;1;2;2;4;0;6;0;2;2;4;0;0;1;3;4;0;1;2;4;0
9360,2931266,6;0;2;6;0;2;2;6;0;1;3;6;0;2;3;6;0;1;2;6;0;2;2;4;6;0;2;2;3;0;6;0;2;2;4;2;0;2;3;4;1;3;2;4;0
9376,2931282,7;0;2;6;0;2;3;6;0;1;2;6;0;1;2;6;0;2;3;7;0;2;3;4;6;0;1;3;4;0;6;0;1;3;4;0;0;2;3;4;2;2;3;4;0
9392,2931298,7;0;2;6;0;1;3;6;0;1;3;6;0;2;2;6;0;1;2;6;0;2;3;1;6;0;2;2;4;0;6;0;1;3;4;0;0;2;2;4;0;1;3;4;0
9408,2931314,6;0;1;6;0;1;2;6;0;1;2;6;0;3;2;6;0;1;3;7;0;1;3;4;6;0;2;2;4;0;6;0;1;3;4;0;0;1;1;3;0;5;3;4;0
9424,2931330,6;0;2;6;0;1;2;6;0;1;2;6;0;1;2;7;0;2;3;6;0;2;1;4;6;1;2;3;4;0;6;0;1;3;4;0;0;2;2;4;0;6;3;4;0
9440,2931346,6;0;2;6;0;2;3;6;0;1;3;7;0;1;2;6;0;2;1;6;0;2;3;4;6;0;1;2;4;0;6;0;2;2;4;0;0;2;2;4;0;2;3;3;0
9456,2931362,7;0;2;6;0;2;3;6;0;2;1;6;0;1;2;6;0;2;1;6;4;2;2;2;6;0;1;3;4;0;6;0;2;2;4;0;0;1;3;4;0;1;3;4;0
9472,2931378,6;0;2;6;0;2;3;6;1;2;2;6;0;2;2;6;0;2;3;7;0;2;2;4;6;0;1;3;4;0;7;0;1;2;4;0;0;1;3;4;0;2;2;4;0
9488,2931394,6;0;2;6;0;2;3;6;0;1;3;7;0;2;2;6;0;2;3;6;0;1;2;4;7;0;2;3;4;0;6;0;2;2;4;3;0;2;2;3;0;2;2;4;0
9504,2931410,8;0;2;6;0;9;2;6;0;0;2;6;0;1;3;6;0;1;0;7;0;2;2;4;6;1;1;3;4;0;6;0;2;3;4;0;0;1;3;4;0;1;2;4;0
9520,2931426,6;0;1;6;1;2;3;6;0;2;3;6;0;1;2;7;0;1;2;6;0;2;3;4;6;1;2;2;4;0;7;0;2;2;4;0;0;1;2;3;0;6;2;4;0
9536,2931442,7;0;2;6;0;2;3;6;0;1;2;6;0;2;2;8;0;1;2;6;0;2;2;4;6;0;2;3;4;0;6;1;2;3;4;0;0;2;3;4;0;1;2;4;0
9552,2931458,6;0;2;6;0;2;4;6;0;2;3;2;0;1;3;6;0;2;2;6;0;2;2;4;6;0;1;2;4;0;6;0;3;2;3;0;0;2;3;4;0;2;3;4;0
9568,2931474,7;0;2;6;0;3;2;6;3;1;2;6;0;1;1;6;0;1;2;6;0;3;2;4;6;0;2;2;4;0;6;0;2;2;4;0;0;2;2;4;0;1;2;4;0
9584,2931490,6;0;2;6;0;2;3;6;0;2;2;6;0;1;3;6;0;1;3;6;0;4;2;4;6;0;2;2;4;0;7;0;2;2;4;0;0;1;3;4;0;1;2;4;0
9600,2931506,6;0;3;6;0;1;4;6;0;2;2;6;0;1;2;6;0;2;3;6;0;1;2;4;6;0;2;3;4;0;6;0;1;3;4;0;0;2;2;4;0;2;2;4;0
9616,2931522,6;0;2;6;0;1;2;6;0;1;3;6;0;1;3;6;0;2;3;6;0;1;2;4;6;0;1;3;4;0;6;0;1;3;4;0;0;2;2;4;0;1;2;4;0
9632,2931538,2;0;2;6;0;2;2;6;0;2;3;6;0;2;2;6;0;2;2;6;0;2;2;4;5;0;2;3;4;0;6;0;1;3;4;0;0;2;2;4;0;1;2;4;0
9648,2931554,6;0;1;6;0;2;2;6;0;2;3;6;0;2;3;6;0;2;3;6;0;2;2;4;6;0;2;2;4;0;6;0;2;2;4;0;0;1;2;4;0;1;2;4;0
9664,2931570,6;0;1;6;0;1;2;6;0;2;3;6;0;2;2;6;0;2;3;7;0;2;3;4;6;0;2;3;4;0;7;0;1;2;4;0;0;2;2;4;0;1;2;4;0
9680,2931586,6;0;1;6;0;2;2;6;0;1;2;6;0;1;4;7;0;1;2;6;0;1;4;4;6;0;2;3;4;0;6;0;2;3;3;0;0;2;3;4;0;1;2;4;0
9696,2931602,6;0;2;7;0;2;3;6;0;2;3;6;0;2;2;6;0;1;4;6;0;1;2;4;6;0;1;2;3;1;6;0;2;3;4;0;0;2;2;4;1;1;2;3;0
9712,2931618,6;0;2;6;0;1;3;7;0;3;3;6;0;2;3;6;0;1;2;6;0;1;3;4;6;0;1;3;4;0;6;0;1;3;4;0;0;2;3;4;0;2;3;4;0
9728,2931634,6;0;2;6;0;2;2;6;0;1;1;6;0;2;2;8;0;2;2;6;0;1;2;4;6;0;2;3;4;0;6;0;2;2;4;0;0;2;2;4;0;2;3;4;0
9744,2931650,7;0;2;6;0;1;3;0;0;1;2;6;0;2;2;6;0;1;2;6;0;2;0;4;6;0;2;3;4;0;6;0;2;2;4;0;0;1;2;4;0;2;2;4;0
9760,2931666,6;0;2;6;0;2;2;6;0;3;2;6;0;1;2;6;0;2;2;6;0;2;3;4;6;0;2;3;4;0;6;0;1;3;4;0;0;2;2;4;0;2;2;4;0
9776,2931682,7;0;2;6;0;1;2;7;0;2;3;6;0;1;3;6;0;1;2;6;0;2;2;5;8;0;1;3;4;0;6;0;1;3;4;0;0;1;3;4;1;1;3;4;0
9792,2931698,6;0;2;6;0;0;2;6;0;2;3;6;0;1;3;7;0;2;2;6;2;2;2;4;6;0;2;3;4;0;7;0;2;1;4;0;0;2;3;4;0;2;3;4;0
9808,2931714,6;0;2;7;0;1;3;6;0;1;2;6;0;2;2;6;0;2;3;6;0;1;2;4;7;0;1;2;4;0;6;0;2;2;4;1;0;1;3;4;0;1;3;4;0
9824,2931730,7;0;1;6;0;2;3;6;0;2;2;6;0;2;2;6;0;1;3;6;0;2;2;4;6;0;2;2;4;0;6;0;2;2;4;0;0;2;3;4;0;3;3;4;0
9840,2931746,5;0;1;8;0;1;3;8;0;1;2;6;0;2;2;6;0;2;3;6;0;2;3;4;6;0;2;3;4;0;6;0;2;3;4;0;0;1;3;4;0;2;3;4;0
9856,2931762,7;0;3;6;1;2;2;6;0;1;2;6;0;2;2;6;0;1;3;6;0;2;2;3;6;0;2;2;4;0;6;0;1;2;4;0;0;2;2;4;0;3;2;4;0
9872,2931778,7;0;2;6;0;1;3;6;0;1;2;6;0;1;2;6;0;1;2;6;0;2;3;4;6;0;1;2;4;0;6;0;2;2;4;0;0;4;2;4;0;2;2;4;0
9888,2931794,6;0;1;6;1;1;2;6;0;1;3;6;0;2;2;6;0;1;3;6;0;1;2;6;7;0;1;3;4;0;6;0;1;3;4;0;0;2;2;3;0;2;3;4;0
9904,2931810,14;0;2;11;0;2;3;7;8;2;2;6;5;2;3;7;0;2;2;6;0;1;3;4;6;0;1;2;4;0;6;0;2;3;3;0;0;2;3;4;1;2;2;3;0
9920,2931826,8;0;2;6;0;1;3;7;0;2;2;6;0;1;2;6;0;2;3;6;0;1;2;4;6;0;0;2;4;0;6;0;1;2;4;1;0;2;3;4;0;2;3;4;1
9936,2931842,6;0;2;7;0;2;3;6;0;3;3;6;0;1;3;6;0;2;3;6;0;1;2;3;6;0;1;2;4;0;6;0;2;2;4;0;0;1;3;4;0;2;2;4;0
9952,2931858,7;0;4;6;0;4;3;6;0;1;2;6;0;2;2;6;0;1;2;6;0;2;3;4;6;0;2;2;4;0;7;0;1;2;4;0;0;2;2;4;0;2;1;4;0
9968,2931874,7;0;2;6;0;3;3;6;0;1;2;6;0;2;3;6;0;1;2;6;0;1;2;4;7;0;2;2;4;0;6;0;1;3;4;0;0;1;0;4;0;1;2;4;0
9984,2931890,7;0;2;6;0;2;3;6;0;1;2;6;0;1;2;6;0;1;1;6;0;1;3;4;6;0;2;3;4;0;6;0;1;2;4;0;0;1;3;4;0;2;0;4;0
10000,2931906,8;0;3;6;0;1;3;6;0;2;1;6;0;2;3;6;0;2;2;7;0;1;3;4;6;0;1;3;4;0;6;2;1;2;4;0;0;1;2;4;0;4;2;4;0
10016,2931922,6;0;2;6;0;3;3;6;0;2;2;6;0;1;3;6;0;2;2;6;0;1;2;4;6;0;2;2;4;0;6;0;2;1;4;0;0;2;2;4;0;2;3;4;0
10032,2931938,4;0;1;6;0;2;1;6;0;2;3;6;0;1;3;7;0;1;5;6;0;2;3;4;5;0;1;2;4;0;6;0;2;2;4;0;0;2;3;4;0;2;3;4;0
10048,2931954,6;0;2;7;0;1;0;6;0;1;3;6;0;2;2;6;0;1;2;5;0;2;2;4;7;0;1;4;4;0;6;0;2;2;4;0;0;2;2;4;0;1;3;4;0
10064,2931970,6;0;6;6;0;2;3;6;0;2;3;6;0;1;2;6;0;1;2;6;0;3;2;4;6;0;1;2;0;0;6;2;2;3;3;0;0;1;2;4;0;2;2;4;0
10080,2931986,6;0;2;7;0;1;3;7;0;2;2;6;0;1;2;6;0;2;2;6;0;1;2;4;2;0;2;2;3;0;7;0;2;2;4;0;0;2;2;4;0;2;2;4;0
10096,2932002,6;0;2;7;0;2;3;6;0;2;2;6;0;2;3;6;0;2;3;6;0;2;3;4;6;0;1;2;4;0;8;0;2;3;4;1;0;1;3;4;0;2;2;4;0
10112,2932018,7;0;2;6;0;1;3;6;0;2;2;6;0;1;2;6;0;2;2;6;0;1;2;4;6;0;1;3;4;0;5;0;3;2;4;0;0;2;3;5;0;2;2;4;0
10128,2932034,7;0;1;6;0;2;2;6;2;2;2;6;0;2;2;6;0;2;2;6;0;2;4;6;6;0;2;2;4;0;6;0;1;3;4;0;0;2;2;4;0;1;2;4;0
10144,2932050,6;0;2;6;0;2;2;6;0;1;3;6;0;2;2;6;0;2;3;6;0;3;3;4;6;0;1;3;3;0;6;0;2;3;4;0;0;0;3;4;0;2;2;3;0
10160,2932066,6;0;1;6;0;1;3;6;0;1;2;6;0;2;3;6;0;2;3;6;0;3;3;3;6;0;1;2;4;0;6;0;2;0;4;0;0;2;3;4;0;2;2;4;0
10176,2932082,7;0;1;6;0;1;3;6;0;1;3;7;0;1;2;6;1;2;3;6;0;2;4;4;6;0;2;3;4;0;6;0;1;3;4;0;0;2;2;4;0;1;2;4;0
10192,2932098,6;0;1;6;0;2;3;6;0;1;2;6;0;1;3;6;0;2;2;6;0;1;3;4;6;0;2;2;4;0;6;0;1;3;4;0;0;2;2;4;0;1;3;4;0
10208,2932114,6;0;3;6;0;2;3;6;0;2;3;6;0;2;2;6;0;2;0;6;0;1;3;4;6;0;2;2;4;0;6;0;2;3;4;4;0;2;2;4;0;4;2;4;0
10224,2932130,8;0;1;6;0;1;2;6;0;2;3;6;0;1;2;6;0;1;2;6;0;1;3;4;6;0;2;2;3;0;6;0;2;2;4;0;0;2;3;4;0;3;3;4;0
10240,2932146,6;0;1;6;0;2;2;6;0;1;2;6;0;2;3;6;0;1;2;6;0;1;3;4;6;0;2;2;4;0;6;0;1;3;4;0;0;2;3;4;0;1;2;4;0
10256,2932162,6;0;2;6;0;2;3;6;0;3;3;6;0;2;2;6;0;3;2;6;0;1;3;4;6;1;1;3;4;1;6;0;1;3;4;0;0;1;2;4;0;1;2;4;0
10272,2932178,4;0;2;6;0;2;3;6;0;1;3;6;0;1;2;7;0;2;2;6;0;2;3;6;8;0;6;2;4;0;6;0;2;4;4;0;0;1;2;4;0;2;3;4;0
10288,2932194,6;0;2;6;0;1;3;7;0;2;1;8;0;1;0;6;0;1;3;6;0;2;3;4;6;0;1;2;4;0;6;0;2;3;4;0;0;1;2;4;0;2;2;4;0
10304,2932210,6;0;1;6;0;2;3;5;0;2;3;6;1;1;3;6;1;1;3;6;0;1;2;4;9;0;1;0;3;0;6;0;3;3;4;0;0;1;3;4;0;1;3;4;0
10320,2932226,6;0;3;6;0;2;2;6;0;2;3;6;0;1;2;6;0;2;2;6;0;2;3;4;7;0;2;3;4;0;6;0;2;2;4;0;0;2;2;4;0;2;3;4;0
10336,2932242,6;0;1;7;0;2;2;8;0;1;2;6;0;2;3;6;0;2;2;6;0;1;3;4;6;0;2;3;4;0;6;0;1;2;4;0;0;5;3;4;0;1;3;4;0
10352,2932258,7;0;2;6;0;1;3;7;0;2;3;6;0;2;2;6;0;3;4;6;0;1;2;4;6;0;2;2;4;1;6;0;2;2;6;0;0;2;3;4;0;1;2;4;3
10368,2932274,6;0;2;6;0;1;2;6;0;2;2;6;0;3;2;6;0;1;2;6;0;1;3;4;6;0;1;2;4;0;6;0;2;0;4;0;0;2;3;3;0;2;1;4;0
10384,2932290,6;0;3;6;0;1;3;6;0;1;2;6;0;2;3;6;0;2;3;6;0;2;3;4;6;0;2;3;4;0;6;0;2;1;4;0;0;1;2;4;0;2;2;4;0
10400,2932306,6;0;0;6;0;3;3;7;0;1;2;7;0;2;2;7;0;2;1;6;0;1;2;4;6;0;1;2;4;0;6;0;1;3;4;1;0;6;2;4;0;1;3;4;0
10416,2932322,7;0;1;6;0;1;2;7;0;0;1;6;0;2;2;6;0;1;3;6;2;2;3;4;6;0;1;2;4;0;6;0;2;2;4;0;0;5;3;4;0;1;2;4;0
10432,2932338,6;0;2;6;0;2;2;7;1;1;2;7;0;1;3;6;0;2;2;6;0;1;2;4;6;0;2;2;4;0;6;0;2;2;4;0;0;1;3;4;0;1;3;4;0
10448,2932354,3;0;1;6;0;2;3;7;0;2;3;6;0;2;2;6;1;1;3;6;0;2;3;4;6;0;1;3;4;0;7;0;1;2;4;0;0;2;3;4;0;1;2;4;0
10464,2932370,6;0;2;7;0;1;2;6;0;2;2;6;0;1;5;6;0;2;3;7;0;2;3;4;6;0;3;2;4;0;6;0;1;2;4;0;0;2;2;4;0;2;3;4;0
10480,2932386,6;0;2;6;0;2;2;6;0;2;2;8;0;2;2;6;0;1;2;6;0;1;2;1;6;0;2;2;4;0;6;0;2;2;4;1;0;2;2;4;0;1;3;4;0
10496,2932402,6;0;1;6;0;2;3;6;0;1;2;6;0;2;2;6;0;1;3;7;0;1;3;4;6;0;2;2;4;0;7;0;1;3;4;0;0;1;3;4;0;1;3;4;0
10512,2932418,6;1;2;5;0;2;3;6;6;2;2;6;0;1;3;6;0;1;2;4;0;3;1;4;6;0;2;2;4;0;6;0;2;2;4;0;0;2;3;4;0;1;2;4;0
10528,2932434,6;0;2;6;0;1;2;6;0;1;2;6;0;1;2;7;0;1;3;6;0;2;3;4;6;0;2;3;4;0;6;1;2;2;4;0;0;1;0;4;0;1;2;4;0
10544,2932450,6;0;1;7;0;2;3;6;0;2;2;6;0;1;2;6;0;1;3;6;0;3;3;3;6;0;1;2;4;0;6;0;2;2;4;0;0;2;2;3;0;4;2;4;0
10560,2932466,6;0;2;7;0;2;2;7;0;2;3;6;0;1;2;6;0;2;6;6;0;1;3;4;6;0;1;2;4;0;7;0;1;3;4;0;0;2;2;4;0;1;2;4;0
10576,2932482,7;0;2;6;0;2;2;6;0;1;2;6;0;3;2;6;0;2;2;6;0;1;3;4;6;0;1;3;4;0;6;0;2;3;4;0;0;2;2;4;0;2;3;4;0
10592,2932498,6;0;2;6;0;1;3;6;0;2;3;6;0;1;2;6;0;2;2;6;0;1;2;4;6;0;1;2;4;0;6;0;2;2;4;0;0;1;3;4;0;3;2;4;0
10608,2932514,6;0;2;6;0;2;2;6;0;2;3;5;0;2;3;6;0;2;2;6;0;1;3;4;6;0;2;3;4;0;3;0;2;3;4;0;0;1;3;4;1;1;3;4;0
10624,2932530,6;0;2;6;0;1;3;6;0;1;2;6;0;2;2;6;0;2;2;6;0;2;2;4;6;0;1;3;4;0;6;0;2;2;6;0;1;1;3;4;0;1;3;4;0
10640,2932546,7;0;2;6;0;1;2;6;0;1;2;6;0;2;3;6;0;2;3;6;0;2;3;4;6;0;3;3;4;1;6;0;2;2;3;0;0;3;2;4;0;2;3;4;0
10656,2932562,7;0;2;6;0;2;3;6;0;2;3;6;0;2;2;6;0;2;2;6;0;1;2;4;6;0;2;2;4;0;6;1;2;3;4;0;0;4;2;4;0;1;3;4;0
10672,2932578,7;0;1;6;0;1;3;5;0;4;3;6;0;2;3;6;0;0;2;6;0;1;2;4;6;0;1;1;6;0;6;0;2;2;4;0;0;2;3;4;0;2;3;4;0
10688,2932594,5;0;2;6;0;2;3;6;0;2;3;6;0;1;2;6;0;2;2;6;0;2;3;4;6;0;1;2;4;0;8;0;1;0;4;0;0;1;3;4;0;2;2;4;0
10704,2932610,6;0;2;6;0;2;2;7;0;1;2;7;1;2;3;6;0;1;3;6;0;2;2;4;6;1;3;2;3;0;6;0;1;3;4;0;0;2;3;4;0;2;3;4;0
10720,2932626,6;0;1;2;0;1;2;6;0;2;2;6;0;2;2;6;0;2;3;6;0;2;2;4;2;0;1;3;4;0;6;1;2;1;4;0;0;1;3;4;0;1;1;4;0
10736,2932642,6;0;2;6;0;2;2;6;1;2;2;6;0;2;2;6;0;2;2;6;0;3;3;4;6;0;2;2;5;0;6;1;2;2;4;0;0;1;3;4;0;2;2;4;0
10752,2932658,6;0;2;6;0;1;2;6;0;1;3;6;0;1;3;6;0;1;2;6;0;1;1;4;6;0;2;3;4;0;6;0;2;3;4;0;0;1;2;4;0;2;3;4;0
10768,2932674,6;0;2;6;0;1;2;6;0;2;3;6;0;1;2;6;0;1;3;6;0;1;3;4;6;0;1;4;4;0;6;0;1;4;4;0;0;1;3;4;0;2;3;4;0
10784,2932690,152;0;2;12;2;2;2;9;0;2;2;6;0;2;2;12;0;1;3;6;0;1;2;4;6;0;1;2;4;0;6;0;2;2;4;0;0;1;2;4;0;1;2;4;0
10800,2932706,19;0;2;12;1;1;3;11;0;2;3;6;0;2;3;10;0;1;2;6;0;1;3;4;4;0;1;3;4;0;6;0;1;3;4;0;0;3;2;4;0;1;2;4;0
10816,2932722,6;1;3;6;0;1;3;6;0;1;3;7;0;2;2;6;0;1;2;6;0;1;2;4;6;0;2;2;4;0;6;0;2;2;4;0;0;1;2;4;0;1;3;4;0
10832,2932738,7;0;2;6;0;2;2;6;0;1;3;6;0;1;3;6;0;1;2;6;0;1;3;4;7;0;2;2;4;0;6;0;2;3;4;0;0;3;4;4;0;1;2;4;0
10848,2932754,6;0;2;6;0;1;3;6;0;1;2;6;4;2;2;10;0;2;2;6;0;2;0;4;6;0;2;3;4;0;6;0;1;2;4;0;1;2;2;4;0;1;2;8;0
10864,2932770,6;0;2;7;0;1;2;6;0;1;4;7;0;2;2;6;0;2;3;6;0;1;3;3;7;0;1;2;4;0;6;0;1;2;4;0;0;2;2;4;0;1;2;4;0
10880,2932786,7;0;2;6;0;2;3;6;0;2;2;6;0;1;2;6;0;2;2;6;0;1;3;4;9;0;2;2;4;0;7;0;1;2;4;0;0;1;3;3;0;2;6;4;0
10896,2932802,6;0;1;7;0;2;3;6;0;1;2;6;0;1;2;6;0;2;2;7;0;1;2;4;6;0;1;3;4;0;7;0;2;3;4;0;0;2;3;4;0;2;2;4;0
10912,2932818,6;0;2;6;0;2;2;6;0;1;3;6;0;2;2;6;0;2;3;7;0;2;3;4;6;0;2;3;3;0;6;0;2;2;6;0;0;1;3;4;0;1;2;4;0
10928,2932834,6;0;2;6;0;2;2;6;0;3;3;6;0;2;2;6;0;2;1;7;0;2;2;4;6;0;2;2;4;0;6;0;2;2;4;0;0;2;2;4;0;2;2;4;0
10944,2932850,6;0;2;6;0;2;3;7;0;2;3;6;0;1;2;6;0;2;3;6;0;1;0;4;7;0;1;3;4;0;7;0;2;3;4;0;0;2;3;4;0;1;3;4;0
10960,2932866,7;0;3;6;0;2;2;6;0;1;2;6;0;2;3;7;0;1;2;6;0;2;3;4;7;0;2;3;4;0;6;0;2;3;4;0;0;1;3;4;0;0;3;4;0
10976,2932882,7;0;2;6;0;2;2;6;0;2;2;6;0;2;3;6;0;1;2;6;0;2;2;4;6;0;2;2;4;0;6;1;2;2;4;0;1;2;3;4;0;2;1;4;0
10992,2932898,6;0;2;6;0;2;3;6;0;2;3;6;0;2;3;6;0;2;2;6;0;2;2;4;7;0;2;3;4;0;6;0;1;3;4;0;0;2;2;4;0;1;2;4;0
11008,2932914,6;0;1;6;0;2;2;4;0;1;3;6;0;2;3;6;0;2;2;6;0;1;3;4;7;0;2;2;4;0;6;0;2;3;3;0;0;2;2;4;0;0;2;4;0
11024,2932930,7;0;2;6;0;1;2;6;0;2;3;6;0;1;3;6;0;2;2;6;0;2;3;4;6;0;1;2;4;0;6;0;2;1;4;0;0;2;2;4;0;1;2;4;0
11040,2932946,6;1;2;6;0;2;3;6;0;2;2;6;0;1;2;6;0;2;3;5;0;2;2;4;4;0;1;2;4;0;6;0;2;2;4;0;0;1;2;4;0;1;3;4;0
11056,2932962,6;0;2;6;0;2;3;6;0;1;4;6;0;1;4;6;0;2;2;6;0;1;2;4;6;0;2;3;4;0;6;0;3;3;4;0;0;2;3;4;0;2;2;4;0
11072,2932978,6;0;1;6;0;2;2;6;0;2;2;6;0;1;3;7;0;1;3;6;0;2;2;3;6;0;2;2;4;0;6;0;1;3;4;0;0;2;3;4;0;2;3;4;0
11088,2932994,6;0;2;6;0;2;3;6;0;1;3;7;0;2;3;6;0;2;3;6;0;1;3;4;6;0;1;2;4;0;6;0;2;2;4;0;0;3;2;4;0;1;1;4;0
11104,2933010,6;1;3;6;0;1;2;6;0;1;3;6;0;2;2;6;0;1;2;6;0;2;6;4;6;0;2;3;4;0;6;0;1;3;4;0;0;2;3;4;0;1;2;4;0
11120,2933026,6;0;1;7;0;1;3;6;0;2;2;8;0;1;2;6;0;1;2;6;0;1;0;4;6;0;1;2;4;0;6;0;2;1;4;0;0;2;3;4;0;2;2;4;0
11136,2933042,6;0;1;6;0;2;2;6;0;3;2;6;0;1;2;6;0;2;3;6;0;4;2;4;5;0;1;3;3;0;6;0;1;2;4;0;0;1;2;4;0;1;2;4;0
11152,2933058,6;0;2;6;0;3;2;6;0;2;3;6;0;2;3;6;0;2;3;6;0;2;3;4;7;0;2;2;4;0;7;0;1;2;4;0;2;2;2;4;0;2;2;4;0
11168,2933074,5;0;2;6;0;2;9;4;0;4;2;6;0;1;2;6;0;1;4;6;0;2;3;4;6;1;1;2;4;0;6;0;1;2;4;0;0;2;2;4;0;2;2;4;0
11184,2933090,7;0;1;6;0;2;2;6;0;3;3;6;0;1;3;6;0;1;2;6;0;2;3;4;7;0;1;3;4;0;6;0;1;1;4;0;0;1;2;4;0;2;2;4;0
11200,2933106,6;0;2;6;0;2;2;6;0;1;2;7;0;7;2;6;0;1;8;6;0;2;3;4;6;0;1;3;4;0;7;0;1;2;4;0;0;1;2;4;0;3;2;4;0
11216,2933122,6;0;1;6;0;3;3;4;0;1;2;6;0;1;2;7;3;2;3;6;0;1;3;4;6;0;1;2;4;0;6;0;1;3;2;0;0;1;2;4;0;2;3;4;0
11232,2933138,6;0;2;6;0;2;3;6;0;1;3;6;0;1;2;6;0;1;2;7;1;2;2;4;6;0;2;3;4;0;6;0;2;2;4;0;0;2;3;4;0;1;2;4;0
11248,2933154,6;0;2;6;0;1;3;6;0;1;2;6;0;2;2;6;0;1;2;6;0;1;3;4;7;0;2;2;4;0;6;0;2;2;4;0;0;3;4;4;0;1;3;4;0
11264,2933170,6;0;2;6;0;2;3;6;0;2;2;7;3;2;3;6;0;1;3;6;0;1;3;3;6;0;1;2;4;0;10;0;2;2;4;0;0;1;3;4;0;2;2;4;0
11280,2933186,6;0;2;6;0;2;3;6;0;2;3;6;0;2;2;7;0;1;0;6;0;2;2;4;6;0;3;2;4;0;7;0;1;3;4;0;0;3;3;4;0;2;2;4;0
11296,2933202,6;0;2;6;0;1;3;6;0;1;3;8;0;2;2;6;0;1;2;6;0;2;2;4;6;0;2;3;4;0;6;0;1;2;4;0;0;2;2;4;0;1;3;4;0
11312,2933218,7;0;1;7;0;1;3;7;0;1;3;7;0;3;2;6;0;2;2;6;0;1;0;4;6;0;1;2;4;0;6;0;1;2;4;0;0;1;3;11;0;1;3;4;0
11328,2933234,6;0;2;8;0;1;2;6;0;2;2;6;0;1;2;6;0;2;2;6;0;2;2;4;6;0;1;2;4;0;6;0;2;3;4;0;0;1;2;4;0;2;3;4;0
11344,2933250,6;0;2;6;0;2;0;6;0;1;3;6;0;1;3;7;0;2;3;6;0;2;3;4;6;0;1;3;4;0;6;0;1;2;4;0;0;1;2;4;1;2;2;4;0
11360,2933266,7;0;2;7;0;3;3;7;0;2;3;6;0;2;2;6;0;2;2;6;0;2;2;4;6;0;1;2;4;0;6;0;1;1;4;0;0;1;2;3;0;1;3;4;0
11376,2933282,6;0;2;6;0;2;2;6;0;2;2;7;0;2;3;6;0;2;2;6;0;1;3;4;6;0;1;2;4;0;6;0;1;2;4;0;0;1;2;4;0;1;2;4;0
11392,2933298,6;0;2;6;0;2;3;6;0;10;3;6;0;2;2;6;0;2;3;6;0;1;2;4;6;0;2;3;4;0;6;0;2;2;4;0;0;1;2;4;0;1;2;4;0
11408,2933314,6;0;1;6;0;1;3;6;0;1;2;6;0;1;3;6;0;2;2;6;0;3;3;3;7;0;1;3;4;0;6;0;1;2;4;0;1;1;2;4;0;2;2;4;0
11424,2933330,6;0;2;7;0;2;2;6;0;2;3;6;0;2;2;6;0;2;2;6;0;2;3;4;6;0;2;3;4;0;6;0;1;2;4;0;0;2;2;4;0;1;2;4;0
11440,2933346,7;0;2;6;0;1;2;6;0;2;3;6;0;2;2;10;0;2;2;6;0;2;2;4;6;0;2;2;4;0;6;0;2;3;4;0;0;2;3;4;0;1;2;4;0
11456,2933362,6;0;1;6;0;2;3;6;0;2;2;6;0;2;2;6;0;2;2;6;2;1;3;4;6;0;2;3;4;0;6;0;2;2;4;0;0;2;2;4;0;1;3;4;0
11472,2933378,7;0;3;6;0;1;2;6;0;3;2;6;0;2;1;7;0;2;3;6;0;1;2;4;7;0;2;2;4;0;6;0;2;2;4;0;0;1;2;4;0;2;2;4;0
11488,2933394,6;0;2;6;0;1;2;6;0;2;2;4;0;2;3;7;0;2;1;5;0;1;2;4;6;0;2;2;4;0;6;0;2;2;4;0;0;2;2;3;0;2;2;4;0
11504,2933410,6;1;2;6;0;1;3;6;0;2;2;6;0;2;3;6;0;2;2;6;0;1;1;4;6;1;3;2;4;1;6;0;1;2;4;0;0;1;3;4;0;2;3;4;0
11520,2933426,7;0;2;6;0;2;3;6;0;2;3;6;0;2;3;6;0;3;2;6;0;2;2;4;6;0;1;3;4;0;6;0;2;2;4;0;0;2;1;4;0;2;3;4;0
11536,2933442,6;0;2;5;0;1;3;7;0;2;2;7;0;2;2;6;0;2;2;2;0;1;3;4;6;0;1;2;4;0;6;0;2;3;4;0;0;2;3;4;0;1;2;4;0
11552,2933458,7;0;1;7;0;1;2;6;0;2;3;6;0;2;3;6;1;1;2;6;0;1;3;4;6;0;2;3;4;0;6;0;0;3;4;0;0;2;2;4;0;1;3;4;0
11568,2933474,6;0;2;6;0;2;3;6;0;2;3;7;0;3;2;6;0;2;2;6;0;1;2;4;6;0;2;3;4;0;6;0;1;3;4;0;0;2;3;4;0;2;2;4;0
11584,2933490,6;0;1;7;0;3;2;7;0;1;3;6;0;1;1;8;0;2;2;6;0;1;2;4;6;0;2;3;4;0;6;0;1;2;4;0;0;2;3;4;0;1;2;4;0
11600,2933506,6;0;2;6;0;1;3;6;0;2;2;7;0;2;3;6;0;2;2;6;0;2;2;4;6;0;1;2;4;0;6;0;1;3;4;0;0;2;3;4;0;1;2;4;0
11616,2933522,7;0;1;6;0;2;3;6;0;1;2;6;0;1;2;5;0;1;2;6;0;1;2;4;6;0;2;2;4;0;6;0;2;2;4;0;0;2;3;4;0;2;6;4;0
11632,2933538,6;0;2;8;0;2;2;6;0;1;3;6;0;1;2;6;0;2;3;6;0;1;2;4;6;0;1;2;4;1;6;0;1;3;4;0;0;1;2;4;0;2;3;4;0
11648,2933554,6;0;2;6;0;3;2;6;0;2;3;6;0;2;3;7;0;3;3;6;0;2;2;4;6;0;1;3;4;0;6;0;2;2;4;0;0;1;3;4;0;1;3;4;0
11664,2933570,8;0;2;6;0;1;2;6;0;1;2;6;0;1;2;6;0;3;2;7;0;1;2;4;6;0;0;2;4;0;6;0;2;2;4;0;0;2;2;4;0;1;3;4;0
11680,2933586,7;0;2;6;0;1;3;6;0;1;2;7;0;1;3;6;0;1;3;6;0;2;3;4;6;0;1;3;3;0;6;0;2;2;4;0;0;3;2;4;0;1;3;4;0
11696,2933602,6;0;2;6;0;2;3;6;0;2;3;7;0;1;3;6;0;2;2;6;0;1;1;4;6;0;0;2;4;0;5;0;3;3;3;0;0;1;3;4;0;2;2;4;0
11712,2933618,6;0;2;6;0;2;2;7;0;3;2;6;0;2;3;6;0;2;2;6;0;2;3;4;6;0;2;3;4;0;6;0;2;2;4;0;0;1;3;4;0;2;2;11;0
11728,2933634,6;0;1;7;0;1;2;6;0;1;2;6;0;2;2;6;0;2;3;6;0;1;3;4;6;0;2;3;4;0;6;0;1;2;4;0;0;2;3;4;0;2;3;4;0
11744,2933650,7;0;1;6;0;2;4;6;0;2;2;6;0;1;3;6;0;2;3;7;0;1;2;4;6;0;2;2;4;0;6;0;2;1;4;0;1;1;2;4;0;1;2;4;0
11760,2933666,7;0;2;6;0;2;3;6;0;2;2;6;0;2;2;6;0;1;3;6;0;2;3;4;6;0;2;3;4;0;7;0;1;3;4;0;0;1;1;4;1;1;3;4;0
11776,2933682,7;0;1;6;0;2;3;6;0;2;2;6;0;1;2;7;0;2;2;6;0;1;3;4;6;0;2;2;4;0;6;0;2;3;4;0;0;2;2;4;0;1;2;4;0
11792,2933698,5;0;2;6;0;2;2;6;0;0;3;6;0;1;2;7;0;2;2;6;0;1;3;4;6;0;2;3;4;0;6;0;2;3;4;0;0;2;3;4;0;2;2;4;0
11808,2933714,6;0;2;6;0;2;2;6;0;2;3;6;0;3;3;6;0;3;3;7;0;1;2;4;6;0;2;2;4;0;6;0;2;3;4;1;0;2;3;4;0;1;2;4;0
11824,2933730,6;0;1;6;0;2;3;7;0;1;3;7;0;1;3;7;0;1;2;6;0;1;2;4;6;0;3;3;4;0;6;0;2;2;4;0;0;2;3;5;0;2;3;4;0
11840,2933746,7;0;2;6;0;1;2;6;0;1;3;7;0;2;2;6;0;2;3;6;0;1;2;4;7;0;2;3;4;3;6;0;1;3;4;0;0;2;2;4;0;1;2;4;0
11856,2933762,7;0;3;7;0;2;3;6;0;2;3;6;0;2;1;6;1;2;2;6;0;1;2;4;6;0;2;2;4;0;7;0;2;3;4;0;0;1;2;4;0;2;2;5;0
11872,2933778,6;0;2;5;0;1;2;6;0;1;2;6;0;2;2;6;0;1;3;6;0;1;3;4;6;0;2;3;4;0;6;0;2;2;4;1;0;2;2;4;0;2;2;4;0
11888,2933794,6;0;2;6;0;2;2;6;0;1;2;7;0;2;2;6;0;2;2;6;0;2;1;4;6;0;3;3;4;0;6;0;2;1;4;0;0;2;3;4;0;2;2;4;0
11904,2933810,6;0;2;6;0;2;2;7;0;2;3;6;0;2;2;6;0;2;3;6;0;2;2;4;6;0;1;3;4;0;6;0;2;3;4;0;0;2;2;4;0;1;3;4;0
11920,2933826,6;0;2;6;0;1;2;6;0;2;3;6;0;2;2;6;0;1;2;6;0;2;4;4;6;0;2;2;4;0;6;0;2;3;4;0;0;2;4;4;0;1;2;4;0
11936,2933842,6;0;2;6;0;3;3;6;0;3;3;7;0;1;3;6;0;1;3;6;0;2;2;4;6;0;2;2;4;0;6;0;2;3;4;0;0;1;2;4;0;1;3;4;0
11952,2933858,6;0;2;7;0;1;2;6;0;2;3;6;0;2;3;6;0;2;3;6;0;2;2;4;5;0;2;2;4;0;6;0;2;2;4;0;0;2;3;4;0;2;3;4;0
11968,2933874,6;0;3;6;0;2;2;7;0;2;2;6;0;1;2;6;0;1;2;6;0;3;3;4;6;0;1;3;4;0;6;0;2;2;4;0;0;1;3;4;0;1;2;4;0
11984,2933890,6;0;1;7;0;2;2;6;0;1;3;6;0;2;3;6;0;2;3;6;0;2;3;4;6;0;1;3;4;0;7;0;1;3;4;0;0;2;2;4;0;1;3;4;0
12000,2933906,6;0;2;6;0;2;2;6;0;2;3;6;0;2;7;6;0;2;2;5;0;2;2;4;4;0;1;3;4;0;6;0;1;2;6;0;0;1;3;4;0;1;3;4;0
12016,2933922,6;0;1;6;0;2;2;6;0;2;2;6;0;1;4;6;0;2;3;6;0;1;3;4;6;0;1;2;4;0;6;0;1;4;4;0;0;2;2;3;0;2;2;4;0
12032,2933938,6;0;3;6;0;3;3;6;0;2;0;6;0;1;2;6;0;2;2;7;0;2;3;4;8;0;1;3;4;0;6;0;2;3;4;0;0;1;3;4;0;1;2;4;0
12048,2933954,3;0;1;6;0;1;3;6;0;2;4;6;0;3;3;6;0;2;3;6;0;2;3;4;6;0;2;2;4;0;6;0;1;3;4;0;0;1;2;4;1;2;3;4;0
12064,2933970,6;0;1;6;1;1;3;6;0;1;2;6;0;1;2;6;0;1;3;6;0;2;2;4;6;0;2;2;4;0;6;0;2;2;4;0;0;2;2;4;0;2;3;4;0
12080,2933986,6;0;2;6;0;1;3;6;0;4;3;6;0;2;2;6;0;2;2;6;0;2;2;0;6;0;1;2;4;0;6;0;2;3;4;0;0;2;3;4;0;0;3;4;0
12096,2934002,6;0;2;6;0;1;2;6;3;1;2;7;0;2;4;6;0;1;3;6;0;2;3;4;6;0;2;3;4;0;6;0;2;3;4;0;0;2;2;4;0;2;2;4;0
12112,2934018,7;0;1;6;0;2;3;7;0;1;2;6;0;2;2;6;0;1;3;6;0;1;2;4;6;0;1;3;4;0;6;0;2;2;3;0;0;2;3;4;0;1;2;4;0
12128,2934034,6;0;1;6;0;2;2;6;0;1;3;6;0;2;4;6;0;1;3;6;0;1;2;4;6;0;2;3;4;0;6;0;3;2;5;0;0;2;3;4;0;1;3;4;0
12144,2934050,6;0;2;6;0;1;2;6;4;2;3;6;0;1;2;6;0;2;3;6;0;2;2;4;5;0;2;3;4;0;6;1;1;3;4;0;0;1;2;4;0;2;3;4;0
12160,2934066,7;0;2;7;0;2;4;6;0;2;2;6;0;1;2;7;0;3;2;7;0;1;2;4;6;0;1;2;4;0;7;0;2;2;2;0;0;2;3;4;0;2;2;4;0
12176,2934082,6;0;2;6;0;1;3;6;0;2;2;6;0;2;3;6;0;2;3;6;0;1;2;3;6;0;1;3;4;0;6;0;2;2;4;0;0;1;3;4;0;1;2;4;0
12192,2934098,7;0;2;6;0;2;2;6;0;1;3;6;0;3;2;6;0;1;3;6;0;2;3;4;6;0;2;2;4;0;7;0;1;2;4;0;0;2;2;4;0;0;3;4;0
12208,2934114,6;0;1;6;0;1;2;6;0;1;3;6;0;1;3;6;0;1;2;6;0;2;3;4;6;0;1;2;8;0;6;0;1;2;4;0;0;2;2;5;0;2;2;4;0
12224,2934130,7;0;1;6;0;3;2;6;0;2;3;6;0;1;2;6;0;1;3;6;0;2;3;4;6;0;2;2;4;0;6;0;2;3;4;0;0;2;3;4;0;2;0;5;0
12240,2934146,7;0;2;6;0;2;2;6;0;2;1;6;0;2;3;6;0;2;2;6;0;1;3;4;7;0;1;3;4;0;6;0;2;3;4;0;0;2;3;4;0;1;2;4;0
12256,2934162,5;0;2;6;0;2;3;4;0;2;2;6;0;2;2;6;0;1;4;6;0;1;2;4;7;0;2;2;4;1;6;0;1;3;4;0;0;2;2;4;0;2;2;4;0
12272,2934178,7;0;0;6;0;2;4;8;0;2;2;6;0;1;2;6;0;1;3;6;0;2;3;4;7;0;1;2;4;0;6;0;1;2;4;0;0;1;2;4;0;1;2;4;0
12288,2934194,6;0;2;6;0;2;2;6;0;1;2;6;0;1;2;6;0;3;2;6;0;1;3;4;6;0;1;2;4;0;7;0;1;2;4;0;0;1;2;4;0;1;3;4;0
12304,2934210,7;0;1;6;0;2;2;6;0;1;2;6;0;2;3;7;0;2;2;6;0;2;2;4;6;0;2;2;4;0;6;0;2;2;4;0;0;1;2;4;0;2;3;4;0
12320,2934226,5;0;2;6;0;2;3;6;0;1;2;6;0;2;1;6;0;2;3;6;0;1;2;4;7;0;2;3;4;0;7;0;2;3;4;0;0;2;3;4;0;2;2;3;0
12336,2934242,7;0;2;6;0;2;3;5;1;1;3;7;0;2;3;6;0;1;3;7;0;2;2;4;6;0;1;2;4;0;6;0;2;3;4;0;0;2;2;4;0;2;2;4;0
12352,2934258,6;0;2;6;0;2;3;6;0;1;2;6;0;1;2;6;0;1;3;7;0;2;2;4;6;0;1;3;4;0;7;0;1;3;4;0;0;1;3;3;0;2;3;4;0
12368,2934274,6;0;2;6;0;1;3;6;0;1;2;6;0;2;2;6;0;1;3;6;0;2;3;4;6;0;2;3;4;0;6;0;1;2;4;0;0;2;2;4;0;4;2;4;0
12384,2934290,7;0;2;6;0;2;3;6;0;1;2;6;0;2;3;6;0;1;2;6;0;1;2;4;6;0;2;3;4;0;8;0;2;3;4;0;0;1;1;4;0;2;3;4;0
12400,2934306,7;0;2;6;0;2;3;6;0;2;3;6;0;2;3;6;0;2;3;6;0;1;2;4;6;0;3;3;4;1;6;0;1;3;3;0;0;2;2;4;0;1;2;4;0
12416,2934322,6;0;1;6;0;2;3;6;0;3;2;6;0;2;3;6;0;2;3;6;0;1;3;4;6;0;2;2;3;0;7;0;0;2;4;0;0;1;3;4;0;1;3;4;0
12432,2934338,6;0;1;6;0;2;2;2;0;2;3;6;0;2;3;6;0;2;2;6;0;2;2;4;6;0;1;2;4;0;6;0;2;1;4;0;0;2;2;4;0;1;3;4;0
12448,2934354,6;0;1;6;0;1;2;6;0;2;3;6;0;2;2;6;0;2;3;6;0;1;4;4;6;0;1;2;4;0;6;0;1;3;4;0;0;2;3;4;0;1;3;4;0
12464,2934370,6;0;1;7;0;1;2;6;0;2;2;6;0;1;3;6;0;2;2;6;0;2;3;4;6;0;1;3;3;0;6;0;1;3;4;0;0;1;2;5;0;2;4;4;0
12480,2934386,8;0;2;7;0;2;3;6;0;1;2;6;0;1;3;6;0;3;2;6;0;2;3;4;6;0;2;3;4;0;6;0;2;2;4;0;0;2;2;4;0;1;2;4;0
12496,2934402,6;0;2;6;0;2;2;6;0;1;3;7;0;2;3;6;0;2;3;6;0;3;3;4;7;0;2;3;4;0;6;0;1;3;4;0;0;2;3;4;0;2;2;4;0
12512,2934418,7;0;2;6;0;1;3;7;0;2;3;7;0;1;2;6;0;2;3;6;0;2;3;4;7;0;2;2;4;0;6;0;2;2;4;0;0;2;3;4;0;1;2;4;1
12528,2934434,6;0;2;6;0;2;3;6;0;2;2;6;0;1;3;6;0;1;2;6;0;1;3;4;6;1;1;3;4;0;6;0;1;3;4;0;0;2;3;4;0;1;2;4;0
12544,2934450,6;0;2;6;0;2;2;6;0;2;2;6;0;2;3;6;1;1;3;6;0;2;2;4;6;0;3;3;3;0;6;0;2;2;4;0;0;1;2;3;0;2;3;4;0
12560,2934466,6;0;2;7;0;2;2;6;0;1;2;6;0;2;2;7;0;2;2;6;0;2;2;4;6;0;2;2;4;0;6;0;1;3;3;0;0;3;3;4;0;2;3;4;0
12576,2934482,7;0;2;6;0;2;3;6;0;2;2;5;0;2;3;6;0;1;3;6;0;1;3;5;7;0;2;3;4;0;6;0;1;2;4;0;0;2;2;4;0;1;2;4;0
12592,2934498,4;0;2;6;0;1;3;6;0;1;2;6;0;1;2;6;0;1;2;6;0;1;3;4;6;0;1;2;4;0;6;0;2;3;5;0;0;2;2;4;0;2;2;4;0
12608,2934514,8;0;2;6;0;1;2;6;0;1;2;6;0;2;2;7;0;1;2;6;0;1;2;4;6;0;3;0;4;0;6;0;1;2;4;0;0;1;2;4;0;1;2;4;0
12624,2934530,6;0;1;6;0;2;2;6;0;1;3;6;0;1;2;6;0;1;3;6;0;1;2;4;6;0;2;2;4;0;6;0;1;3;4;0;0;1;2;4;0;2;3;4;0
12640,2934546,7;0;2;7;0;2;2;6;0;2;2;6;0;1;2;6;1;1;3;5;0;3;2;4;6;0;3;2;4;0;6;0;1;2;3;0;0;3;3;4;0;2;3;4;0
12656,2934562,7;0;2;6;0;1;3;6;0;2;2;6;0;2;3;7;0;2;3;8;0;2;3;4;6;0;2;2;4;0;4;0;1;4;4;0;0;1;3;4;0;4;2;4;0
12672,2934578,7;0;2;6;0;2;3;7;0;1;2;6;0;2;2;6;0;1;2;6;0;2;3;4;6;0;1;3;4;0;6;0;2;3;4;0;0;1;2;4;0;1;2;4;0
12688,2934594,6;0;2;6;0;1;2;6;0;2;2;6;0;2;2;6;0;2;3;6;0;2;2;4;6;0;2;2;4;0;7;0;2;3;4;0;0;2;2;4;0;1;2;4;0
12704,2934610,7;1;2;6;0;2;3;7;0;2;3;6;0;2;2;6;0;2;2;6;0;2;2;4;6;0;1;2;4;0;6;0;1;3;4;0;0;2;3;4;0;1;3;4;0
12720,2934626,8;0;2;6;0;2;2;6;0;1;2;6;0;1;3;6;0;2;2;6;0;1;2;4;6;0;2;2;4;0;6;0;2;2;4;0;0;1;3;3;0;1;3;4;0
12736,2934642,7;0;1;6;0;1;3;6;4;2;2;6;0;1;3;6;0;1;3;7;0;2;2;4;6;0;1;3;4;0;6;0;2;0;4;0;0;0;3;4;0;1;2;4;0
12752,2934658,7;0;3;7;0;1;3;6;0;1;3;6;0;1;3;6;0;2;2;6;0;1;2;4;7;0;4;3;4;0;6;0;1;2;4;0;0;2;3;4;0;2;2;4;0
12768,2934674,6;0;2;6;0;2;2;6;0;2;2;6;0;2;2;6;0;1;2;6;0;3;4;4;6;0;2;2;4;0;6;0;1;3;4;0;0;1;3;4;0;1;3;4;0
12784,2934690,6;0;4;5;0;2;2;6;0;2;2;6;1;2;2;6;0;2;2;6;0;1;2;4;6;0;1;2;4;0;6;0;2;3;4;0;0;2;2;4;0;2;2;4;0
12800,2934706,6;0;3;6;0;2;3;6;2;2;2;7;0;2;2;6;0;1;3;6;0;2;2;4;5;0;2;2;4;0;7;0;2;1;4;0;1;1;3;4;0;2;3;4;0
12816,2934722,6;0;2;6;0;2;3;6;0;3;3;6;0;2;2;6;0;2;2;6;0;1;3;4;6;0;2;2;4;0;6;0;2;2;4;0;0;1;4;4;0;1;3;4;0
12832,2934738,6;0;1;6;1;1;3;6;0;4;3;6;0;2;1;6;0;3;1;6;0;2;2;4;6;0;1;2;4;0;6;0;2;2;4;0;0;1;3;4;0;2;2;4;0
12848,2934754,6;0;1;6;0;1;4;6;0;2;3;6;0;2;1;6;0;1;2;6;0;2;3;4;6;0;3;3;4;0;6;0;3;2;4;0;0;2;2;4;0;1;2;4;0
12864,2934770,6;0;2;6;0;2;2;6;0;2;2;6;0;3;2;6;0;1;3;6;0;1;2;4;6;0;2;3;4;0;6;0;2;2;4;0;0;1;3;4;0;1;2;4;0
12880,2934786,6;0;1;7;0;2;3;6;1;1;2;6;0;1;4;6;0;2;2;6;0;2;2;4;6;0;1;2;4;0;5;0;1;2;4;0;0;1;3;6;0;1;2;4;0
12896,2934802,7;0;2;6;0;2;2;6;0;2;3;6;0;2;3;6;0;2;3;6;0;2;2;4;6;1;1;0;4;0;6;0;2;4;4;0;0;2;3;4;0;2;2;4;0
12912,2934818,6;0;1;6;0;2;2;6;0;1;3;6;0;2;2;6;0;2;2;6;0;2;3;4;6;0;1;3;4;0;6;0;2;3;4;0;0;3;3;4;0;2;2;3;0
12928,2934834,7;0;2;6;0;1;3;6;0;2;3;6;0;1;3;6;0;2;3;6;0;2;3;4;6;0;2;2;4;0;6;0;3;3;4;0;1;2;3;3;0;3;2;4;0
12944,2934850,7;0;2;8;0;2;3;6;0;1;3;6;0;2;3;6;0;2;0;6;0;1;3;4;6;0;2;2;4;0;6;0;1;3;4;0;0;2;3;4;0;2;2;4;0
12960,2934866,6;0;2;6;0;1;2;6;0;2;2;6;0;2;3;6;0;2;2;7;0;2;3;4;6;0;2;2;3;0;6;0;1;2;4;0;0;2;3;3;0;2;2;4;0
12976,2934882,6;0;2;6;0;1;3;7;0;2;3;6;0;1;3;6;0;2;3;6;0;2;2;3;6;0;2;3;4;0;6;0;2;1;3;0;0;2;3;4;0;1;3;4;0
12992,2934898,6;0;2;6;2;2;3;6;0;2;2;6;0;2;3;6;0;2;2;6;0;2;3;4;6;0;2;3;4;0;6;4;1;2;3;0;0;1;3;4;0;2;3;4;0
13008,2934914,6;0;2;6;0;1;3;6;0;2;2;6;0;1;3;6;0;3;2;6;0;1;3;3;6;0;1;2;4;0;6;0;2;3;4;0;0;1;3;8;0;2;2;4;0
13024,2934930,6;0;1;6;0;2;3;8;0;2;2;7;0;2;3;5;0;2;2;6;0;1;2;4;6;0;1;2;4;0;6;0;2;3;4;0;0;1;3;4;0;1;3;4;0
13040,2934946,7;0;2;7;0;1;2;9;0;2;2;6;0;2;1;6;0;1;2;6;0;1;3;4;6;0;2;3;4;0;6;0;1;2;4;0;0;1;2;4;0;1;3;4;0
13056,2934962,6;0;2;6;0;1;2;6;0;1;0;6;0;2;2;7;0;1;3;6;0;1;2;4;6;0;2;3;4;0;6;0;2;2;4;0;0;2;2;4;0;1;2;4;0
13072,2934978,5;0;2;6;0;2;3;6;0;2;2;6;0;9;3;6;0;2;3;5;0;2;3;4;6;0;2;3;4;0;6;0;2;2;4;0;0;2;3;4;0;2;2;4;0
13088,2934994,7;0;2;6;0;2;2;6;0;1;2;6;0;2;3;6;1;2;2;6;0;1;3;4;7;0;2;3;4;0;6;0;1;3;4;0;0;3;3;4;0;2;2;4;0
13104,2935010,6;1;2;6;0;1;2;6;0;1;2;6;0;1;3;6;0;2;1;6;0;1;2;3;6;0;1;3;4;0;6;0;2;2;4;0;0;1;2;4;0;2;3;4;0
13120,2935026,6;0;2;6;0;1;3;6;0;2;2;6;0;1;3;6;0;3;3;6;0;2;2;4;7;3;2;3;4;0;6;0;2;3;4;1;0;1;3;4;0;1;3;4;0
13136,2935042,7;0;2;6;0;1;3;6;0;2;2;6;0;2;1;5;0;1;1;6;0;2;2;5;6;0;2;2;4;0;6;4;2;2;4;0;0;2;3;4;0;2;3;4;0
13152,2935058,6;0;2;6;0;2;3;6;0;2;3;6;0;1;3;6;0;1;3;6;0;1;2;4;7;0;1;3;4;0;6;0;1;2;4;5;0;1;2;4;0;1;5;4;0
13168,2935074,6;0;2;6;0;2;3;6;0;2;2;6;0;1;3;6;0;2;3;6;0;2;2;4;6;0;2;2;3;0;6;0;1;4;2;0;0;2;2;4;0;3;1;4;0
13184,2935090,6;0;2;6;1;1;2;6;0;0;3;6;0;1;3;6;0;2;2;6;0;2;3;4;6;0;2;3;3;1;6;0;2;2;4;0;0;2;3;4;0;1;2;4;0
13200,2935106,6;0;1;6;0;1;4;6;0;1;2;6;0;2;3;6;0;1;3;6;0;2;3;4;2;0;2;3;4;0;6;0;1;2;4;0;0;1;3;4;0;2;2;4;0
13216,2935122,6;0;2;6;0;2;3;6;0;2;2;6;0;2;3;6;0;2;2;6;0;2;2;4;7;0;2;2;4;0;6;0;1;1;4;0;0;2;2;4;0;1;1;4;0
13232,2935138,6;0;2;7;0;2;3;6;0;2;3;6;0;2;3;6;0;2;2;6;0;1;2;4;6;0;2;2;4;0;6;0;2;3;4;0;0;1;2;4;0;2;3;4;0
13248,2935154,7;0;1;6;0;1;2;6;0;2;3;6;0;1;2;6;0;1;2;6;0;1;2;4;6;0;2;3;4;0;6;0;1;2;4;0;0;2;3;4;0;1;3;4;0
13264,2935170,6;0;2;6;0;2;3;6;0;2;3;6;1;2;3;6;0;2;3;6;0;3;2;4;6;0;1;2;3;0;6;0;2;2;4;0;0;2;3;4;0;2;2;4;0
13280,2935186,7;0;2;6;0;0;2;6;0;2;2;6;0;2;2;6;0;2;2;6;0;1;3;4;6;0;2;3;3;0;6;0;2;2;4;0;1;2;2;4;0;1;2;4;0
13296,2935202,6;0;1;6;0;2;2;6;0;2;3;6;0;1;2;6;0;1;2;6;0;1;2;4;7;0;2;3;4;0;6;0;1;2;4;0;0;2;2;4;0;2;3;3;0
13312,2935218,6;0;2;6;0;1;3;6;0;1;3;6;2;1;2;6;0;2;2;7;0;2;3;4;6;3;2;3;4;0;7;0;1;3;4;0;0;2;2;4;0;1;2;4;0
13328,2935234,7;0;2;6;0;2;3;6;0;2;2;6;0;1;3;7;0;1;3;6;0;1;3;4;6;0;1;3;4;0;6;0;3;3;4;0;0;1;3;4;0;2;2;4;1
13344,2935250,7;0;2;6;0;2;3;7;0;1;2;6;0;2;3;6;0;2;2;7;0;1;3;4;4;0;1;3;4;0;6;0;1;2;4;0;0;1;2;2;0;1;2;4;0
13360,2935266,7;0;3;6;0;2;2;6;0;2;3;6;0;0;3;6;4;1;2;6;4;3;2;3;6;1;1;2;4;0;6;0;3;3;4;0;0;2;2;4;0;2;2;4;0
13376,2935282,7;0;2;6;0;1;2;6;0;1;3;6;0;3;2;6;0;2;2;7;3;2;2;4;6;0;2;3;4;0;6;0;1;2;4;0;0;2;3;3;0;1;3;4;0
13392,2935298,7;0;2;6;0;1;2;6;0;2;2;7;0;1;3;6;0;2;2;3;0;2;2;4;6;0;3;2;4;0;6;0;2;3;4;0;0;2;3;4;0;1;2;4;0
13408,2935314,6;0;1;6;0;2;3;7;0;2;2;6;0;1;2;6;0;2;3;6;0;1;3;4;6;0;1;3;4;0;6;1;2;3;4;0;0;1;2;4;0;1;3;4;0
13424,2935330,6;0;2;6;0;1;3;6;0;2;2;6;0;2;2;6;0;2;1;6;0;2;2;4;6;0;1;3;4;1;6;0;2;3;4;0;0;2;2;4;0;1;2;4;0
13440,2935346,7;0;2;7;0;2;2;6;0;2;3;6;0;2;2;6;0;2;2;6;0;3;2;4;4;0;1;2;4;0;6;0;1;2;4;0;0;2;2;4;0;1;2;4;0
13456,2935362,6;0;2;6;0;1;4;6;0;1;2;6;0;2;2;6;0;2;3;6;0;3;2;4;6;0;2;3;4;0;6;0;2;2;4;0;0;2;2;4;0;2;2;4;0
13472,2935378,7;0;2;6;0;2;3;6;0;2;3;6;0;2;3;7;0;1;2;7;0;1;2;3;6;0;1;2;4;0;6;0;1;3;4;0;0;2;3;4;0;2;3;4;0
13488,2935394,6;0;1;6;0;2;2;6;0;1;2;6;0;1;3;6;0;2;2;6;0;2;2;4;6;0;2;3;4;0;6;0;2;2;4;0;0;1;2;4;0;2;3;4;0
13504,2935410,6;0;2;5;0;1;3;6;0;1;2;6;0;1;2;6;0;1;3;6;0;2;0;4;6;0;2;3;4;0;6;0;2;3;4;0;0;3;3;4;0;1;2;4;0
13520,2935426,6;0;1;6;0;2;2;6;0;2;3;6;0;1;3;6;0;3;2;7;0;2;2;4;6;0;2;2;4;0;7;0;2;3;4;0;0;2;3;4;0;1;2;4;0
13536,2935442,6;0;2;6;0;2;3;6;0;2;2;6;0;2;3;6;0;2;3;6;0;1;2;4;6;0;2;3;4;0;6;0;1;3;4;0;0;2;3;4;0;1;3;4;0
13552,2935458,6;0;2;6;0;2;2;6;0;2;1;6;0;1;2;6;0;1;2;6;0;2;3;4;6;0;1;3;4;0;7;0;2;3;4;0;0;2;3;4;0;2;2;5;0
13568,2935474,6;0;1;8;0;1;3;6;0;2;3;6;0;2;2;6;0;1;2;6;0;3;3;4;7;0;1;2;4;1;6;0;2;2;4;1;1;1;4;4;0;4;3;4;0
13584,2935490,7;0;2;6;0;1;3;6;0;3;2;6;0;2;3;6;0;1;3;6;0;1;3;4;6;0;1;2;4;0;6;0;1;2;4;0;0;2;3;4;0;2;2;3;0
13600,2935506,6;0;2;6;0;3;2;6;0;1;3;6;0;1;2;6;0;1;3;6;0;2;2;4;6;0;2;2;4;0;6;0;2;3;4;0;0;1;2;4;0;2;2;4;0
13616,2935522,6;0;2;6;0;2;3;6;0;2;3;6;0;2;1;6;0;2;2;6;0;2;2;4;6;0;2;3;4;0;6;0;4;3;4;0;0;1;2;4;0;1;3;4;0
13632,2935538,6;0;2;6;0;1;2;6;0;2;2;6;0;1;3;6;0;2;3;6;0;2;2;4;6;0;1;3;11;0;6;0;3;2;4;0;0;2;3;4;0;2;2;4;0
13648,2935554,7;0;2;6;0;1;3;7;0;2;3;7;0;2;2;6;0;3;2;6;0;1;3;4;6;0;1;1;4;0;7;0;1;2;3;0;0;1;3;4;0;2;6;4;0
13664,2935570,6;0;3;6;0;2;3;6;2;3;3;5;0;2;3;7;0;2;3;6;0;1;2;4;6;0;2;2;4;0;6;0;1;4;4;0;0;2;3;4;0;2;3;4;0
13680,2935586,6;0;1;8;0;2;3;6;0;2;3;6;0;1;2;6;0;1;3;7;0;1;3;4;6;0;2;4;4;0;5;0;3;2;4;0;0;1;2;4;0;1;3;5;0
13696,2935602,6;0;2;6;0;2;3;7;0;2;2;6;0;2;4;6;0;2;3;6;0;1;2;4;7;0;1;2;4;0;6;0;1;3;4;0;0;2;2;4;0;1;2;4;0
13712,2935618,7;0;2;6;0;2;3;6;0;2;3;6;0;1;2;6;0;1;2;6;0;1;2;4;7;0;2;2;4;0;6;0;1;3;4;0;0;2;4;4;0;1;2;4;0
13728,2935634,6;0;1;6;0;2;3;6;0;1;2;6;0;2;3;6;0;1;2;6;0;2;3;4;6;0;2;3;4;0;6;0;1;2;4;0;0;2;2;4;0;2;3;4;0
13744,2935650,7;0;2;6;0;2;2;6;0;1;2;6;0;2;2;6;0;1;2;7;0;1;2;4;6;0;2;3;4;0;6;0;1;2;4;0;0;1;2;4;0;2;2;4;0
13760,2935666,6;0;3;6;0;3;3;6;0;1;3;6;0;1;3;6;0;1;3;6;0;2;2;4;6;0;2;2;4;0;7;0;2;3;4;0;0;2;3;4;0;2;2;4;0
13776,2935682,6;0;2;7;0;2;2;6;0;3;2;6;0;2;2;6;0;2;2;6;0;2;3;4;6;0;1;2;4;0;6;0;2;2;4;0;0;1;3;4;0;1;2;4;0
13792,2935698,7;0;2;6;1;1;3;6;0;1;3;6;0;2;3;6;0;2;3;6;1;2;3;4;6;0;2;2;4;0;7;0;2;2;4;0;0;2;1;4;0;2;3;4;0
13808,2935714,6;0;2;6;0;1;3;6;0;1;3;6;0;1;3;5;0;2;2;6;0;2;2;4;6;0;1;2;4;0;5;0;1;2;4;0;0;2;2;4;0;2;4;3;0
13824,2935730,6;0;2;6;0;2;2;9;0;1;3;6;0;2;3;6;0;1;2;7;0;2;2;4;6;0;2;3;4;0;6;0;2;2;4;0;0;2;3;4;0;2;2;4;0
13840,2935746,6;0;2;6;0;2;3;6;0;2;3;6;0;2;1;6;0;3;2;6;1;1;2;4;6;0;1;2;4;0;6;0;1;2;4;0;0;2;3;4;0;2;2;4;0
13856,2935762,6;0;2;6;0;2;2;7;0;2;3;6;0;2;3;6;0;2;3;8;0;2;2;4;6;0;1;2;4;1;6;0;1;2;4;0;0;2;3;4;0;1;2;4;0
13872,2935778,6;0;2;7;0;2;3;6;0;1;2;6;0;1;2;6;0;2;3;6;0;2;2;3;7;0;1;3;4;0;6;0;2;2;4;0;0;2;3;4;0;2;3;4;0
13888,2935794,7;0;3;6;0;1;3;6;0;2;2;5;0;2;3;6;0;2;3;9;0;1;3;4;6;0;1;0;4;0;6;0;2;3;4;0;0;1;3;4;0;2;2;4;0
13904,2935810,7;0;2;6;0;1;3;6;0;1;3;6;0;2;2;6;0;2;2;6;0;1;3;4;6;0;1;2;4;0;6;0;2;3;4;0;0;2;4;4;0;2;2;4;0
13920,2935826,6;0;2;6;0;1;2;8;0;2;2;6;0;1;1;6;0;2;1;6;0;2;3;4;6;0;2;2;4;0;6;0;1;6;4;0;0;1;2;4;0;2;3;4;0
13936,2935842,6;0;2;6;0;1;3;7;0;1;2;6;0;1;3;6;0;1;2;7;0;2;1;4;6;0;1;2;4;0;6;1;2;3;4;0;0;3;3;4;0;2;1;4;0
13952,2935858,6;0;2;7;0;2;3;6;0;1;3;6;0;2;2;7;0;2;2;6;0;1;2;4;7;0;2;3;4;0;6;0;2;3;4;0;0;2;3;4;0;2;2;4;0
13968,2935874,6;0;2;6;0;2;3;6;0;3;3;6;0;2;3;7;0;2;2;6;0;1;3;4;7;0;2;2;3;0;6;0;1;2;3;0;0;2;3;4;0;2;2;4;0
13984,2935890,6;0;2;5;0;2;2;5;0;1;2;6;0;1;1;8;0;3;3;6;0;3;3;4;6;0;2;3;4;0;6;0;2;3;4;0;0;2;2;4;0;2;3;4;0
14000,2935906,6;0;0;6;0;1;2;6;0;1;2;6;0;2;2;6;0;1;3;6;0;2;3;4;7;0;1;3;4;0;6;0;2;2;4;0;0;2;3;4;0;2;2;4;0
14016,2935922,6;0;2;8;0;2;2;6;0;2;3;6;0;1;2;6;0;1;3;7;0;2;3;3;6;0;2;2;4;0;7;0;3;2;4;0;1;2;3;4;0;2;2;4;0
